StudentID,Attendance,AssignmentsCompleted,StudyHours,InternetHours,SleepHours,Age,PreviousGPA,Scholarship_Sí,Program_Administración,Program_Contador Auditor,Program_Ingeniería Civil,Program_Ingeniería Industrial,Program_Ingeniería Informática,FinalGrade
STU-10522,-0.1161555593626868,-0.7985387342860213,-0.20589390962671916,-0.3253012048192772,-0.4629629629629629,-0.2,0.38924132656313043,1.0,0.0,0.0,0.0,1.0,0.0,3.96
STU-10947,0.9713894123693666,-0.46330718813796073,-0.337917485265226,0.5518072289156624,-0.30864197530864196,8.4,1.0781873419872947,0.0,0.0,0.0,0.0,0.0,1.0,5.09
STU-11352,0.49511735480555036,0.35500161169012534,0.2231827111984283,0.15180722891566262,-0.19753086419753046,0.6,0.3686757738639021,0.0,0.0,1.0,0.0,0.0,0.0,4.37
STU-12298,-0.253212266575296,0.1388202428279785,1.376817288801572,0.016867469879517927,-0.5308641975308638,0.8,-0.6390363083983089,0.0,0.0,1.0,0.0,0.0,0.0,4.02
STU-13527,-1.0454000342641774,-1.011281830879983,-0.9021611001964639,-0.39518072289156636,-0.44444444444444425,-0.6,-0.8961057171386688,0.0,0.0,0.0,1.0,0.0,0.0,3.24
STU-11440,0.0,0.2617384764156007,0.2829076620825149,-0.14216867469879513,-0.8024691358024689,-0.4,1.0062079075399946,1.0,0.0,0.0,0.0,1.0,0.0,4.65
STU-11553,0.8076066472502985,0.5273450091329106,2.137524557956778,-0.672289156626506,0.6296296296296293,-0.2,1.3249739743780404,1.0,0.0,0.0,0.0,0.0,1.0,6.63
STU-13546,-1.5285249271886252,-0.11389276888363623,0.4306483300589392,0.8072289156626504,0.14814814814814828,0.4,0.8108351568973208,1.0,0.0,0.0,0.0,1.0,0.0,4.97
STU-14415,0.19016618125749468,0.14311808316321042,-0.6161100196463655,0.0,0.0,10.4,-0.9372368225371265,0.0,0.0,1.0,0.0,0.0,0.0,4.17
STU-11738,-0.6438238821312324,-1.5936391963038576,-1.2777996070726916,1.4987951807228916,0.7839506172839503,0.4,-0.26885635981219047,1.0,1.0,0.0,0.0,0.0,0.0,2.83
STU-11735,0.24430358060647478,-0.23079402600193424,-0.44793713163064836,-0.5132530120481928,0.8765432098765431,-1.0,-0.5567740976013937,0.0,0.0,0.0,0.0,0.0,1.0,4.32
STU-10686,-0.8309062874764442,-1.2734500913291074,-1.137917485265226,0.5084337349397589,1.9938271604938274,0.6,0.3275446684654445,0.0,0.0,0.0,0.0,0.0,1.0,3.11
STU-14277,-0.11821140997087602,0.0,0.6412573673870335,-1.0650602409638552,0.40123456790123474,1.8,-0.28942191251141974,0.0,0.0,1.0,0.0,0.0,0.0,3.73
STU-11715,-0.8425561075895162,0.12635650585580738,0.4117878192534383,-0.24578313253012057,-0.2716049382716046,1.4,0.358392997514287,0.0,0.0,0.0,1.0,0.0,0.0,4.24
STU-14530,-0.07366798012677862,0.01117438487160163,-0.16660117878192546,-0.708433734939759,-1.098765432098765,-0.6,0.5537657481569609,0.0,0.0,0.0,0.0,1.0,0.0,4.09
STU-14655,0.05585060818913712,-0.462877404104438,-0.7292730844793713,0.28433734939759026,0.06172839506172872,0.8,0.5126346427585032,0.0,0.0,0.0,0.0,1.0,0.0,4.62
STU-13555,0.0,-0.6098635435693563,-0.932023575638507,0.16867469879518074,0.0,0.6,-1.0503473623828843,0.0,0.0,0.0,1.0,0.0,0.0,3.05
STU-12994,-0.8076066472503005,-0.7456752981626736,-0.34734774066797636,0.7614457831325301,1.0246913580246915,-0.4,-0.6081879793494656,1.0,0.0,1.0,0.0,0.0,0.0,2.58
STU-10322,-0.4094569127976706,-0.21016439239282264,-0.03929273084479372,1.5277108433734938,0.09876543209876551,0.4,-0.1454630436168176,0.0,0.0,1.0,0.0,0.0,0.0,2.61
STU-10564,-0.37108103477813986,0.5273450091329106,0.7591355599214147,-0.8,-0.6913580246913575,1.2,0.1733030232212282,0.0,0.0,0.0,1.0,0.0,0.0,4.25
STU-13999,-0.9467192050710989,-0.8634361233480178,-0.3080550098231826,0.2963855421686746,0.26543209876543244,-1.0,1.088470118336909,0.0,1.0,0.0,0.0,0.0,0.0,4.52
STU-10173,0.5732396779167377,-0.5153110561942628,0.3316306483300589,0.34216867469879514,-0.1358024691358023,0.4,1.3249739743780404,0.0,1.0,0.0,0.0,0.0,0.0,4.76
STU-14145,0.9988007538118888,0.33179327387987534,2.052652259332024,0.7831325301204819,0.6975308641975313,0.2,1.1912978818330535,0.0,0.0,0.0,1.0,0.0,0.0,6.2
STU-13109,-0.3361315744389251,-0.018480713441495943,-0.47151277013752463,-0.3975903614457832,-0.21604938271604915,0.4,-0.33055301790987734,0.0,0.0,0.0,1.0,0.0,0.0,3.91
STU-12215,0.8960082234024319,0.5273450091329106,0.24833005893909632,-0.9469879518072288,-1.3024691358024687,-0.8,0.0807580360746988,1.0,0.0,0.0,1.0,0.0,0.0,4.99
STU-11673,-1.2496145280109654,-1.9787256903406043,-0.8581532416502948,0.8795180722891567,1.0493827160493834,0.4,-0.8755401644394396,0.0,0.0,0.0,0.0,1.0,0.0,2.57
STU-12193,0.29981154702758167,-0.6502632427205334,-0.46051080550098233,-0.17831325301204823,0.5555555555555557,-0.4,0.19386857592045748,0.0,0.0,0.0,0.0,1.0,0.0,4.32
STU-14617,-0.2422477299982875,0.5273450091329106,0.176031434184676,0.8843373493975902,-1.3518518518518514,0.2,0.11160636512354223,1.0,0.0,0.0,0.0,0.0,1.0,3.71
STU-10533,0.18125749528867444,0.0,0.1838899803536346,0.5951807228915663,-0.4012345679012342,-0.4,-0.8241262826913678,0.0,0.0,0.0,0.0,0.0,1.0,3.98
STU-14192,-0.6157272571526478,-1.3323305039217797,-0.7779960707269157,0.4746987951807228,1.2037037037037044,-0.2,-1.4513756400178461,0.0,0.0,0.0,0.0,1.0,0.0,2.52
STU-11985,-1.264005482268289,-0.6653056838938436,-1.7304518664047155,-0.42891566265060244,0.2407407407407411,-0.2,-0.7212985191952243,1.0,1.0,0.0,0.0,0.0,0.0,3.46
STU-13649,-0.39986294329278793,0.5273450091329106,0.8644400785854621,-1.0963855421686748,0.9320987654320986,0.4,1.0062079075399946,0.0,0.0,0.0,1.0,0.0,0.0,5.11
STU-14038,0.4615384615384605,0.5273450091329106,0.24990176817288803,0.4385542168674697,-0.4259259259259256,-0.8,-0.41281522870679255,1.0,0.0,0.0,0.0,1.0,0.0,4.29
STU-13059,-1.7841356861401412,-0.2707639411195873,0.1367387033398823,0.7951807228915659,0.024691358024691377,0.8,0.7491384987996348,1.0,1.0,0.0,0.0,0.0,0.0,3.58
STU-13506,0.0,0.12076931342000655,0.0,0.5012048192771084,0.6234567901234567,0.2,-0.42309800505640677,0.0,0.0,0.0,1.0,0.0,0.0,2.74
STU-11411,-0.5026554737022448,-1.2003868056301712,0.05186640471512772,0.8698795180722889,-1.7777777777777777,1.0,1.1707323291338243,0.0,1.0,0.0,0.0,0.0,0.0,4.03
STU-13000,0.3196847695734104,0.5273450091329106,0.7795677799607073,-0.47710843373493983,0.7283950617283949,-0.4,-0.07348360916951749,0.0,0.0,0.0,0.0,0.0,1.0,4.38
STU-10378,-0.573924961452802,0.0803696142688295,-0.4180746561886052,-0.7204819277108434,-0.8888888888888885,0.0,0.8314007095965491,0.0,0.0,1.0,0.0,0.0,0.0,3.89
STU-13326,0.1915367483296205,0.46545610830557643,0.6491159135559924,-0.2771084337349398,-0.4135802469135802,-1.0,0.7388557224500197,1.0,0.0,1.0,0.0,0.0,0.0,5.15
STU-11192,0.22991262634915124,-0.764156011604169,-1.5041257367387035,-0.8168674698795181,0.049382716049382755,1.0,-0.16602859631604688,0.0,0.0,0.0,0.0,1.0,0.0,3.69
STU-12137,-1.1365427445605625,-0.48780487804878087,-0.29233791748526516,1.5855421686746987,-1.098765432098765,1.0,0.4303724319615881,0.0,0.0,0.0,0.0,0.0,1.0,4.01
STU-10611,0.2689737879047444,0.5273450091329106,0.795284872298625,0.03373493975903606,-0.40740740740740694,-0.6,0.8416834859461642,1.0,0.0,0.0,1.0,0.0,0.0,5.26
STU-10420,0.15384615384615316,-0.5892339099602454,-0.8440078585461691,-0.4891566265060241,-0.3888888888888888,-0.2,-0.906388493488283,0.0,1.0,0.0,0.0,0.0,0.0,2.66
STU-11914,0.9988007538118888,0.5273450091329106,0.37092337917485263,-0.3975903614457832,-0.790123456790123,0.4,1.0164906838896088,0.0,0.0,0.0,0.0,0.0,1.0,5.1
STU-12156,-0.705499400376907,-0.25142365961104585,0.21689587426326146,-0.13253012048192767,0.10493827160493877,1.4,0.23499968131891508,1.0,0.0,0.0,0.0,0.0,1.0,4.04
STU-13582,0.28679115984238396,0.5273450091329106,0.8220039292730844,-0.616867469879518,-1.0246913580246908,0.0,0.0,1.0,0.0,0.0,1.0,0.0,0.0,4.6
STU-12642,0.09217063560047864,0.4082948318469969,0.2813359528487232,1.3614457831325302,1.1111111111111114,0.2,0.16302024687161404,0.0,0.0,1.0,0.0,0.0,0.0,4.92
STU-13706,-0.5053966078464974,0.5273450091329106,0.0,-1.1204819277108433,-0.21604938271604915,0.0,-0.6493190847479232,0.0,0.0,0.0,0.0,1.0,0.0,3.76
STU-14913,0.0,-0.3171806167400885,-0.1964636542239686,-0.6506024096385542,-0.8827160493827159,-0.4,-0.9166712698378972,1.0,0.0,0.0,1.0,0.0,0.0,3.12
STU-10549,0.9988007538118888,0.5273450091329106,1.4082514734774068,0.9975903614457832,-0.45679012345678965,0.6,-0.6081879793494656,0.0,0.0,1.0,0.0,0.0,0.0,4.55
STU-10758,-0.5177317114956318,0.5273450091329106,0.6113948919449904,1.6072289156626505,-0.8580246913580244,-1.0,-0.042635280120674045,0.0,0.0,0.0,0.0,0.0,1.0,4.2
STU-11896,-0.541716635257839,-1.1127108627914475,-0.08958742632612973,0.002409638554216816,0.3765432098765434,0.4,-0.4436635577556351,0.0,0.0,1.0,0.0,0.0,0.0,2.94
STU-12682,0.5478841870824046,0.04254861931879209,0.19174852652259344,0.2578313253012047,-0.7160493827160489,-0.8,0.0,0.0,0.0,0.0,1.0,0.0,0.0,4.91
STU-10071,-1.304437210896009,-0.7293435048887934,-0.8471512770137526,-0.7012048192771084,-0.759259259259259,1.4,-0.8446918353905971,1.0,0.0,0.0,1.0,0.0,0.0,2.87
STU-12224,0.8178859002912446,0.5273450091329106,0.07858546168958744,-0.30602409638554223,-0.37037037037037013,-1.0,-0.505360215853322,0.0,0.0,0.0,0.0,1.0,0.0,3.61
STU-13314,0.0,-0.17492210164392427,0.4652259332023578,-0.35180722891566263,0.2283950617283951,-1.0,-0.505360215853322,0.0,0.0,0.0,0.0,1.0,0.0,3.88
STU-11726,-0.6266917937296563,-0.210594176426346,-0.7779960707269157,0.9469879518072287,-0.24074074074074053,-0.8,-0.5362085449021645,0.0,0.0,1.0,0.0,0.0,0.0,2.99
STU-14904,-0.12300839472331786,-0.6670248200279365,-1.7304518664047155,-1.1301204819277109,0.351851851851852,1.2,-1.1943062312774864,0.0,0.0,1.0,0.0,0.0,0.0,2.51
STU-14527,0.6493061504197357,0.0,-0.6585461689587426,-0.2771084337349398,-0.15432098765432098,-1.0,-0.9886507042851983,0.0,0.0,1.0,0.0,0.0,0.0,3.38
STU-13050,-0.3306493061504209,0.13753089072740962,0.2231827111984283,1.708433734939759,0.024691358024691377,-0.2,-0.46422911045486437,0.0,0.0,0.0,0.0,0.0,1.0,5.09
STU-12544,-1.4723316772314554,-0.8728913720855271,-0.6726915520628683,0.19518072289156616,0.4382716049382721,0.0,-0.8035607299921395,0.0,0.0,0.0,0.0,0.0,1.0,3.19
STU-10627,-1.0556792873051235,0.23079402600193363,0.6915520628683696,1.1204819277108433,0.2530864197530865,0.4,-0.032352503771059866,1.0,0.0,0.0,0.0,0.0,1.0,3.98
STU-10691,-2.3981497344526304,-0.9515418502202644,-0.744990176817289,-0.9253012048192771,0.7283950617283949,-0.4,-0.16602859631604688,0.0,0.0,0.0,1.0,0.0,0.0,1.65
STU-10450,0.3717663183142013,0.0,0.1948919449901769,-0.1373493975903615,-0.8024691358024689,0.6,-1.307416771123244,0.0,0.0,0.0,1.0,0.0,0.0,3.93
STU-14977,0.43207126948775004,0.0,0.4086444007858546,0.0,0.351851851851852,0.0,0.3172618921158294,1.0,0.0,0.0,0.0,1.0,0.0,5.5
STU-13284,-0.5746102449888645,-0.5651660040829486,-1.2023575638506878,-0.9325301204819276,-0.02469135802469083,0.0,-1.7495761541566637,0.0,0.0,0.0,0.0,0.0,1.0,2.24
STU-13671,-0.20524241905088259,-1.255828945954658,-0.26561886051080547,-0.36626506024096395,0.6358024691358032,0.2,0.2658480103677576,0.0,1.0,0.0,0.0,0.0,0.0,3.39
STU-13436,-1.109131403118041,-0.40786504781347416,-0.23732809430255403,-0.5445783132530121,0.16666666666666693,0.4,-0.3614013469587199,1.0,0.0,0.0,0.0,1.0,0.0,4.75
STU-10371,0.2641768031523035,0.041259267218222574,0.8157170923379176,-0.38554216867469887,1.1172839506172842,-1.0,0.23499968131891508,1.0,0.0,0.0,1.0,0.0,0.0,4.81
STU-14491,0.31625835189309537,0.0,-0.5831041257367386,-0.2771084337349398,1.2222222222222223,-0.4,-0.13518026726720345,0.0,0.0,0.0,0.0,0.0,1.0,4.01
STU-10787,-0.07572383073496783,-1.0130009670140758,-0.7308447937131631,-0.6265060240963856,0.9506172839506178,-0.2,-0.5876224266502372,0.0,0.0,0.0,0.0,1.0,0.0,3.54
STU-11541,-1.051567586088745,-1.1556892661437628,-1.5937131630648333,-1.0240963855421685,-0.31481481481481466,-0.6,-0.09404916186874583,1.0,0.0,0.0,0.0,1.0,0.0,2.94
STU-13577,-0.7164639369539155,0.5273450091329106,-0.5752455795677801,0.26987951807228916,-0.5432098765432097,0.4,-0.7110157428456101,0.0,0.0,0.0,0.0,0.0,1.0,3.54
STU-13293,-0.12986123008394793,0.30514666380143957,-0.020432220039292577,-0.5975903614457831,-0.21604938271604915,1.0,-0.15574581996643272,0.0,1.0,0.0,0.0,0.0,0.0,4.05
STU-11502,-0.23676546170978327,0.0365316428494679,0.6003929273084481,-0.5951807228915663,1.407407407407408,-1.0,-0.19687692536489032,0.0,1.0,0.0,0.0,0.0,0.0,4.38
STU-11248,-1.2091827993832454,-0.20242827978940617,-0.059724950884086296,-0.2915662650602409,0.23456790123456836,-0.2,1.0267734602392231,0.0,0.0,0.0,0.0,1.0,0.0,3.95
STU-11483,-1.0392324824396098,-1.2652841946921676,0.0,0.01445783132530111,0.549382716049383,-0.2,-1.1326095731797994,1.0,1.0,0.0,0.0,0.0,0.0,2.97
STU-11197,-0.28199417508994407,-0.6919522939722793,0.0,2.6746987951807224,-0.9567901234567899,0.8,0.4098068792623597,1.0,0.0,0.0,0.0,1.0,0.0,4.03
STU-12355,-1.0323796470789797,0.0064467605028469535,-0.9037328094302556,0.5397590361445783,-0.339506172839506,-0.4,0.029344154326627007,0.0,0.0,0.0,0.0,1.0,0.0,2.9
STU-13295,-0.8076066472503005,-0.3996991511765337,-0.46994106090373294,-0.37590361445783144,-0.40740740740740694,0.0,0.019061377977012833,1.0,0.0,1.0,0.0,0.0,0.0,4.48
STU-11954,-0.12712009593969628,-0.3382400343827229,-0.8487229862475443,0.0,0.5000000000000002,0.2,0.4715035373600457,1.0,0.0,0.0,0.0,0.0,1.0,4.98
STU-10190,-1.5744389241048489,-1.9409046953905666,-1.5025540275049116,-0.274698795180723,0.17283950617283964,-1.0,0.4715035373600457,0.0,0.0,0.0,0.0,0.0,1.0,2.12
STU-14114,0.0,0.5273450091329106,1.777603143418468,0.0,0.6049382716049385,0.0,1.3249739743780404,0.0,0.0,0.0,0.0,1.0,0.0,4.76
STU-12753,-0.10656158985780413,-0.4684645965402388,-0.2860510805500983,-0.636144578313253,0.814814814814815,0.8,-0.41281522870679255,0.0,0.0,0.0,1.0,0.0,0.0,3.73
STU-10158,-0.8480383758780204,-0.7714623401740627,0.0,-0.26506024096385555,0.8641975308641977,-0.8,-0.9886507042851983,0.0,0.0,1.0,0.0,0.0,0.0,2.73
STU-13760,-0.5074524584546867,-0.3876651982378859,-0.08015717092337915,0.9373493975903615,0.09876543209876551,-0.4,-0.42309800505640677,0.0,0.0,1.0,0.0,0.0,0.0,3.44
STU-14372,-0.1606989892067852,0.5273450091329106,0.5233791748526524,-0.4650602409638554,0.8395061728395069,-1.0,0.759421275149249,0.0,0.0,0.0,0.0,0.0,1.0,5.85
STU-12012,-0.28130889155388167,0.3850864940367463,-0.037721021611002006,-0.45542168674698796,0.6111111111111112,-0.6,-0.02206972742144478,0.0,0.0,0.0,1.0,0.0,0.0,4.85
STU-14911,-0.29638512934726857,-0.8531213065434623,-0.16345776031434173,-1.0072289156626504,-0.3888888888888888,-1.0,-0.3408357942594915,1.0,0.0,1.0,0.0,0.0,0.0,3.61
STU-10960,0.2833647421620689,-0.5170301923283551,0.07858546168958744,0.29397590361445775,0.33950617283950657,-0.2,0.6257451826042619,0.0,0.0,0.0,0.0,0.0,1.0,4.98
STU-10689,0.9241048483810166,0.0,0.3646365422396858,0.6240963855421686,0.2530864197530865,-0.4,0.4303724319615881,0.0,0.0,0.0,1.0,0.0,0.0,4.63
STU-14852,0.0,-0.4048565595788117,0.7104125736738707,-0.4843373493975904,0.2160493827160497,0.0,-0.2585735834625763,0.0,0.0,1.0,0.0,0.0,0.0,4.2
STU-12737,0.5732396779167377,0.5273450091329106,0.6082514734774069,-0.9349397590361445,1.123456790123457,0.2,-1.441092863668232,0.0,0.0,0.0,1.0,0.0,0.0,4.34
STU-13404,-0.8966935069384963,0.23767057053830457,-0.4557956777996072,-0.47710843373493983,-1.0925925925925923,1.4,-0.5156429922029362,1.0,0.0,0.0,0.0,0.0,1.0,4.47
STU-11485,-0.7541545314373829,-0.8763296443537123,-0.4133595284872298,-0.48192771084337344,0.5185185185185189,-0.6,-0.3819668996579491,1.0,0.0,0.0,0.0,1.0,0.0,2.87
STU-11178,-0.8082919307863639,-0.6059954872676484,-0.39764243614931233,2.954216867469879,0.0,0.6,0.4303724319615881,1.0,1.0,0.0,0.0,0.0,0.0,4.31
STU-14613,-1.2304265890012,0.0,-0.13673870333988203,1.1734939759036143,-0.12345679012345634,-0.8,-0.5670568739510079,0.0,0.0,0.0,1.0,0.0,0.0,2.59
STU-11696,0.032550967962994296,-1.4286021274309662,-1.3752455795677803,-0.15421686746987964,-0.6666666666666661,1.2,-0.8446918353905971,1.0,0.0,1.0,0.0,0.0,0.0,3.09
STU-12164,0.4622237450745239,0.5273450091329106,0.9760314341846759,1.7493975903614456,-0.6234567901234567,0.8,-0.5979052029998514,1.0,0.0,0.0,0.0,1.0,0.0,4.93
STU-11377,-0.050368339900634815,-0.4091543999140437,0.5548133595284872,0.5301204819277109,0.703703703703704,0.0,0.6463107353034903,0.0,0.0,0.0,1.0,0.0,0.0,4.64
STU-14598,-0.13602878190851558,-0.1555818201353822,0.3347740667976426,1.0168674698795181,0.4753086419753089,-0.8,1.0679045656376807,0.0,0.0,0.0,0.0,1.0,0.0,5.37
STU-14485,0.5547370224430347,-0.33136348984635255,0.6648330058939095,-0.7132530120481928,-0.5864197530864192,0.6,-0.12489749091758927,1.0,0.0,1.0,0.0,0.0,0.0,4.77
STU-11929,-1.8602021586431392,0.0,-0.14459724950884087,-0.4746987951807229,1.7716049382716055,1.0,-0.5259257685525504,1.0,1.0,0.0,0.0,0.0,0.0,3.46
STU-14822,0.9988007538118888,0.5273450091329106,0.7497053045186644,-0.1855421686746989,0.6728395061728394,0.0,0.7799868278484773,0.0,0.0,0.0,0.0,1.0,0.0,5.69
STU-12423,0.9988007538118888,0.5273450091329106,-0.40392927308447946,0.26506024096385533,-0.7098765432098761,-0.2,0.029344154326627007,0.0,0.0,0.0,1.0,0.0,0.0,4.17
STU-13876,0.9988007538118888,0.5273450091329106,1.4632612966601182,0.44337349397590353,-0.0432098765432095,1.0,0.0807580360746988,0.0,0.0,1.0,0.0,0.0,0.0,4.59
STU-10355,0.5876306321740612,0.5273450091329106,1.3862475442043223,0.6530120481927708,-0.7222222222222221,0.0,1.3249739743780404,0.0,0.0,1.0,0.0,0.0,0.0,5.03
STU-10941,-0.604077437039576,-0.383367357902654,-1.2353634577603145,0.40963855421686746,-0.45679012345678965,-0.4,-0.5979052029998514,1.0,0.0,0.0,0.0,1.0,0.0,2.99
STU-10730,0.04420078807606522,0.5273450091329106,0.40078585461689603,1.9903614457831322,-0.27777777777777735,0.2,0.33782744481505866,1.0,0.0,0.0,0.0,0.0,1.0,4.3
STU-10223,0.9988007538118888,0.5273450091329106,1.4428290766208256,0.8048192771084336,0.12962962962963015,0.6,1.3249739743780404,1.0,1.0,0.0,0.0,0.0,0.0,5.85
STU-14173,0.24430358060647478,-0.04039969915117644,0.028290766208251432,-1.0096385542168675,-0.40740740740740694,0.0,0.14245469417238477,1.0,0.0,0.0,0.0,0.0,1.0,5.19
STU-10721,0.36902518416994967,0.5273450091329106,-0.24990176817288803,-0.45301204819277113,-0.6234567901234567,1.6,0.29669633941660106,0.0,0.0,1.0,0.0,0.0,0.0,4.42
STU-11340,0.39095425732396666,0.242827978940582,0.0,0.0,-0.3950617283950615,0.6,0.4303724319615881,0.0,0.0,1.0,0.0,0.0,0.0,5.25
STU-10781,-0.438924104848382,-0.3356613301815839,-0.6742632612966603,1.1349397590361443,-0.6851851851851848,0.2,-0.3614013469587199,0.0,0.0,0.0,0.0,0.0,1.0,3.69
STU-14310,-0.7486722631488786,-0.8565595788116475,-1.306090373280943,-1.2240963855421685,0.11111111111111148,-0.2,-0.978367927935584,1.0,1.0,0.0,0.0,0.0,0.0,3.09
STU-13245,-0.4512592084975164,-0.24540668314172165,-0.7607072691552064,-0.20722891566265067,-0.006172839506172707,0.4,-0.12489749091758927,1.0,0.0,0.0,1.0,0.0,0.0,3.43
STU-13712,-0.28473530923419665,-0.2282153218007952,-0.08644400785854602,0.0,0.0,-0.6,0.13217191782277057,1.0,0.0,0.0,0.0,0.0,1.0,3.85
STU-11966,-0.01953058077779755,0.46330718813796073,-0.5390962671905698,-0.8795180722891567,0.43209876543209885,-0.2,-0.4436635577556351,0.0,0.0,0.0,0.0,1.0,0.0,4.7
STU-13046,-2.24053452115813,-0.8999677661974858,-0.42907662082514747,-0.4602409638554217,-0.2654320987654319,-0.4,-1.502789521765918,0.0,0.0,1.0,0.0,0.0,0.0,2.49
STU-13878,-0.8411855405173894,-0.7671644998388314,-0.9398821218074657,-1.0650602409638552,0.7777777777777776,0.8,-1.0606301387324992,1.0,0.0,0.0,0.0,0.0,1.0,3.76
STU-12575,0.0,0.04340818738583823,0.3756385068762281,-0.6,-0.40740740740740694,-0.2,1.3249739743780404,0.0,0.0,0.0,0.0,1.0,0.0,4.81
STU-14891,0.8932670892581793,0.5273450091329106,-0.8895874263261299,2.2265060240963854,0.5246913580246917,-0.2,-0.6390363083983089,0.0,0.0,0.0,1.0,0.0,0.0,4.67
STU-14665,-0.8480383758780204,-0.3356613301815839,-0.7135559921414539,-0.1373493975903615,-1.9259259259259256,-1.0,-0.6184707556990797,1.0,0.0,0.0,0.0,0.0,1.0,3.24
STU-10690,-0.8322768545485701,-0.42462662512087723,-0.619253438113949,-1.0289156626506024,-0.33333333333333276,2.2,-0.5876224266502372,0.0,0.0,0.0,0.0,0.0,1.0,3.04
STU-10531,-0.5465136200102798,-1.6091114215106912,-1.032612966601179,1.014457831325301,-0.9753086419753081,-0.6,-1.574768956213219,0.0,0.0,0.0,1.0,0.0,0.0,1.58
STU-13733,-0.09970875449717405,-0.560438379714194,0.023575638506876287,-0.37590361445783144,-0.34567901234567877,-1.0,0.24528245766852924,1.0,0.0,0.0,1.0,0.0,0.0,3.56
STU-12911,0.869282165495973,0.45428172343397416,0.35520628683693517,0.5783132530120483,0.6666666666666666,0.8,0.23499968131891508,0.0,0.0,0.0,0.0,1.0,0.0,5.12
STU-12694,-0.6924790131917092,0.11131406468249659,0.30648330058939116,-1.2265060240963854,0.9135802469135804,-0.4,0.0,0.0,1.0,0.0,0.0,0.0,0.0,3.92
STU-12843,-1.5017988692821662,0.0,-0.5406679764243615,-0.43132530120481927,-0.38271604938271553,0.2,-0.4539463341052502,1.0,0.0,0.0,0.0,0.0,1.0,2.26
STU-11959,-0.6643823882131237,-0.9167293435048888,-1.001178781925344,-0.8433734939759036,-0.3950617283950615,0.6,-1.1428923495294145,0.0,0.0,0.0,1.0,0.0,0.0,2.91
STU-11479,-0.20661298612300938,0.19555173525303524,0.5972495088408647,0.3397590361445783,0.679012345679012,-0.4,-0.6904501901463808,0.0,0.0,0.0,0.0,0.0,1.0,4.25
STU-13252,0.4190508823025523,0.5273450091329106,0.9053045186640473,0.2506024096385542,0.6975308641975313,-0.8,0.0,0.0,0.0,1.0,0.0,0.0,0.0,4.9
STU-14695,0.9988007538118888,0.5273450091329106,0.8550098231827112,0.8024096385542168,-0.5802469135802466,0.2,0.4509379846608173,1.0,0.0,1.0,0.0,0.0,0.0,5.64
STU-11213,0.022956998458111614,-0.3820780058020845,-0.11473477406679773,0.40481927710843363,1.5555555555555551,-1.0,-0.4025324523571775,0.0,1.0,0.0,0.0,0.0,0.0,4.51
STU-12050,-0.3279081720061683,-0.5342215536692815,-0.5469548133595287,0.6409638554216868,0.4629629629629629,0.4,-0.8961057171386688,0.0,0.0,1.0,0.0,0.0,0.0,3.61
STU-12957,-0.7719719033750224,-1.044375201461266,-0.2593320235756386,0.17831325301204823,-0.2901234567901233,-1.0,-0.9886507042851983,0.0,1.0,0.0,0.0,0.0,0.0,3.36
STU-10954,-1.1790303237964717,-1.0207370796174926,0.19332023575638516,-0.5204819277108433,0.506172839506173,-1.0,1.1296012237353665,1.0,0.0,1.0,0.0,0.0,0.0,3.96
STU-14044,0.2353948946376555,0.5273450091329106,1.7068762278978393,0.043373493975903545,-0.24691358024691323,-1.0,-0.47451188680447853,0.0,0.0,0.0,0.0,0.0,1.0,4.69
STU-14633,0.9988007538118888,-0.04641667562050063,0.9618860510805501,1.556626506024096,-0.4320987654320983,0.4,1.3249739743780404,0.0,0.0,0.0,1.0,0.0,0.0,5.16
STU-10032,0.15590200445434238,-0.6833566133018162,0.0,0.18313253012048186,0.8024691358024695,-1.0,0.16302024687161404,0.0,0.0,0.0,0.0,0.0,1.0,3.45
STU-13265,0.9734452629775558,-1.178038035886967,1.0734774066797645,0.3132530120481927,-0.012345679012345415,0.0,0.34811022116467283,0.0,1.0,0.0,0.0,0.0,0.0,4.55
STU-12774,-0.6952201473359609,0.3236273772429355,0.1210216110019646,-0.6939759036144578,1.0925925925925923,-1.0,-1.5439206271643755,0.0,0.0,0.0,0.0,0.0,1.0,4.26
STU-10335,-0.23608017817371987,-0.8535510905769851,-0.2593320235756386,-0.6506024096385542,1.1358024691358024,-0.2,-0.8652573880898254,0.0,0.0,0.0,0.0,0.0,1.0,4.09
STU-14735,-0.3292787390782941,-0.020629633609111592,-0.5265225933202358,0.6795180722891566,-0.1728395061728391,0.2,0.5743313008561892,1.0,0.0,0.0,0.0,0.0,1.0,3.61
STU-14356,0.024327565530237433,-0.41817986461802964,0.088015717092338,1.0024096385542167,0.030864197530864633,-0.4,0.24528245766852924,0.0,0.0,0.0,1.0,0.0,0.0,4.49
STU-14102,0.5040260407743696,0.5273450091329106,-0.0974459724950883,-0.8265060240963855,-0.5802469135802466,0.8,-0.7315812955448384,1.0,0.0,0.0,0.0,0.0,1.0,3.66
STU-10451,0.6643823882131227,0.04082948318469981,0.14302554027504916,-0.8096385542168675,-0.48148148148148107,-0.4,-0.19687692536489032,0.0,0.0,0.0,0.0,0.0,1.0,4.3
STU-14669,0.35463422991262517,0.5273450091329106,1.20392927308448,0.4674698795180721,-1.1851851851851851,0.4,0.0,0.0,0.0,0.0,0.0,0.0,1.0,5.0
STU-10343,0.008566044200787102,0.5032771032556138,0.620825147347741,0.13975903614457832,-0.4320987654320983,1.0,0.0,0.0,1.0,0.0,0.0,0.0,0.0,4.59
STU-13461,0.7164639369539135,0.5273450091329106,0.4526522593320238,-0.13012048192771083,0.6111111111111112,1.4,0.19386857592045748,0.0,0.0,1.0,0.0,0.0,0.0,5.65
STU-11464,0.6678088058934377,-0.3120232083378105,0.8785854616895878,-0.03132530120481925,-0.7098765432098761,-0.4,-0.7212985191952243,0.0,0.0,0.0,1.0,0.0,0.0,3.83
STU-10469,-0.9782422477299986,-1.4200064467605031,-1.031041257367387,0.25542168674698784,-0.1296296296296296,-1.0,-0.5773396503006221,1.0,0.0,0.0,0.0,0.0,1.0,3.18
STU-11632,-0.4677060133630301,-0.37906951756742274,-0.11630648330058944,0.3879518072289155,0.506172839506173,-1.0,-0.23800803076334703,1.0,0.0,0.0,0.0,1.0,0.0,4.15
STU-13963,0.93164296727771,0.5273450091329106,2.440864440078586,2.954216867469879,-0.7654320987654316,-0.4,1.3249739743780404,1.0,0.0,0.0,0.0,0.0,1.0,5.72
STU-11684,0.2984409799554558,0.5273450091329106,0.7151277013752455,-0.6313253012048192,-0.6296296296296293,-1.0,1.0062079075399946,0.0,0.0,1.0,0.0,0.0,0.0,4.81
STU-12133,-0.7966421106732919,-1.2377780165466856,-1.7304518664047155,-0.6481927710843374,-0.9753086419753081,0.2,-1.0503473623828843,0.0,0.0,1.0,0.0,0.0,0.0,1.59
STU-12172,0.47318828165153237,0.5273450091329106,0.6349705304518667,-0.30602409638554223,0.024691358024691377,0.8,-0.9886507042851983,0.0,0.0,0.0,1.0,0.0,0.0,4.36
STU-14374,0.764433784478327,0.5273450091329106,0.5563850687622792,-0.6144578313253012,-1.2592592592592586,0.8,-0.834409059040982,1.0,0.0,0.0,0.0,1.0,0.0,4.68
STU-12123,0.9988007538118888,-0.4727624368754701,-0.36620825147347746,-0.06987951807228916,-0.47530864197530837,0.4,-0.47451188680447853,0.0,0.0,0.0,1.0,0.0,0.0,3.36
STU-12763,0.18742504711324207,0.0,-0.12730844793713172,1.7879518072289156,0.01851851851851867,-1.0,-1.029781809683656,0.0,0.0,0.0,1.0,0.0,0.0,3.91
STU-12016,0.9988007538118888,0.5273450091329106,0.32534381139489205,1.2963855421686743,1.0493827160493834,2.4,0.6771590643523338,1.0,0.0,0.0,0.0,1.0,0.0,5.16
STU-12803,0.49237622066129777,0.0,-0.05500982318271115,-0.2120481927710843,-0.22839506172839458,0.6,0.5434829718073467,0.0,1.0,0.0,0.0,0.0,0.0,4.27
STU-13558,0.7479869796128142,0.5273450091329106,1.1001964636542245,2.221686746987952,-0.6172839506172839,0.6,0.9445112494423078,0.0,0.0,0.0,0.0,0.0,1.0,6.53
STU-10831,0.6568442693164291,-0.16761577307403056,-0.015717092337917432,1.4746987951807227,-1.3271604938271602,-0.2,0.039626930676241186,0.0,0.0,0.0,0.0,0.0,1.0,4.7
STU-13988,-0.3614870652732572,0.0,-1.5921414538310414,-0.22168674698795177,1.6666666666666672,-0.4,-0.8035607299921395,0.0,0.0,0.0,0.0,0.0,1.0,2.44
STU-11998,-0.23539489463765745,-1.016439239282261,0.13045186640471515,-0.34698795180722897,-0.27777777777777735,2.4,0.6360279589538761,1.0,1.0,0.0,0.0,0.0,0.0,3.58
STU-14295,0.9988007538118888,0.5273450091329106,-0.15245579567779974,-0.7132530120481928,0.27777777777777785,-0.8,-0.6081879793494656,1.0,0.0,1.0,0.0,0.0,0.0,4.41
STU-13945,0.5156758608874416,0.5273450091329106,-0.025147347740668003,-0.04096385542168673,-0.5493827160493825,0.4,-0.1454630436168176,1.0,0.0,0.0,1.0,0.0,0.0,4.6
STU-14290,0.5191022785677566,0.5273450091329106,0.6884086444007861,-0.9734939759036144,-0.4012345679012342,0.8,0.019061377977012833,0.0,0.0,0.0,0.0,1.0,0.0,4.98
STU-11925,-0.5273256810005145,0.02234876974320387,-0.031434184675834864,0.40722891566265046,-0.12345679012345634,-0.6,-0.21744247806411868,0.0,0.0,0.0,0.0,1.0,0.0,4.39
STU-13280,-0.24978584889498098,0.5273450091329106,0.719842829076621,1.2915662650602406,-1.5061728395061724,1.4,-0.10433193821836001,1.0,0.0,0.0,0.0,0.0,1.0,4.22
STU-10011,-2.333047798526641,-0.6816374771677233,-1.4255402750491162,-0.3590361445783133,0.833333333333333,0.2,-0.834409059040982,0.0,0.0,0.0,0.0,0.0,1.0,2.23
STU-10869,-0.1606989892067852,0.37863973353389935,0.9886051080550101,-0.8481927710843373,-0.07407407407407358,-0.2,1.0781873419872947,1.0,0.0,0.0,0.0,0.0,1.0,6.17
STU-12058,-1.3201987322254591,-1.0061244224777055,-0.9713163064833007,-0.05783132530120486,1.123456790123457,0.6,-0.7315812955448384,0.0,0.0,0.0,1.0,0.0,0.0,2.51
STU-12912,0.43207126948775004,0.4400988503277101,-0.02200392927308457,-0.45783132530120485,-0.20987654320987645,1.8,-0.19687692536489032,0.0,0.0,0.0,0.0,1.0,0.0,4.8
STU-10407,0.6376563303066638,-0.11088428064897382,-0.5768172888015718,0.580722891566265,1.314814814814815,0.0,-2.2534321952877687,0.0,0.0,1.0,0.0,0.0,0.0,3.54
STU-12684,0.22785677574096203,0.5273450091329106,-0.969744597249509,-0.21686746987951813,0.13580246913580285,0.8,-0.834409059040982,0.0,0.0,1.0,0.0,0.0,0.0,4.36
STU-10246,-0.5896864827822523,-0.22176856129794825,-0.2609037328094303,0.6096385542168673,-0.679012345679012,-0.4,-0.41281522870679255,1.0,0.0,0.0,0.0,1.0,0.0,4.17
STU-10250,-0.4307007024156252,-1.1776082518534439,-1.5874263261296662,1.212048192771084,0.13580246913580285,0.0,-0.0632008328199024,0.0,0.0,0.0,1.0,0.0,0.0,3.97
STU-14631,-0.37245160185026666,-0.5789190931556892,-0.3159135559921415,-0.5084337349397591,0.8703703703703703,0.4,-0.4539463341052502,1.0,0.0,0.0,0.0,0.0,1.0,3.9
STU-10434,-0.48894980298098367,-1.3413559686257657,-0.47151277013752463,0.0,1.1913580246913578,-0.4,-1.0092162569844265,0.0,0.0,1.0,0.0,0.0,0.0,2.86
STU-13703,0.9988007538118888,0.1848071344149564,-0.3237721021611003,1.2650602409638554,0.4567901234567902,1.2,0.0,1.0,0.0,0.0,1.0,0.0,0.0,4.51
STU-13724,-0.29638512934726857,0.5273450091329106,0.9493123772102164,-0.4072289156626507,0.2160493827160497,-1.0,-0.7418640718944526,0.0,1.0,0.0,0.0,0.0,0.0,4.34
STU-11326,-0.7658043515504547,-0.006446760502847564,0.1241650294695483,0.2915662650602409,-0.3641975308641974,-0.2,0.3172618921158294,1.0,0.0,0.0,0.0,0.0,1.0,4.27
STU-14661,0.9988007538118888,0.5273450091329106,-0.35049115913556006,0.34216867469879514,-0.32098765432098736,1.2,0.3172618921158294,1.0,0.0,0.0,0.0,1.0,0.0,4.6
STU-11627,0.0,-0.5221876007306332,-0.0722986247544203,-0.8048192771084337,0.4506172839506175,0.8,-0.7315812955448384,0.0,0.0,0.0,1.0,0.0,0.0,3.27
STU-12306,0.0,-1.058987858601053,0.0,-0.29397590361445797,-0.2037037037037032,1.4,-1.6056172852620616,0.0,0.0,0.0,1.0,0.0,0.0,1.44
STU-12405,-1.3359602535549087,-1.2622757064575054,-1.3736738703339886,1.202409638554217,0.8888888888888896,0.6,0.8211179332469349,1.0,0.0,0.0,1.0,0.0,0.0,5.05
STU-12139,-0.7945862600651028,-1.1793273879875366,-0.9493123772102163,0.8867469879518071,-1.358024691358024,0.8,-1.3279823238224733,0.0,1.0,0.0,0.0,0.0,0.0,2.67
STU-11358,0.7335960253554897,-0.18093907811324844,-0.17760314341846745,2.1518072289156622,-0.03703703703703679,0.4,0.060192483375469535,0.0,0.0,1.0,0.0,0.0,0.0,4.3
STU-10956,0.9988007538118888,0.5273450091329106,1.7571709233791755,-0.050602409638554204,0.5246913580246917,-0.8,0.2555652340181434,0.0,0.0,1.0,0.0,0.0,0.0,5.03
STU-12457,0.13123179715607278,0.19426238315246572,0.18703339882121803,0.4240963855421686,1.2469135802469133,0.0,0.060192483375469535,0.0,0.0,0.0,1.0,0.0,0.0,4.52
STU-10938,0.9309576837416476,0.37434189319866745,-0.5155206286836935,0.41686746987951795,-0.4259259259259256,0.2,0.6051796299050327,0.0,1.0,0.0,0.0,0.0,0.0,5.41
STU-14234,0.0,-0.29741055119802307,-1.232220039292731,0.7759036144578314,0.4753086419753089,1.2,-1.0092162569844265,1.0,1.0,0.0,0.0,0.0,0.0,1.84
STU-11535,-0.04488607161213057,-0.6756205006983991,0.0,1.8554216867469877,0.7901234567901241,1.6,-1.3896789819201594,1.0,0.0,0.0,0.0,1.0,0.0,3.42
STU-10222,-0.5554223059791,-0.2540023638121849,-1.633005893909627,-1.0554216867469879,-0.9629629629629627,0.4,-0.7007329664959949,0.0,0.0,0.0,0.0,1.0,0.0,2.21
STU-11859,-0.17988692821655056,0.5273450091329106,1.1096267190569746,0.8722891566265057,-0.24074074074074053,0.0,0.8005523805477066,1.0,0.0,0.0,0.0,1.0,0.0,5.18
STU-11717,0.16275483981497246,-1.103255614053938,-0.47308447937131637,-0.8626506024096385,0.7407407407407414,0.2,-0.08376638551913165,0.0,0.0,0.0,1.0,0.0,0.0,3.41
STU-13844,0.05722117526126391,-0.12377780165466895,0.23104125736738718,0.09638554216867457,-0.8580246913580244,0.6,-0.8652573880898254,0.0,0.0,1.0,0.0,0.0,0.0,4.0
STU-10403,0.43207126948775004,0.5273450091329106,1.0404715127701376,-0.8072289156626505,-1.296296296296296,-0.6,-0.3819668996579491,0.0,0.0,0.0,1.0,0.0,0.0,4.02
STU-14294,-0.3094055165324663,0.5273450091329106,-0.25147347740667975,0.18313253012048186,1.4629629629629635,-0.4,-0.5876224266502372,1.0,0.0,0.0,0.0,0.0,1.0,5.01
STU-13642,0.8473530923419561,0.5273450091329106,1.5072691552062873,-0.9879518072289157,0.0061728395061732555,0.2,0.14245469417238477,0.0,0.0,0.0,1.0,0.0,0.0,4.85
STU-14159,0.3738221689223905,-0.4551412915010209,-0.17760314341846745,1.8072289156626504,-0.31481481481481466,-1.0,-1.1737406785782571,1.0,0.0,0.0,0.0,0.0,1.0,3.26
STU-13801,0.6376563303066638,0.5273450091329106,0.6616895874263261,-0.49397590361445787,-1.493827160493827,0.4,0.0,0.0,1.0,0.0,0.0,0.0,0.0,5.44
STU-11445,0.8350179886928207,0.5273450091329106,0.7811394891944993,-0.18795180722891572,-1.666666666666666,-1.0,-0.39224967600756333,0.0,1.0,0.0,0.0,0.0,0.0,5.08
STU-12410,-1.6045913996916232,-1.2210164392392826,-1.0750491159135562,-0.08915662650602411,0.41358024691358075,-0.6,-1.1634579022286429,0.0,0.0,0.0,0.0,1.0,0.0,2.43
STU-10763,-0.12506424533150706,0.5273450091329106,1.7838899803536348,0.4963855421686746,0.5000000000000002,-0.2,1.3249739743780404,1.0,0.0,0.0,0.0,0.0,1.0,6.32
STU-13533,-0.30323796470789866,-0.6201783603739125,0.5673870333988212,-0.7807228915662651,0.0,-1.0,0.4303724319615881,0.0,0.0,0.0,1.0,0.0,0.0,4.63
STU-13296,-0.38067500428302253,0.5273450091329106,0.42593320235756404,1.469879518072289,0.16049382716049423,-0.4,0.759421275149249,0.0,1.0,0.0,0.0,0.0,0.0,5.18
STU-12894,-0.18948089772143323,0.2827978940582357,-0.9021611001964639,-0.4409638554216867,-0.35185185185185147,1.2,-0.18659414901527524,0.0,0.0,0.0,0.0,0.0,1.0,3.5
STU-10582,-0.0825766660955979,0.2716235091866334,0.7387033398821221,0.7469879518072288,-0.944444444444444,-0.2,1.1707323291338243,1.0,0.0,0.0,0.0,1.0,0.0,5.13
STU-13500,-0.3895836902518428,-0.6691737401955521,-0.8298624754420433,0.0,0.27777777777777785,0.0,-0.011786951071830606,1.0,0.0,0.0,0.0,0.0,1.0,3.71
STU-12433,-0.003083775912284798,-0.2166111528956702,0.8471512770137524,-0.12289156626506018,-0.4012345679012342,1.4,0.029344154326627007,0.0,0.0,0.0,0.0,1.0,0.0,4.85
STU-14955,0.97892753126606,0.3558611797571721,0.4385068762278981,-0.41445783132530134,-0.9629629629629627,-0.2,0.4303724319615881,0.0,0.0,0.0,0.0,0.0,1.0,5.18
STU-14679,0.9988007538118888,0.5273450091329106,1.8546168958742635,0.2120481927710843,-0.3024691358024687,0.2,0.8314007095965491,0.0,1.0,0.0,0.0,0.0,0.0,5.74
STU-13169,-0.9042316258351898,0.5273450091329106,0.0,0.4674698795180721,0.4382716049382721,1.0,-0.9372368225371265,1.0,0.0,0.0,1.0,0.0,0.0,2.76
STU-11412,0.9021757752269995,-0.09111421510690898,0.0,-0.21445783132530133,-0.7530864197530862,0.8,-0.46422911045486437,0.0,0.0,0.0,0.0,0.0,1.0,3.88
STU-12317,-0.3779338701387709,0.0,0.25461689587426345,0.0,0.0,-0.2,-0.0632008328199024,1.0,0.0,0.0,0.0,0.0,1.0,4.83
STU-11060,0.9988007538118888,0.5273450091329106,1.2840864440078588,-0.8457831325301205,0.6543209876543212,1.0,0.0,1.0,0.0,0.0,0.0,1.0,0.0,5.18
STU-14385,-0.7726571869110848,-0.5857956376920602,-1.0671905697445974,-0.3253012048192772,1.6234567901234571,-1.0,0.07047525972508462,0.0,0.0,0.0,0.0,0.0,1.0,3.74
STU-13828,-0.4450916566729487,-1.3684323627377246,-0.6302554027504912,-0.35180722891566263,-0.7283950617283949,1.0,-1.0914784677813418,0.0,0.0,0.0,0.0,1.0,0.0,2.62
STU-13248,-1.0090800068528358,-1.0895025249811972,-0.4086444007858546,1.3493975903614457,-0.944444444444444,-0.4,0.0807580360746988,1.0,0.0,0.0,1.0,0.0,0.0,3.15
STU-12357,0.4622237450745239,-0.3996991511765337,-0.5909626719056975,-0.19759036144578318,0.25925925925925974,0.8,-0.6184707556990797,1.0,1.0,0.0,0.0,0.0,0.0,4.57
STU-13520,0.39780709268459774,-0.27334264532072633,-0.4762278978388998,0.4240963855421686,0.38888888888888934,-0.2,-0.052918056470288216,0.0,0.0,0.0,0.0,0.0,1.0,3.99
STU-10419,-0.6520472845639893,0.5273450091329106,-0.3064833005893909,-0.5373493975903615,0.2530864197530865,-0.8,-0.8858229407890547,0.0,0.0,0.0,0.0,0.0,1.0,4.13
STU-12020,0.46565016275483895,0.5273450091329106,1.3422396856581535,-0.20722891566265067,1.296296296296296,-0.2,1.2529945399307394,0.0,0.0,1.0,0.0,0.0,0.0,5.65
STU-13435,0.9988007538118888,0.011604168905125004,1.1882121807465622,-0.4265060240963855,0.4629629629629629,-1.0,0.16302024687161404,0.0,0.0,0.0,0.0,0.0,1.0,4.29
STU-12526,0.47387356518759577,0.0,0.6632612966601181,0.5614457831325301,-0.1728395061728391,0.8,0.4715035373600457,0.0,1.0,0.0,0.0,0.0,0.0,5.49
STU-11431,-1.3195134486893958,0.3369506822821528,0.012573673870334002,-0.8072289156626505,1.518518518518519,1.6,-1.307416771123244,0.0,0.0,0.0,1.0,0.0,0.0,3.08
STU-14371,-1.051567586088745,-1.3899215644138823,-0.9021611001964639,-0.15421686746987964,0.024691358024691377,0.2,-1.6159000616116765,1.0,0.0,0.0,0.0,0.0,1.0,2.39
STU-10270,0.8309062874764424,-1.4380573761684754,-1.1850687622789786,-0.12048192771084336,0.6728395061728394,0.2,-0.6287535320486948,1.0,0.0,0.0,0.0,0.0,1.0,3.21
STU-11124,0.6129861230083942,-0.07263350166541303,0.3457760314341849,1.5108433734939757,-0.2901234567901233,0.0,-0.3408357942594915,0.0,0.0,0.0,0.0,1.0,0.0,4.38
STU-10852,0.09080006852835282,0.5273450091329106,1.0561886051080553,0.9710843373493974,0.12962962962963015,-1.0,1.1398840000849817,1.0,0.0,0.0,1.0,0.0,0.0,5.42
STU-10901,-0.3539489463765637,-0.008595680670463216,-0.7842829076620826,-0.7975903614457831,1.8333333333333337,0.2,0.24528245766852924,1.0,0.0,0.0,0.0,1.0,0.0,5.58
STU-13491,0.06750042830220902,0.5273450091329106,0.8345776031434187,0.4,-0.9629629629629627,0.4,0.564048524506575,1.0,0.0,0.0,0.0,0.0,1.0,4.48
STU-14751,0.4012335103649127,-0.105297088213173,0.5218074656188606,0.17108433734939757,0.6913580246913585,0.0,0.4509379846608173,0.0,0.0,1.0,0.0,0.0,0.0,5.04
STU-14014,-0.5547370224430367,0.0,-0.6003929273084481,-0.4867469879518072,-0.6851851851851848,1.2,0.039626930676241186,0.0,0.0,0.0,1.0,0.0,0.0,3.09
STU-10593,0.22031865684426855,0.5273450091329106,1.0483300589390965,0.0,-1.0370370370370368,0.0,1.0062079075399946,1.0,0.0,0.0,0.0,1.0,0.0,4.91
STU-11687,-0.7589515161898247,-1.0701622434726552,-0.9540275049115914,-0.25542168674698806,0.0,0.4,-0.6801674137967666,0.0,0.0,0.0,0.0,0.0,1.0,2.19
STU-13121,-1.3051224944320723,-0.7581390351348448,-0.8267190569744598,-0.7132530120481928,0.1234567901234569,0.0,-2.2225838662389257,0.0,0.0,0.0,0.0,0.0,1.0,2.84
STU-11498,-1.22357375364057,-0.0004297840335233745,0.176031434184676,1.4,0.3148148148148152,-1.0,0.039626930676241186,0.0,0.0,0.0,0.0,1.0,0.0,3.69
STU-10510,0.7692307692307688,0.5273450091329106,1.2353634577603148,-0.5036144578313253,-0.9999999999999994,1.2,0.7491384987996348,1.0,1.0,0.0,0.0,0.0,0.0,5.89
STU-14183,0.9988007538118888,0.2531427957451381,1.2243614931237725,-0.42891566265060244,1.0185185185185186,0.4,0.19386857592045748,0.0,0.0,1.0,0.0,0.0,0.0,5.13
STU-13581,0.0318656844269309,0.5273450091329106,0.2829076620825149,-0.9927710843373493,-0.8456790123456784,-0.2,-1.307416771123244,0.0,0.0,1.0,0.0,0.0,0.0,3.09
STU-12129,-0.8206270344354982,-0.271623509186634,-0.9414538310412576,0.7084337349397588,-0.012345679012345415,0.4,0.4715035373600457,0.0,1.0,0.0,0.0,0.0,0.0,3.19
STU-10390,-0.4375535377762552,0.5273450091329106,0.40078585461689603,-0.7108433734939759,1.2283950617283952,0.6,0.18358579957084237,1.0,0.0,0.0,0.0,0.0,1.0,4.61
STU-10574,-0.22168922391639634,0.14311808316321042,0.2907662082514735,0.7204819277108434,-0.02469135802469083,0.0,-0.27913913616180464,0.0,0.0,0.0,1.0,0.0,0.0,4.49
STU-12767,-0.1963337330820633,-0.25529171591275374,-1.0734774066797645,0.8192771084337349,-0.24074074074074053,-0.6,-0.12489749091758927,1.0,1.0,0.0,0.0,0.0,0.0,4.08
STU-11937,0.18879561418536886,-0.28193832599118956,0.0,0.4361445783132529,-1.098765432098765,0.2,0.16302024687161404,0.0,0.0,0.0,0.0,0.0,1.0,4.77
STU-14010,-0.6643823882131237,0.5273450091329106,0.7921414538310415,-0.5108433734939759,-0.37037037037037013,-0.6,1.3249739743780404,0.0,0.0,0.0,0.0,0.0,1.0,4.61
STU-14848,0.039403803323624365,-0.23079402600193424,-0.41178781925343805,0.21927710843373496,-1.1975308641975304,-0.6,-0.7521468482440667,1.0,0.0,0.0,1.0,0.0,0.0,4.19
STU-14011,-0.26897378790474635,-0.5449661545073604,-0.950884086444008,-0.274698795180723,-0.7962962962962957,0.4,-0.33055301790987734,1.0,0.0,1.0,0.0,0.0,0.0,3.77
STU-11150,0.636285763234537,-0.10314816804555736,0.24361493123772118,1.5469879518072287,0.43209876543209885,-0.2,0.6874418407019479,1.0,0.0,0.0,0.0,0.0,1.0,5.96
STU-13651,-1.3311632688024677,0.5273450091329106,1.1269155206286838,-0.05542168674698805,0.19753086419753102,0.4,-0.47451188680447853,0.0,1.0,0.0,0.0,0.0,0.0,4.74
STU-14882,0.7993832448175426,0.5273450091329106,1.2432220039292736,-0.49397590361445787,-0.22839506172839458,0.8,1.3249739743780404,0.0,0.0,1.0,0.0,0.0,0.0,5.05
STU-13794,-0.1387699160527672,0.5273450091329106,0.3803536345776032,0.19277108433734935,-0.35185185185185147,0.4,-1.1531751258790288,0.0,0.0,0.0,1.0,0.0,0.0,3.99
STU-10494,-0.07024156244646261,-1.2008165896636942,-0.8927308447937132,-0.3373493975903615,-0.5123456790123452,-1.0,-0.37168412330833495,0.0,1.0,0.0,0.0,0.0,0.0,2.97
STU-10435,0.08737365084803779,-0.6880842376705708,0.42907662082514747,-0.3734939759036144,0.7222222222222221,1.2,0.1733030232212282,0.0,0.0,0.0,0.0,0.0,1.0,4.41
STU-13045,0.19770430015418816,0.1418287310626409,0.0,-0.7060240963855422,-0.06790123456790088,-0.6,-0.10433193821836001,0.0,0.0,0.0,0.0,0.0,1.0,4.3
STU-13425,0.26691793729655516,-0.322338025142366,-1.1850687622789786,-0.4240963855421687,1.3024691358024698,0.2,1.0267734602392231,0.0,0.0,0.0,0.0,1.0,0.0,4.58
STU-11146,-0.6924790131917092,0.4499838830987429,-0.10530451866404716,0.5373493975903613,-0.2716049382716046,0.4,0.42008965561197387,1.0,0.0,0.0,0.0,0.0,1.0,4.21
STU-12411,0.41151276340585885,0.5273450091329106,1.4978388998035366,-0.3638554216867469,0.6419753086419758,0.2,-0.0632008328199024,0.0,0.0,1.0,0.0,0.0,0.0,5.95
STU-13476,0.4985437724858654,0.5273450091329106,0.669548133595285,-0.15180722891566262,-0.7345679012345675,0.8,-0.22772525441373284,1.0,0.0,0.0,0.0,1.0,0.0,4.37
STU-12872,-0.30597909885215124,-0.2883850864940371,0.029862475442043148,-1.0144578313253012,-0.12345679012345634,0.0,-0.17631137266566105,0.0,0.0,0.0,1.0,0.0,0.0,4.23
STU-13130,0.0,-0.35027398732137127,-0.40707269155206294,0.22168674698795177,-0.5864197530864192,-0.8,0.5023518664088891,1.0,0.0,0.0,0.0,0.0,1.0,3.9
STU-13931,-1.1961624121980476,-1.4780272912861288,-1.7304518664047155,1.2746987951807225,-0.648148148148148,0.4,-1.2765684420744015,1.0,0.0,0.0,0.0,0.0,1.0,2.38
STU-13115,-0.3429844097995552,-0.22778553776727184,0.09430255402750487,0.22168674698795177,0.6975308641975313,-0.8,-0.49507743950370686,0.0,1.0,0.0,0.0,0.0,0.0,3.66
STU-10294,0.2347096111015921,0.5273450091329106,0.4385068762278981,-0.7975903614457831,1.1790123456790123,-0.6,0.008778601627397745,1.0,0.0,0.0,1.0,0.0,0.0,4.82
STU-14185,-0.5314373822168929,0.14698613946491895,0.48408644400785866,0.4265060240963854,1.3024691358024698,-0.6,-1.184023454927872,0.0,0.0,0.0,0.0,0.0,1.0,4.08
STU-11784,-1.1152989549426078,0.1813688621467712,-0.707269155206287,-0.853012048192771,0.8518518518518523,0.2,0.008778601627397745,1.0,0.0,1.0,0.0,0.0,0.0,3.89
STU-11157,-0.7096111015932854,-1.2033952938648333,-1.0467583497053048,-0.5108433734939759,-0.1790123456790118,0.2,0.5948968535554185,0.0,0.0,0.0,0.0,0.0,1.0,3.08
STU-12760,-0.4231625835189317,0.5273450091329106,0.0,-0.03132530120481925,-0.8271604938271604,0.0,-0.9166712698378972,1.0,0.0,0.0,0.0,0.0,1.0,3.88
STU-13823,0.5252698303923242,0.13967981089502526,0.5563850687622792,-1.1228915662650603,-0.5185185185185184,-1.0,0.759421275149249,0.0,0.0,0.0,0.0,1.0,0.0,3.97
STU-11147,0.0,-0.03395293864832948,0.40235756385068777,-1.0168674698795181,1.580246913580247,-1.0,0.5948968535554185,0.0,0.0,0.0,0.0,1.0,0.0,4.89
STU-11063,0.29501456227514083,0.1289352100569464,-0.22946954813359519,1.9349397590361443,-0.5617283950617279,-0.2,-0.7212985191952243,1.0,0.0,0.0,0.0,1.0,0.0,3.7
STU-10491,-0.4307007024156252,-0.42935424948963186,-0.3159135559921415,-0.4168674698795181,-1.1049382716049376,0.6,-1.8112728122543496,0.0,0.0,0.0,1.0,0.0,0.0,3.48
STU-10746,-1.1666952201473362,-0.0924035672074785,-0.2939096267190569,-0.7614457831325301,-0.5432098765432097,1.2,-0.42309800505640677,0.0,1.0,0.0,0.0,0.0,0.0,3.65
STU-11923,-0.8007538118896704,-0.40657569571290464,-0.5485265225933204,-0.15421686746987964,1.314814814814815,1.0,-0.22772525441373284,0.0,0.0,0.0,1.0,0.0,0.0,3.53
STU-10815,0.0,0.5273450091329106,1.8640471512770143,1.2,0.41975308641975345,-1.0,0.28641356306698684,0.0,0.0,0.0,0.0,1.0,0.0,6.14
STU-12060,-0.6698646565016279,-0.5092940797249387,-0.9477406679764244,-0.5542168674698795,0.6543209876543212,-1.0,-1.2148717839767147,0.0,0.0,0.0,1.0,0.0,0.0,3.33
STU-11930,0.011307178345039715,-0.5922423981949072,-0.6428290766208252,0.2987951807228916,0.4506172839506175,-0.2,0.0,0.0,1.0,0.0,0.0,0.0,0.0,3.56
STU-12658,-0.04283022100394135,0.5273450091329106,1.0247544204322203,-0.8554216867469879,-1.0679012345679009,1.0,0.2555652340181434,1.0,1.0,0.0,0.0,0.0,0.0,3.76
STU-10790,0.9988007538118888,0.5273450091329106,1.1096267190569746,0.9349397590361442,0.26543209876543244,-0.8,0.008778601627397745,0.0,0.0,0.0,1.0,0.0,0.0,4.72
STU-11849,-0.6993318485523393,-0.677339636832492,-0.5359528487229863,0.8915662650602407,0.5987654320987658,-0.4,-0.16602859631604688,1.0,0.0,0.0,0.0,1.0,0.0,4.16
STU-12070,0.9426075038547195,0.5273450091329106,0.9304518664047152,0.050602409638554204,-0.10493827160493822,0.0,1.3249739743780404,1.0,0.0,0.0,0.0,1.0,0.0,6.45
STU-14782,-0.27034435497687215,0.17191361340926187,-1.0483300589390965,-0.45301204819277113,-0.5308641975308638,-0.6,-0.7521468482440667,0.0,0.0,1.0,0.0,0.0,0.0,3.67
STU-13614,-0.19564844954600089,0.5273450091329106,0.6836935166994107,-0.5084337349397591,-1.1543209876543203,0.4,0.0807580360746988,0.0,0.0,0.0,0.0,0.0,1.0,4.76
STU-11176,0.7363371594997423,0.5273450091329106,0.48565815324165035,-0.9493975903614458,-0.08024691358024684,-0.4,0.6668762880027196,0.0,0.0,0.0,0.0,0.0,1.0,4.68
STU-10932,0.1565872879904048,0.5273450091329106,0.9524557956777998,1.014457831325301,0.6728395061728394,-1.0,-0.16602859631604688,0.0,1.0,0.0,0.0,0.0,0.0,4.63
STU-12499,-0.37176631831420326,0.0,0.3332023575638509,-0.16385542168674713,-1.1234567901234565,2.0,-0.042635280120674045,0.0,1.0,0.0,0.0,0.0,0.0,4.46
STU-12876,0.9988007538118888,-1.619426238315247,-0.9445972495088409,0.17831325301204823,-0.40740740740740694,-1.0,-0.7212985191952243,0.0,1.0,0.0,0.0,0.0,0.0,3.08
STU-13111,0.0,0.08767594283872321,8.677064113386582,-0.17590361445783143,-0.4135802469135802,-0.8,0.18358579957084237,0.0,0.0,0.0,1.0,0.0,0.0,4.94
STU-10339,-1.157786534178517,-1.3774578274417109,-1.4648330058939099,-0.5132530120481928,0.9320987654320986,-0.2,-1.1634579022286429,1.0,1.0,0.0,0.0,0.0,0.0,2.91
STU-13548,0.3608017817371928,0.0,0.7607072691552067,-0.5518072289156626,0.04320987654321005,1.2,0.8005523805477066,1.0,1.0,0.0,0.0,0.0,0.0,5.91
STU-14328,0.18399862943292705,0.5273450091329106,1.477406679764244,1.3855421686746987,0.5925925925925931,0.2,-0.22772525441373284,1.0,0.0,1.0,0.0,0.0,0.0,5.58
STU-10822,0.9988007538118888,0.3661759965617276,0.3316306483300589,-0.23373493975903628,-0.22839506172839458,-0.6,0.49206909005927496,0.0,0.0,0.0,0.0,0.0,1.0,4.65
STU-11127,-0.2175775227000179,0.5273450091329106,0.39764243614931233,-0.672289156626506,-0.8703703703703699,0.0,-1.0092162569844265,0.0,1.0,0.0,0.0,0.0,0.0,3.44
STU-14694,-0.16823710810347867,0.001289352100569513,0.0,-0.03373493975903628,-0.7160493827160489,0.2,0.2658480103677576,0.0,0.0,0.0,1.0,0.0,0.0,4.29
STU-14247,0.5492547541545305,0.5273450091329106,0.9571709233791753,-0.6240963855421687,-0.25308641975308593,0.2,0.8005523805477066,1.0,0.0,0.0,1.0,0.0,0.0,4.75
STU-14642,-0.21894808977214372,0.29311271086279117,-0.017288801571709148,-0.07710843373493982,0.30864197530864196,-0.6,-0.3511185706091057,0.0,0.0,1.0,0.0,0.0,0.0,3.96
STU-12207,-0.5362343669693347,-0.8367895132695821,-1.2856581532416504,-0.7469879518072289,1.3827160493827162,-0.8,-0.2997046888610339,0.0,1.0,0.0,0.0,0.0,0.0,3.0
STU-12214,-0.2415624464622241,-0.41302245621575157,-0.26561886051080547,-0.6216867469879518,-0.493827160493827,-0.2,-0.7829951772929102,0.0,0.0,0.0,1.0,0.0,0.0,2.3
STU-10197,-0.5554223059791,0.0,-0.7685658153241651,1.7927710843373492,-0.987654320987654,-1.0,-0.7932779536425244,1.0,1.0,0.0,0.0,0.0,0.0,3.85
STU-12613,-0.77813945519959,-0.11088428064897382,-0.11630648330058944,-1.0602409638554218,0.0,1.2,0.759421275149249,0.0,0.0,1.0,0.0,0.0,0.0,4.01
STU-11536,-0.034606818571184486,0.010314816804555491,-0.2451866404715129,1.4915662650602408,0.30864197530864196,-0.2,-0.6698846374471524,0.0,0.0,0.0,0.0,0.0,1.0,4.06
STU-11392,0.9014904916909362,0.5273450091329106,0.29233791748526516,-0.06506024096385553,-0.35802469135802417,1.2,1.2015806581826676,1.0,0.0,0.0,1.0,0.0,0.0,5.28
STU-12358,0.9988007538118888,0.5273450091329106,0.40707269155206294,-0.744578313253012,-0.14814814814814772,0.6,0.33782744481505866,0.0,0.0,0.0,0.0,1.0,0.0,5.29
STU-10930,0.11272914168236983,-0.5148812721607394,-0.869155206286837,1.7542168674698793,0.20370370370370375,-1.0,-0.21744247806411868,0.0,0.0,0.0,0.0,0.0,1.0,3.05
STU-14461,-0.3436696933356186,-0.46373697217148413,-0.020432220039292577,0.0,0.19135802469135832,1.0,-0.10433193821836001,0.0,0.0,1.0,0.0,0.0,0.0,4.06
STU-14432,0.9988007538118888,-0.3124529923713339,0.11944990176817287,-0.01686746987951814,0.06790123456790143,-0.2,0.3686757738639021,0.0,0.0,0.0,0.0,0.0,1.0,4.57
STU-14920,-0.438924104848382,0.3584398839583105,0.5658153241650296,1.556626506024096,-1.0432098765432094,-0.8,0.0,0.0,0.0,0.0,0.0,0.0,1.0,5.25
STU-13444,-0.4677060133630301,-0.9915117653379181,-0.6648330058939097,0.08674698795180709,1.4135802469135808,-0.8,0.6977246170515621,0.0,0.0,0.0,0.0,1.0,0.0,4.57
STU-13339,0.4402946719205059,0.10744600838078866,0.1210216110019646,-0.012048192771084293,0.987654320987654,0.8,0.060192483375469535,1.0,0.0,0.0,0.0,1.0,0.0,4.79
STU-12474,0.0,-0.13495218652627058,0.0,1.3036144578313251,-0.4135802469135802,-0.8,0.07047525972508462,0.0,0.0,0.0,1.0,0.0,0.0,4.22
STU-14599,0.7589515161898227,0.05973998065971852,0.2797642436149312,-0.24819277108433738,-0.35802469135802417,1.2,0.34811022116467283,0.0,0.0,0.0,0.0,1.0,0.0,5.03
STU-13366,-0.4382388213123186,-1.2111314064682501,-0.5092337917485267,-1.0,-0.6358024691358021,0.8,0.6257451826042619,1.0,0.0,1.0,0.0,0.0,0.0,3.82
STU-14986,0.9988007538118888,0.5273450091329106,1.043614931237721,0.3108433734939759,-0.11728395061728364,1.0,0.7902696041980924,0.0,0.0,0.0,0.0,0.0,1.0,5.96
STU-12257,0.46016789446633466,-0.26130869238207793,0.37092337917485263,1.1325301204819274,-0.4259259259259256,-0.2,-0.4025324523571775,0.0,0.0,0.0,0.0,0.0,1.0,4.59
STU-14566,-0.7582662326537613,0.5273450091329106,0.2954813359528489,-0.06024096385542168,1.4197530864197534,0.2,0.5126346427585032,1.0,0.0,0.0,0.0,0.0,1.0,4.84
STU-14554,0.12643481240363094,0.06661652519608885,0.22789783889980375,-0.3397590361445783,-1.2222222222222219,-1.0,-0.8035607299921395,0.0,0.0,0.0,0.0,1.0,0.0,3.9
STU-10969,0.9988007538118888,-0.4452562587299882,0.6726915520628683,-0.944578313253012,0.06790123456790143,2.0,-0.0015041747222164304,0.0,0.0,0.0,0.0,0.0,1.0,4.68
STU-11429,0.8603734795271538,-0.0030084882346624003,-0.5280943025540275,-0.036144578313253094,-0.07407407407407358,1.0,0.8211179332469349,0.0,0.0,0.0,0.0,1.0,0.0,5.62
STU-14042,-0.8583176289189656,-1.6198560223487701,-1.582711198428291,-0.3879518072289157,0.29012345679012386,0.8,-0.7110157428456101,1.0,0.0,0.0,1.0,0.0,0.0,3.19
STU-14688,-0.9062874764433789,0.1272160739228535,-0.0722986247544203,2.2530120481927707,0.34567901234567927,0.4,0.6154624062546469,1.0,0.0,0.0,0.0,0.0,1.0,4.38
STU-12048,-0.19907486722631593,0.5196088965294935,0.7371316306483301,-0.9228915662650602,1.9074074074074072,-0.8,-0.09404916186874583,0.0,0.0,1.0,0.0,0.0,0.0,5.01
STU-10551,0.18879561418536886,0.049854947888685795,-0.12416502946954802,-0.16385542168674713,0.42592592592592615,-0.8,0.44065520831120225,0.0,0.0,0.0,1.0,0.0,0.0,4.24
STU-11468,-0.42042144937467907,-0.20027935962179053,0.14302554027504916,0.5831325301204818,0.8395061728395069,-0.6,0.28641356306698684,0.0,0.0,0.0,0.0,1.0,0.0,3.64
STU-12832,0.3457255439438059,-0.30944450413667146,-0.9445972495088409,0.0,0.5740740740740744,-0.2,-0.09404916186874583,1.0,0.0,0.0,1.0,0.0,0.0,3.93
STU-12407,0.6403974644509155,0.3305039217793058,0.15717092337917488,-0.8963855421686747,0.9753086419753086,0.4,-0.6184707556990797,1.0,0.0,1.0,0.0,0.0,0.0,5.35
STU-13587,0.0,0.14010959492854802,0.14616895874263258,-0.6289156626506024,-1.1604938271604937,0.8,-0.6596018610975374,0.0,0.0,0.0,0.0,0.0,1.0,4.03
STU-10888,0.9988007538118888,0.5273450091329106,0.8314341846758353,-0.46746987951807234,-0.2037037037037032,-1.0,-0.41281522870679255,0.0,1.0,0.0,0.0,0.0,0.0,5.56
STU-11277,0.7294843241391112,-0.07693134200064496,-0.6082514734774067,0.650602409638554,-0.04938271604938221,0.4,-0.052918056470288216,1.0,0.0,0.0,1.0,0.0,0.0,5.1
STU-11635,0.862429330135343,0.5273450091329106,0.845579567779961,0.8144578313253009,0.9753086419753086,-0.2,1.3249739743780404,0.0,0.0,0.0,1.0,0.0,0.0,6.39
STU-12751,0.9158814459482607,-0.22434726549908668,0.05500982318271115,-0.672289156626506,-1.2407407407407405,-0.4,0.3686757738639021,1.0,0.0,0.0,1.0,0.0,0.0,5.12
STU-13197,0.7075552509850942,0.5273450091329106,1.2777996070726918,0.37108433734939755,0.6543209876543212,1.0,0.44065520831120225,1.0,0.0,0.0,0.0,1.0,0.0,5.97
STU-12679,0.8781908514647924,0.5273450091329106,2.0762278978389,-0.763855421686747,-1.0740740740740735,1.6,0.0,0.0,0.0,0.0,0.0,0.0,1.0,5.45
STU-12341,-0.06544457769402175,-1.0938003653164288,-0.21375245579567775,2.233734939759036,0.6111111111111112,0.2,0.9136629203934643,0.0,0.0,0.0,1.0,0.0,0.0,3.95
STU-13510,-0.11958197704300184,-0.49983883098742926,0.02200392927308457,0.7493975903614456,0.7098765432098767,-1.0,0.5948968535554185,0.0,0.0,0.0,0.0,1.0,0.0,4.78
STU-14780,-0.11889669350693942,0.5273450091329106,1.0106090373280947,0.3542168674698794,0.43209876543209885,1.4,0.2247169049693,1.0,0.0,0.0,1.0,0.0,0.0,5.3
STU-12827,0.1565872879904048,0.5273450091329106,1.0923379174852657,-0.24578313253012057,-0.06172839506172817,0.2,-0.2997046888610339,0.0,0.0,0.0,0.0,1.0,0.0,5.01
STU-11867,0.5218434127120092,0.5273450091329106,1.958349705304519,0.0,0.0,0.6,1.1090356710361382,0.0,0.0,0.0,0.0,0.0,1.0,6.43
STU-11926,0.06818571183827242,-0.6846459654023856,-0.32534381139489205,1.7975903614457827,-0.14197530864197502,1.0,0.0,1.0,0.0,0.0,0.0,1.0,0.0,4.47
STU-11291,0.6808291930786354,0.5273450091329106,0.3332023575638509,0.631325301204819,0.3333333333333333,0.0,-0.26885635981219047,0.0,1.0,0.0,0.0,0.0,0.0,4.52
STU-11177,0.4834675346924785,-0.8101429031911469,10.87147196709099,0.3132530120481927,1.5061728395061735,-0.8,0.2761307867173727,1.0,0.0,0.0,0.0,0.0,1.0,4.86
STU-11912,0.2264862086688362,0.5273450091329106,1.4648330058939096,0.0,-1.481481481481481,-0.2,1.1193184473857525,1.0,0.0,0.0,0.0,0.0,1.0,5.8
STU-14344,0.22168922391639437,0.5230471687976793,0.9728880157170924,-0.272289156626506,-1.111111111111111,0.8,-0.1454630436168176,1.0,0.0,0.0,1.0,0.0,0.0,3.42
STU-13954,-0.021586431385986767,-0.3618781562264963,-1.0090373280943028,0.6289156626506022,-1.2160493827160492,1.6,-1.029781809683656,0.0,1.0,0.0,0.0,0.0,0.0,3.58
STU-14734,-0.23470961110159405,-0.1362415386268401,-0.5280943025540275,0.0,-1.358024691358024,-1.0,0.2761307867173727,0.0,0.0,0.0,0.0,0.0,1.0,3.82
STU-14835,0.5869453486379977,0.31503169657247226,0.8738703339882125,0.05783132530120486,0.10493827160493877,0.8,-0.011786951071830606,0.0,0.0,0.0,0.0,1.0,0.0,4.39
STU-13104,0.9988007538118888,0.5273450091329106,0.1587426326129666,-0.655421686746988,-0.030864197530864085,0.8,0.5332001954577326,1.0,1.0,0.0,0.0,0.0,0.0,5.62
STU-11605,-1.2619496316600998,-2.030729558396906,-1.7304518664047155,-0.8795180722891567,0.3703703703703707,2.8,-1.235437336675944,0.0,0.0,0.0,0.0,0.0,1.0,1.12
STU-10916,0.6952201473359589,0.5273450091329106,0.0,-0.44337349397590364,-0.30864197530864196,-0.4,0.008778601627397745,0.0,0.0,0.0,0.0,1.0,0.0,5.14
STU-10233,0.2909028610587624,0.5131621360266465,-0.2420432220039292,-0.5325301204819277,-0.6419753086419747,1.8,0.7080073934011771,1.0,0.0,1.0,0.0,0.0,0.0,4.62
STU-14411,0.9988007538118888,0.5273450091329106,0.4935166994106092,1.7325301204819274,-0.4197530864197529,1.4,0.28641356306698684,0.0,0.0,0.0,0.0,0.0,1.0,4.72
STU-14653,0.9480897721432238,0.5273450091329106,0.6082514734774069,-0.39036144578313253,-0.4197530864197529,0.6,1.3249739743780404,1.0,0.0,0.0,1.0,0.0,0.0,5.75
STU-13052,-0.3148877848209706,0.0,0.9477406679764244,0.06746987951807212,-0.25308641975308593,-0.8,0.008778601627397745,0.0,0.0,0.0,0.0,1.0,0.0,5.15
STU-12450,0.0,-0.08810572687224658,0.6899803536345775,-0.4481927710843374,-2.3827160493827155,0.6,-0.5773396503006221,0.0,0.0,0.0,0.0,0.0,1.0,4.14
STU-12570,0.2909028610587624,0.5273450091329106,0.9367387033398822,0.012048192771084293,-0.3950617283950615,1.4,0.4715035373600457,0.0,0.0,0.0,0.0,0.0,1.0,5.23
STU-10657,-1.1728627719719038,-1.5510905769850654,-0.18546168958742631,-0.036144578313253094,0.5925925925925931,0.8,-0.7624296245936818,0.0,0.0,1.0,0.0,0.0,0.0,2.16
STU-10762,0.1326023642281986,-0.22176856129794825,-0.4432220039292732,0.6530120481927708,0.18518518518518562,0.2,0.060192483375469535,1.0,0.0,0.0,1.0,0.0,0.0,4.5
STU-14652,-1.1893095768374176,-0.4052863436123351,0.1728880157170923,2.0433734939759036,1.2901234567901232,0.2,0.8519662622957784,0.0,0.0,0.0,0.0,0.0,1.0,4.46
STU-10502,-0.19085146479355905,-0.6923820780058021,0.2813359528487232,1.2265060240963854,-0.2654320987654319,0.6,1.3249739743780404,0.0,0.0,0.0,1.0,0.0,0.0,4.22
STU-12195,-0.454000342641769,0.0,0.0,-0.1734939759036146,1.3395061728395061,0.8,0.4303724319615881,0.0,0.0,0.0,1.0,0.0,0.0,5.0
STU-12386,0.9988007538118888,0.5041366713226599,0.5469548133595287,0.3638554216867469,0.2407407407407411,0.4,-0.47451188680447853,0.0,0.0,1.0,0.0,0.0,0.0,4.85
STU-14283,0.7061846839129684,0.0,-0.0722986247544203,0.33253012048192765,-1.111111111111111,1.6,0.039626930676241186,0.0,0.0,0.0,0.0,1.0,0.0,4.54
STU-10445,0.8336474216206949,-0.15171376383367363,-0.5516699410609038,0.4385542168674697,-0.27777777777777735,0.8,0.09104081242431297,0.0,0.0,0.0,0.0,0.0,1.0,3.89
STU-10056,-0.9103991776597574,0.5273450091329106,0.5909626719056975,-0.3975903614457832,0.3580246913580247,0.8,-0.32027024156026224,1.0,0.0,0.0,0.0,0.0,1.0,4.16
STU-11043,-0.01678944663354494,-0.710862791447298,-0.4667976424361495,-0.580722891566265,1.0000000000000004,-0.2,1.0576217892880664,0.0,0.0,0.0,1.0,0.0,0.0,4.03
STU-13264,0.40397464450916437,0.0,0.43379174852652264,-0.6771084337349397,-0.21604938271604915,0.0,1.0473390129384523,0.0,0.0,0.0,0.0,0.0,1.0,7.82423796163143
STU-10330,0.19496316600993555,0.4349414419254321,0.3269155206286838,-0.6481927710843374,-0.4629629629629629,0.4,-0.505360215853322,0.0,0.0,0.0,0.0,0.0,1.0,3.43
STU-12168,-0.31214665067671793,-0.2944020629633613,-0.6145383104125738,2.6313253012048192,-1.2469135802469133,-1.0,0.060192483375469535,0.0,0.0,0.0,0.0,0.0,1.0,4.35
STU-11825,0.2401918793900973,0.5273450091329106,-0.06444007858546172,-0.45301204819277113,1.7901234567901236,0.2,0.8108351568973208,0.0,1.0,0.0,0.0,0.0,0.0,4.8
STU-12660,-0.0483124892924456,-0.043837971419362215,-0.38821218074656205,0.9156626506024093,-0.2839506172839506,0.0,-0.9989334806348125,0.0,0.0,0.0,0.0,1.0,0.0,4.18
STU-14923,-0.38752783964365356,0.4220479209197376,0.5689587426326133,-0.7228915662650601,-0.37654320987654283,0.8,0.9239456967430795,1.0,0.0,0.0,1.0,0.0,0.0,4.28
STU-11723,-1.0364913482953582,-0.9906521972708714,-1.3108055009823185,0.22891566265060243,-0.4999999999999997,0.6,-0.7829951772929102,1.0,0.0,0.0,0.0,0.0,1.0,2.47
STU-14833,0.5622751413397282,0.07521220586655206,-0.09901768172888002,0.4120481927710843,-0.06172839506172817,-0.6,1.294125645329197,0.0,0.0,0.0,1.0,0.0,0.0,5.27
STU-13094,0.3265376049340405,0.12850542602342302,1.18664047151277,0.6746987951807226,-0.46913580246913567,-0.8,1.16044955278421,1.0,1.0,0.0,0.0,0.0,0.0,5.16
STU-10292,-1.44629090286106,0.24755560330933668,0.5438113948919452,0.0,0.5555555555555557,-0.4,-1.1737406785782571,0.0,0.0,1.0,0.0,0.0,0.0,3.78
STU-14066,0.9988007538118888,0.3717631889975284,-0.0974459724950883,1.337349397590361,0.13580246913580285,-0.4,1.3249739743780404,1.0,0.0,0.0,0.0,0.0,1.0,6.11
STU-11913,-1.9390097652903893,-0.5621575158482862,-1.5968565815324167,1.2602409638554217,0.5925925925925931,1.0,-1.6775967197093626,1.0,0.0,1.0,0.0,0.0,0.0,2.48
STU-13458,0.3107760836045902,0.2501343075104757,-0.24047151277013745,-0.619277108433735,-0.43827160493827155,0.8,1.1090356710361382,0.0,0.0,0.0,0.0,1.0,0.0,4.85
STU-14788,0.016789446633543967,0.0,-1.290373280943026,-0.11084337349397588,-0.6604938271604934,-0.4,0.4715035373600457,0.0,0.0,1.0,0.0,0.0,0.0,3.8
STU-12851,0.08052081548740674,-0.07220371763189028,-0.5280943025540275,-0.6048192771084338,-0.339506172839506,0.6,-0.37168412330833495,0.0,1.0,0.0,0.0,0.0,0.0,4.38
STU-10123,0.9988007538118888,0.5273450091329106,0.6161100196463655,-0.7349397590361446,-1.0740740740740735,-1.0,0.8725318149950068,0.0,0.0,0.0,0.0,0.0,1.0,5.01
STU-14959,-0.5547370224430367,-0.8965294939293006,-0.39607072691552064,0.48433734939759027,0.8518518518518523,0.2,-0.42309800505640677,0.0,0.0,0.0,0.0,1.0,0.0,3.1
STU-12975,0.8548912112386495,0.5273450091329106,0.8235756385068764,0.4,-0.0432098765432095,-0.2,1.3249739743780404,0.0,0.0,1.0,0.0,0.0,0.0,5.3
STU-14110,-0.6890525955113933,-0.30944450413667146,0.011001964636542285,-0.6433734939759036,0.5679012345679016,0.0,-0.9578023752363548,0.0,0.0,0.0,0.0,0.0,1.0,3.07
STU-14561,-1.5716977899605966,-0.012033952938648378,0.15559921414538316,0.544578313253012,-0.6975308641975307,-0.4,-0.07348360916951749,0.0,0.0,0.0,1.0,0.0,0.0,3.48
STU-11010,0.0,-0.5698936284517033,-0.5108055009823184,0.15903614457831328,0.7407407407407414,-0.2,-0.23800803076334703,0.0,1.0,0.0,0.0,0.0,0.0,3.56
STU-14747,0.3943806750042827,0.030084882346620948,-0.34420432220039293,-0.7156626506024096,-0.006172839506172707,-0.8,-0.13518026726720345,0.0,0.0,0.0,0.0,0.0,1.0,4.79
STU-11906,-1.5785506253212274,-0.18695605458257264,-1.0436149312377212,-0.2771084337349398,0.0,0.8,-1.6056172852620616,0.0,0.0,0.0,0.0,0.0,1.0,3.24
STU-13914,0.6979612814802115,0.5273450091329106,0.7638506876227901,0.0,1.4135802469135808,-0.4,0.6977246170515621,1.0,0.0,0.0,0.0,0.0,1.0,5.98
STU-10644,0.10176460510536132,0.30987428817019425,0.28762278978389005,-0.4024096385542168,-1.8148148148148144,1.2,0.5948968535554185,1.0,0.0,0.0,0.0,1.0,0.0,5.28
STU-11200,0.28816172691450975,-0.3928226066401634,-0.881728880157171,-0.3879518072289157,0.6358024691358032,-0.4,-0.8549746117402113,0.0,0.0,0.0,0.0,0.0,1.0,3.95
STU-12099,-1.3510364913482964,-0.8067046309229617,-1.2919449901768174,-0.38554216867469887,0.0,0.4,-0.8241262826913678,0.0,0.0,0.0,1.0,0.0,0.0,2.2
STU-14621,-0.022271714922050163,-0.15429246803481267,-0.8031434184675835,0.34698795180722874,0.4876543209876543,0.2,-0.16602859631604688,0.0,0.0,0.0,0.0,1.0,0.0,4.29
STU-14416,0.0,-1.1651445148812725,-0.744990176817289,-0.5975903614457831,-0.1728395061728391,0.8,1.3249739743780404,0.0,0.0,0.0,0.0,1.0,0.0,3.49
STU-12530,-0.1730340928559195,-0.2952616310304074,-0.4463654223968566,0.7325301204819274,0.9074074074074078,0.8,0.10132358877392715,0.0,0.0,0.0,0.0,0.0,1.0,4.59
STU-10006,-0.12643481240363288,-0.41775008058450624,0.32534381139489205,0.8867469879518071,0.3580246913580247,1.4,0.358392997514287,0.0,0.0,0.0,0.0,0.0,1.0,5.49
STU-11470,-0.3690251841699506,-1.02718384012034,-0.5406679764243615,0.6746987951807226,0.6049382716049385,0.4,0.13217191782277057,0.0,1.0,0.0,0.0,0.0,0.0,3.09
STU-10726,0.25389755011135745,-1.47544858708499,-0.5202357563850689,-0.6024096385542168,-0.19753086419753046,0.4,-0.8549746117402113,0.0,0.0,0.0,0.0,1.0,0.0,2.46
STU-13160,-0.9576837416481074,-0.31975932094122694,-0.8000000000000002,0.5277108433734938,0.16666666666666693,0.6,-0.42309800505640677,0.0,0.0,0.0,0.0,0.0,1.0,3.47
STU-13554,0.1223231111872525,0.5273450091329106,0.6145383104125738,-0.8385542168674699,-0.18518518518518506,0.2,0.6154624062546469,0.0,0.0,0.0,0.0,0.0,1.0,5.21
STU-12678,0.9988007538118888,0.014612657139786794,0.0,-0.012048192771084293,0.7962962962962968,-0.6,0.4509379846608173,1.0,0.0,0.0,0.0,1.0,0.0,4.95
STU-14511,-0.347781394551997,-1.0645750510368541,-1.7304518664047155,2.0192771084337346,-0.37037037037037013,0.4,0.5332001954577326,0.0,0.0,0.0,1.0,0.0,0.0,2.6
STU-12326,0.43481240363200163,0.5273450091329106,-0.1100196463654223,0.11566265060240952,0.13580246913580285,0.4,-1.5130722981155322,0.0,0.0,1.0,0.0,0.0,0.0,3.29
STU-14560,-0.18742504711324404,0.5273450091329106,0.14302554027504916,-0.1373493975903615,-0.6358024691358021,-0.8,0.14245469417238477,0.0,0.0,0.0,0.0,0.0,1.0,4.63
STU-13377,0.3464108274798693,0.5273450091329106,0.0,-0.272289156626506,-0.6975308641975307,0.8,0.9342284730926936,0.0,0.0,0.0,0.0,1.0,0.0,5.18
STU-12976,0.5828336474216204,-0.46932416460728493,0.12259332023575631,0.5132530120481927,0.3148148148148152,1.2,1.0679045656376807,0.0,0.0,0.0,1.0,0.0,0.0,4.83
STU-14316,-0.06270344354976914,-0.5827871494573978,-1.1174852652259333,-0.14457831325301215,-0.2839506172839506,0.4,-1.3176995474728592,0.0,1.0,0.0,0.0,0.0,0.0,2.9
STU-12348,-0.1627548398149744,0.5273450091329106,1.070333988212181,0.7662650602409637,-0.5061728395061724,0.2,0.4612207610104315,1.0,0.0,0.0,0.0,1.0,0.0,5.36
STU-10597,0.07503854719890249,0.21446223272805395,0.20746561886051088,-0.9421686746987952,-0.16049382716049368,0.2,-0.28942191251141974,0.0,0.0,0.0,0.0,0.0,1.0,3.74
STU-12505,0.4293301353434974,0.10658644031374191,-0.1964636542239686,2.669879518072289,-0.19135802469135776,0.8,-0.042635280120674045,0.0,0.0,0.0,1.0,0.0,0.0,4.66
STU-11144,0.9405516532465303,-0.908563446867949,0.07858546168958744,-0.5060240963855421,0.5000000000000002,0.2,1.0781873419872947,0.0,0.0,0.0,0.0,0.0,1.0,5.43
STU-13058,-0.774713037519274,0.29912968733211537,0.28919449901768174,-0.13975903614457832,0.0,-1.0,-0.9372368225371265,0.0,0.0,0.0,1.0,0.0,0.0,3.55
STU-11734,-0.44851807435326474,-0.2037176318899757,-0.06915520628683687,-0.3349397590361447,0.679012345679012,-0.2,-1.3382651001720876,1.0,0.0,0.0,0.0,1.0,0.0,2.73
STU-10488,-1.7464450916566738,-0.7749006124422478,-1.5056974459724954,-0.5855421686746988,0.012345679012345963,-1.0,-1.2148717839767147,0.0,0.0,0.0,0.0,1.0,0.0,1.65
STU-13005,-0.3333904402946725,-0.3464059310196627,-0.1964636542239686,-0.04096385542168673,0.01851851851851867,-0.6,0.34811022116467283,1.0,0.0,0.0,0.0,0.0,1.0,4.47
STU-10295,-0.5780366626691804,-0.6180294402062968,-0.33634577603143434,0.3373493975903613,0.0,0.0,-0.8549746117402113,1.0,0.0,0.0,0.0,1.0,0.0,4.12
STU-11870,-0.340928559191366,-0.34941441925432515,0.0,1.253012048192771,-0.5185185185185184,1.4,-0.27913913616180464,1.0,0.0,0.0,0.0,1.0,0.0,4.07
STU-10446,0.3745074524584539,0.11819060921886752,0.0,1.8409638554216867,0.5000000000000002,0.6,-0.2071597017145045,1.0,0.0,0.0,0.0,1.0,0.0,4.45
STU-13513,-1.5223573753640576,-0.6347910175136998,0.0,-0.8939759036144579,0.16049382716049423,-0.2,0.6668762880027196,0.0,0.0,0.0,0.0,0.0,1.0,3.41
STU-11704,0.0880589343841002,-0.06532717309551994,0.4762278978388998,0.0,-1.2345679012345678,-0.4,-0.3511185706091057,0.0,0.0,0.0,0.0,1.0,0.0,3.66
STU-14615,-0.2929587116669526,0.5273450091329106,0.4762278978388998,-0.7373493975903614,0.30246913580246926,-0.6,0.0807580360746988,0.0,0.0,0.0,0.0,0.0,1.0,4.51
STU-13676,0.007880760664724679,0.5273450091329106,0.8000000000000004,0.3132530120481927,0.5802469135802472,1.2,0.008778601627397745,1.0,0.0,0.0,0.0,0.0,1.0,4.96
STU-14776,0.42316258351892977,-0.5075749435908458,-1.1960707269155206,-1.1518072289156627,-1.1049382716049376,-0.2,0.7388557224500197,0.0,0.0,0.0,0.0,1.0,0.0,2.67
STU-14592,-0.3203700531094748,0.4804985494788866,0.9005893909626719,-0.3204819277108434,0.5740740740740744,0.2,0.19386857592045748,0.0,0.0,0.0,0.0,0.0,1.0,4.43
STU-12037,0.1456227514133963,-0.6463951864188249,0.0,1.944578313253012,1.0432098765432105,0.0,-1.9757972338481802,0.0,0.0,0.0,0.0,1.0,0.0,2.2
STU-10399,0.0,-0.5127323519931238,-0.42907662082514747,0.10361445783132522,0.3827160493827161,-0.2,0.039626930676241186,0.0,0.0,0.0,1.0,0.0,0.0,3.53
STU-13897,-1.5401747473016965,-0.5264854410658645,0.0,-0.7301204819277108,-0.09876543209876497,-0.6,0.28641356306698684,1.0,0.0,1.0,0.0,0.0,0.0,3.87
STU-11185,0.381360287819084,0.5273450091329106,0.42121807465618866,-0.6240963855421687,-0.5246913580246911,0.0,0.3995241029127446,0.0,0.0,0.0,0.0,0.0,1.0,4.94
STU-13345,-0.48894980298098367,0.0,0.12730844793713172,0.05301204819277102,0.549382716049383,0.0,-0.6081879793494656,1.0,0.0,0.0,0.0,0.0,1.0,4.35
STU-11606,0.2018160013705666,0.09326313527452464,0.27662082514734776,-0.3686746987951808,-0.4135802469135802,0.2,-2.0374938919458665,0.0,0.0,0.0,0.0,0.0,1.0,3.33
STU-10352,0.2984409799554558,-0.44267755452884916,-0.9650294695481337,0.0,-0.08024691358024684,-1.0,-0.37168412330833495,1.0,0.0,0.0,0.0,1.0,0.0,3.45
STU-10808,-0.2861058763063225,-1.047813473729451,-0.16188605108055001,0.6361445783132531,-0.08024691358024684,0.4,0.7491384987996348,0.0,0.0,0.0,1.0,0.0,0.0,3.14
STU-12178,-0.2634915196162421,-0.027935962179005295,-0.4888015717092338,0.3759036144578312,0.3333333333333333,0.0,-0.19687692536489032,0.0,0.0,0.0,0.0,0.0,1.0,3.79
STU-13330,-0.10107932156929987,-0.24669603524229117,0.969744597249509,-1.0216867469879518,-0.030864197530864085,0.4,-1.0606301387324992,0.0,0.0,0.0,1.0,0.0,0.0,3.88
STU-14945,0.136714065444577,0.3575803158912644,0.921021611001965,-0.2915662650602409,-0.35802469135802417,-0.4,0.9239456967430795,1.0,0.0,0.0,0.0,1.0,0.0,4.55
STU-13438,0.9988007538118888,0.33351241001396764,0.13202357563850686,0.2987951807228916,-0.9567901234567899,-0.6,0.9239456967430795,0.0,0.0,0.0,0.0,0.0,1.0,5.07
STU-14182,0.5122494432071265,-0.4048565595788117,1.0074656188605113,-0.8072289156626505,0.4753086419753089,0.4,-0.032352503771059866,0.0,0.0,0.0,0.0,0.0,1.0,4.85
STU-14929,0.0,0.5273450091329106,1.0231827111984284,0.0,-0.03703703703703679,-1.0,1.3249739743780404,0.0,0.0,0.0,0.0,0.0,1.0,5.18
STU-13079,-1.132431043344184,-0.6910927259052326,-1.444400785854617,0.0,-0.1358024691358023,-0.2,-1.6775967197093626,1.0,1.0,0.0,0.0,0.0,0.0,2.61
STU-11598,0.16412540688709829,-0.3515633394219408,-0.42121807465618866,0.5469879518072288,-1.0493827160493823,1.2,-0.39224967600756333,1.0,0.0,0.0,0.0,0.0,1.0,4.23
STU-12486,0.7383930101079316,0.09928011174384882,-0.5092337917485267,0.975903614457831,0.1234567901234569,0.8,-0.4436635577556351,0.0,0.0,0.0,1.0,0.0,0.0,3.95
STU-10544,0.9988007538118888,0.18996454281723443,-0.1948919449901769,1.5204819277108435,-0.2037037037037032,-0.6,0.4509379846608173,1.0,0.0,0.0,0.0,0.0,1.0,5.31
STU-13261,-0.9631660099366116,-0.093692919308048,0.13516699410609032,0.024096385542168586,0.29629629629629656,0.6,0.7080073934011771,1.0,0.0,0.0,0.0,1.0,0.0,3.79
STU-11251,0.0,0.21833028902976248,0.6412573673870335,-0.07951807228915664,-0.759259259259259,0.8,-0.0015041747222164304,0.0,0.0,0.0,1.0,0.0,0.0,4.24
STU-12488,0.5191022785677566,0.5273450091329106,0.1367387033398823,-0.5421686746987951,0.23456790123456836,1.0,0.759421275149249,0.0,1.0,0.0,0.0,0.0,0.0,4.21
STU-13303,0.042830221003939406,-0.32018910497475034,-0.9555992141453833,0.46987951807228917,-0.2901234567901233,-0.2,-0.4847946631540927,0.0,1.0,0.0,0.0,0.0,0.0,3.0
STU-11620,-0.6218948089772155,-0.6898033738046631,-1.0231827111984284,-0.6698795180722892,0.20370370370370375,-1.0,-1.101761244130957,0.0,0.0,0.0,0.0,1.0,0.0,2.61
STU-13526,0.0,0.04082948318469981,-0.4243614931237721,-0.4168674698795181,0.2469135802469138,-0.6,-0.052918056470288216,0.0,0.0,0.0,1.0,0.0,0.0,4.21
STU-12442,0.43275655302381244,-0.03610185881594514,-0.034577603143418574,0.36144578313253006,-0.7037037037037035,0.8,1.0576217892880664,0.0,0.0,0.0,0.0,1.0,0.0,4.14
STU-14048,0.9988007538118888,0.5273450091329106,1.1332023575638508,0.15662650602409625,0.14197530864197555,2.0,0.564048524506575,0.0,0.0,1.0,0.0,0.0,0.0,5.56
STU-13456,0.0,0.5273450091329106,0.5705304518664049,-0.11566265060240973,-0.679012345679012,-0.8,0.9342284730926936,1.0,0.0,0.0,0.0,1.0,0.0,4.9
STU-12778,-0.0818913825595345,-1.0615665628021922,-0.15245579567779974,0.16144578313253008,0.03703703703703734,0.2,0.38924132656313043,1.0,1.0,0.0,0.0,0.0,0.0,3.84
STU-12166,-0.6095597053280801,0.5273450091329106,1.4208251473477411,0.29397590361445775,0.703703703703704,-0.2,0.38924132656313043,0.0,0.0,0.0,0.0,0.0,1.0,5.35
STU-12490,0.1003940380332355,-0.2737724293542497,0.0,-0.9469879518072288,0.16666666666666693,-0.2,0.2247169049693,0.0,0.0,0.0,1.0,0.0,0.0,4.04
STU-10891,-0.08052081548740869,-0.023638121843773383,0.4165029469548135,-0.3156626506024097,1.9938271604938274,-0.4,0.0,1.0,0.0,0.0,0.0,0.0,1.0,4.47
STU-10893,0.8261093027240015,0.5273450091329106,0.6066797642436149,-0.5518072289156626,-0.5679012345679012,1.0,1.294125645329197,1.0,1.0,0.0,0.0,0.0,0.0,5.65
STU-10049,0.0,0.4302138175566774,0.946168958742633,0.5903614457831323,-2.135802469135802,0.8,-0.4025324523571775,1.0,0.0,0.0,0.0,0.0,1.0,4.19
STU-12582,-0.6075038547198909,-0.6365101536477922,-0.4432220039292732,0.22891566265060243,-0.5185185185185184,-0.2,0.2761307867173727,0.0,0.0,0.0,1.0,0.0,0.0,3.36
STU-13034,-1.366798012677746,-0.2398194907059202,-0.47151277013752463,-0.5566265060240964,0.351851851851852,-0.6,-0.09404916186874583,0.0,0.0,1.0,0.0,0.0,0.0,3.27
STU-11976,-0.9364399520301528,-0.664016331793274,-0.42907662082514747,-0.49397590361445787,0.506172839506173,-0.4,-1.369113429220931,0.0,1.0,0.0,0.0,0.0,0.0,3.23
STU-12011,-0.6917937296556459,-1.4380573761684754,-0.35049115913556006,0.5180722891566263,0.7530864197530868,1.8,-0.6698846374471524,0.0,0.0,0.0,1.0,0.0,0.0,3.03
STU-12083,-1.0810347781394556,-1.3572579778661227,-1.4695481335952851,0.4144578313253011,0.4814814814814816,0.8,-0.6287535320486948,0.0,0.0,0.0,0.0,1.0,0.0,2.44
STU-12302,-0.9782422477299986,-0.5819275813903516,-0.6239685658153243,-0.6795180722891566,0.7654320987654322,1.4,-0.16602859631604688,1.0,1.0,0.0,0.0,0.0,0.0,3.2
STU-13936,0.04694192222031784,-0.16589663693993767,0.3347740667976426,0.27469879518072277,0.5555555555555557,0.6,0.7285729461004056,0.0,0.0,0.0,0.0,1.0,0.0,4.64
STU-14288,0.7877334247044707,-1.028043408187386,-0.49666011787819264,-0.5204819277108433,0.6172839506172839,-0.8,-0.19687692536489032,0.0,1.0,0.0,0.0,0.0,0.0,4.32
STU-11237,-1.8033236251499065,-0.14698613946491895,-0.3457760314341846,0.08674698795180709,0.2407407407407411,0.0,-1.5850517325628333,1.0,0.0,0.0,0.0,0.0,1.0,3.27
STU-14836,-0.5972246016789459,-0.045127323519931116,0.0990176817288803,1.6385542168674694,1.0925925925925923,1.4,0.48178631370965985,1.0,0.0,1.0,0.0,0.0,0.0,4.04
STU-11955,-0.1024498886414257,0.061459116793810796,0.5343811394891946,0.36867469879518056,-0.8271604938271604,1.4,1.3249739743780404,1.0,0.0,0.0,0.0,1.0,0.0,4.88
STU-11765,-0.9186225800925143,0.2166111528956696,-0.045579567779960584,-0.39036144578313253,-1.0246913580246908,-1.0,0.039626930676241186,1.0,0.0,0.0,0.0,1.0,0.0,4.41
STU-14095,-0.5149905773513801,0.23853013860535072,0.7088408644400787,-0.30602409638554223,-0.5802469135802466,-0.2,-0.9886507042851983,0.0,1.0,0.0,0.0,0.0,0.0,4.09
STU-13647,-0.7431899948603743,-0.6094337595358336,-0.3944990176817289,-0.21927710843373496,-0.11111111111111092,-0.6,-0.7932779536425244,1.0,0.0,1.0,0.0,0.0,0.0,2.9
STU-12707,0.43138598595168665,0.11389276888363561,0.12259332023575631,-0.5084337349397591,-0.5555555555555551,-0.2,0.14245469417238477,0.0,0.0,0.0,0.0,0.0,1.0,3.5
STU-11787,-1.063217406201817,-0.2140324486945312,-0.045579567779960584,0.6240963855421686,0.0061728395061732555,-1.0,-0.3511185706091057,1.0,0.0,0.0,1.0,0.0,0.0,3.37
STU-12867,0.8802467020729816,0.5273450091329106,0.11787819253438116,-0.5180722891566265,1.0246913580246915,1.8,0.1733030232212282,0.0,0.0,0.0,1.0,0.0,0.0,4.36
STU-10780,-0.31009080006852874,-0.5845062855914906,-0.9603143418467585,-0.5204819277108433,-0.8703703703703699,0.8,-0.41281522870679255,1.0,0.0,0.0,1.0,0.0,0.0,3.28
STU-14426,-0.3080349494603395,-0.8346405931019664,-0.2829076620825146,-0.009638554216867478,-0.37654320987654283,1.2,1.2838428689795829,1.0,0.0,0.0,0.0,0.0,1.0,3.54
STU-11806,-0.1168408428987502,0.17062426130869235,0.6223968565815327,0.0746987951807228,-0.030864197530864085,0.2,-0.032352503771059866,0.0,0.0,0.0,0.0,0.0,1.0,4.43
STU-10188,0.6602706869967442,0.5273450091329106,2.557170923379176,-0.10120481927710841,0.14197530864197555,0.8,1.088470118336909,1.0,1.0,0.0,0.0,0.0,0.0,5.55
STU-12489,-0.6863114613671416,-0.024927473944342898,-0.550098231827112,0.8024096385542168,-0.8765432098765431,-0.6,0.14245469417238477,0.0,0.0,1.0,0.0,0.0,0.0,3.17
STU-13446,-0.13260236422820054,0.5273450091329106,-0.11787819253438116,0.7734939759036141,-0.2654320987654319,-0.2,0.4098068792623597,0.0,1.0,0.0,0.0,0.0,0.0,5.23
STU-12453,-0.5848894980298105,-1.1715912753841198,-1.1992141453831042,1.8409638554216867,0.30246913580246926,-0.8,-0.7624296245936818,0.0,1.0,0.0,0.0,0.0,0.0,2.89
STU-14789,0.0,-0.5565703234124854,-1.0561886051080551,0.7373493975903616,-0.4135802469135802,1.4,-0.8755401644394396,1.0,1.0,0.0,0.0,0.0,0.0,3.39
STU-11253,-0.4910056535891729,-0.22434726549908668,-0.37406679764243606,-0.009638554216867478,0.5000000000000002,-0.4,-1.0606301387324992,0.0,1.0,0.0,0.0,0.0,0.0,3.68
STU-13545,0.3402432756553016,0.45943913183625223,0.33634577603143434,1.3831325301204818,-0.5493827160493825,0.4,0.4715035373600457,1.0,0.0,0.0,0.0,1.0,0.0,3.68
STU-14824,-0.4259037176631843,0.24669603524229056,-0.06601178781925343,-0.09397590361445796,-0.7469135802469135,0.2,-0.10433193821836001,0.0,0.0,0.0,0.0,0.0,1.0,3.56
STU-13072,-0.13808463251670478,0.5273450091329106,0.09744597249508859,1.9156626506024093,0.25925925925925974,0.4,1.3249739743780404,0.0,0.0,0.0,1.0,0.0,0.0,5.27
STU-14289,0.0,0.09713119157623255,0.43693516699410606,0.0,0.0,-0.8,-0.41281522870679255,0.0,0.0,0.0,0.0,0.0,1.0,5.21
STU-13961,-0.03118040089086945,-0.6605780595250889,-0.40392927308447946,-0.10361445783132543,-1.5185185185185184,0.4,0.008778601627397745,0.0,0.0,0.0,1.0,0.0,0.0,3.81
STU-13237,0.22717149220489863,-1.1393574728698832,-0.5893909626719058,-0.2240963855421688,0.2283950617283951,0.6,-0.6287535320486948,0.0,0.0,0.0,1.0,0.0,0.0,3.59
STU-12631,-0.13602878190851558,0.4082948318469969,0.8550098231827112,0.6144578313253009,-0.8888888888888885,0.4,0.2555652340181434,0.0,1.0,0.0,0.0,0.0,0.0,4.66
STU-13187,0.4512592084975154,0.5273450091329106,0.0015717092337917153,0.5156626506024096,1.0864197530864195,0.4,0.3995241029127446,0.0,1.0,0.0,0.0,0.0,0.0,5.3
STU-12813,0.9988007538118888,0.0,0.5611001964636544,-0.4265060240963855,-0.5246913580246911,-0.2,0.893097367694236,1.0,0.0,0.0,1.0,0.0,0.0,4.75
STU-13764,-0.5225286962480735,0.5273450091329106,0.3599214145383106,0.0,-0.790123456790123,-0.6,-0.23800803076334703,0.0,0.0,0.0,0.0,1.0,0.0,4.24
STU-11204,-0.7068699674490329,-0.161169012571183,-0.004715127701375146,-0.019277108433734955,1.2839506172839505,0.2,-1.2251545603263299,1.0,1.0,0.0,0.0,0.0,0.0,3.88
STU-13588,-0.06338872708583254,0.4890942301493498,0.5233791748526524,-0.3012048192771084,-0.5555555555555551,-1.0,0.5948968535554185,0.0,0.0,0.0,0.0,1.0,0.0,5.12
STU-14105,0.7562103820455701,0.5273450091329106,0.7056974459724953,-0.42891566265060244,1.141975308641975,1.2,0.12188914147315641,0.0,0.0,0.0,1.0,0.0,0.0,5.38
STU-14697,0.764433784478327,0.5273450091329106,0.3677799607072692,1.0337349397590359,0.8888888888888896,0.0,0.3172618921158294,0.0,0.0,0.0,0.0,1.0,0.0,4.61
STU-12293,0.24910056535891661,0.5273450091329106,0.07701375245579573,0.10120481927710841,-0.1728395061728391,0.6,0.1733030232212282,0.0,0.0,0.0,0.0,1.0,0.0,4.36
STU-10707,-0.6451944492033582,0.060169764693241284,0.029862475442043148,-0.5975903614457831,-0.23456790123456783,1.2,-0.6390363083983089,0.0,0.0,0.0,1.0,0.0,0.0,4.13
STU-11612,-0.665067671749187,-0.7568496830342754,-0.43379174852652264,0.31807228915662633,0.6234567901234567,0.4,0.0,0.0,0.0,0.0,0.0,0.0,1.0,3.73
STU-12773,0.0,-1.7040936929193085,-1.519842829076621,0.45783132530120463,-0.18518518518518506,2.0,-0.39224967600756333,0.0,0.0,0.0,1.0,0.0,0.0,2.69
STU-14757,0.9988007538118888,-0.19082411088428056,0.8534381139489198,0.41686746987951795,-0.35185185185185147,1.0,1.0473390129384523,0.0,0.0,0.0,0.0,1.0,0.0,5.43
STU-12286,-1.6278910399177664,-1.410551198022994,-0.3756385068762281,0.4771084337349396,0.19753086419753102,-1.0,-0.9475195988867406,0.0,0.0,0.0,0.0,0.0,1.0,2.03
STU-11458,-0.07435326366284103,0.5273450091329106,1.526129666011788,-0.3373493975903615,-0.1296296296296296,-0.6,0.9959251311903796,1.0,0.0,0.0,0.0,0.0,1.0,5.63
STU-11400,-0.09628233681685902,-0.2123133125604383,-0.36306483300589404,0.35180722891566263,-0.012345679012345415,0.8,-0.052918056470288216,0.0,1.0,0.0,0.0,0.0,0.0,4.13
STU-14510,-0.7219462052424197,-0.8758998603201896,-0.4888015717092338,0.44337349397590353,0.5000000000000002,1.4,-0.6801674137967666,0.0,1.0,0.0,0.0,0.0,0.0,2.99
STU-11891,-0.7993832448175436,-1.67572794670678,-1.7304518664047155,-0.41927710843373495,0.3333333333333333,0.8,-0.5773396503006221,0.0,0.0,0.0,1.0,0.0,0.0,2.16
STU-10717,-1.0693849580263846,-0.596540238530139,-1.1332023575638508,1.2216867469879518,1.5493827160493825,0.6,0.0,0.0,0.0,0.0,0.0,0.0,1.0,3.99
STU-12273,0.12917594654788356,0.0,0.0,1.759036144578313,1.1358024691358024,-0.8,-0.33055301790987734,1.0,1.0,0.0,0.0,0.0,0.0,4.3
STU-14151,0.0010279253040936342,0.0,-1.7304518664047155,0.2771084337349396,0.4444444444444448,-0.8,0.954794025791922,0.0,0.0,0.0,1.0,0.0,0.0,4.64
STU-11292,-0.2168922391639545,-0.0030084882346624003,0.7056974459724953,0.004819277108433632,-1.7716049382716044,2.2,0.7902696041980924,1.0,1.0,0.0,0.0,0.0,0.0,4.82
STU-13829,0.9988007538118888,0.28451703019232794,0.2703339882121809,1.1228915662650603,-0.04938271604938221,-0.2,0.07047525972508462,0.0,0.0,0.0,0.0,1.0,0.0,4.79
STU-10723,-0.6184683912968995,-1.3688621467712476,-0.957170923379175,-0.6602409638554216,0.4629629629629629,2.0,0.23499968131891508,0.0,0.0,1.0,0.0,0.0,0.0,2.92
STU-14951,-0.12437896179544368,0.5273450091329106,-0.7402750491159137,-0.6096385542168675,1.2839506172839505,0.6,-0.9989334806348125,0.0,0.0,0.0,1.0,0.0,0.0,4.29
STU-14779,0.6150419736165834,-0.17621145374449376,0.6176817288801573,0.8795180722891567,-0.3641975308641974,-0.2,-0.43338078140602093,0.0,0.0,0.0,1.0,0.0,0.0,3.81
STU-14407,0.4848381017646043,0.5273450091329106,0.1728880157170923,-0.007228915662650662,0.5802469135802472,-1.0,0.4509379846608173,0.0,0.0,0.0,1.0,0.0,0.0,5.42
STU-10457,0.26006510193592514,0.24368754700762876,-0.3913555992141455,0.32289156626506016,0.209876543209877,-1.0,-1.0092162569844265,1.0,0.0,0.0,0.0,0.0,1.0,4.25
STU-12079,0.9988007538118888,0.5273450091329106,0.0,-0.5421686746987951,-0.5987654320987652,-0.6,0.11160636512354223,1.0,0.0,0.0,0.0,1.0,0.0,4.93
STU-10915,-1.915710125064246,-0.18093907811324844,-0.10687622789783888,0.38072289156626504,-0.9382716049382713,0.4,-0.5156429922029362,0.0,0.0,1.0,0.0,0.0,0.0,3.11
STU-10038,0.9988007538118888,0.5273450091329106,0.7921414538310415,0.26024096385542167,0.8950617283950624,0.0,0.9753595784911512,1.0,0.0,0.0,0.0,0.0,1.0,6.48
STU-14240,0.9494603392153496,0.38293757386913063,-0.1948919449901769,0.13975903614457832,-0.9691358024691353,-0.6,-0.43338078140602093,0.0,0.0,1.0,0.0,0.0,0.0,4.47
STU-13336,0.8918965221860535,0.4229074889867837,-0.01886051080550086,0.6674698795180721,0.8518518518518523,-1.0,0.6565935116531045,1.0,0.0,0.0,0.0,1.0,0.0,5.7
STU-10566,0.25252698303923166,0.3601590200924034,0.21846758349705317,1.8843373493975903,0.9506172839506178,0.6,-0.6596018610975374,0.0,0.0,0.0,0.0,1.0,0.0,4.55
STU-10432,0.31625835189309537,0.16460728483936815,-0.31434184675834975,0.4409638554216867,-0.4629629629629629,0.4,-0.8755401644394396,0.0,0.0,0.0,1.0,0.0,0.0,3.95
STU-11161,-0.4937467877334255,0.0073063285698937025,0.09744597249508859,1.3012048192771084,-0.6604938271604934,-1.0,-0.9578023752363548,0.0,0.0,0.0,0.0,0.0,1.0,3.68
STU-11482,-1.2619496316600998,-0.023638121843773383,0.037721021611002006,0.6915662650602408,0.1234567901234569,-1.0,0.15273747052199985,1.0,1.0,0.0,0.0,0.0,0.0,4.07
STU-11931,-0.12095254411512864,0.5273450091329106,1.0640471512770142,-0.2240963855421688,0.1234567901234569,0.0,1.2838428689795829,0.0,0.0,1.0,0.0,0.0,0.0,4.64
STU-12590,-0.13260236422820054,-0.12119909745352993,-0.543811394891945,2.178313253012048,0.7901234567901241,0.8,-0.9886507042851983,1.0,0.0,0.0,0.0,0.0,1.0,3.86
STU-11404,0.029124550282678286,-0.13967981089502526,-0.19017681728880145,-0.11325301204819292,-1.3456790123456788,-0.4,0.0,0.0,0.0,0.0,0.0,0.0,1.0,3.7
STU-12301,-0.5650162754839818,0.12205866552057545,-1.131630648330059,1.906024096385542,-0.2654320987654319,0.6,-1.101761244130957,0.0,0.0,0.0,0.0,1.0,0.0,2.8
STU-12604,0.15590200445434238,0.3356613301815839,0.3803536345776032,-0.7156626506024096,0.9382716049382713,0.0,1.294125645329197,1.0,0.0,0.0,1.0,0.0,0.0,5.72
STU-13692,-1.1344868939523731,-0.677339636832492,-0.3489194499017683,-0.5060240963855421,-0.9197530864197526,0.4,-0.6801674137967666,0.0,0.0,1.0,0.0,0.0,0.0,2.53
STU-13040,0.9816686654103126,0.5273450091329106,1.0043222003929273,-0.24578313253012057,0.049382716049382755,-1.0,1.2735600926299686,0.0,0.0,0.0,0.0,0.0,1.0,6.15
STU-12015,-1.4408086345725546,-0.1757816697109704,0.7811394891944993,0.0,0.833333333333333,0.8,0.49206909005927496,1.0,0.0,0.0,0.0,0.0,1.0,4.08
STU-12153,0.7740277539832097,0.47706027721070143,0.3787819253438115,0.012048192771084293,-0.5246913580246911,2.0,0.954794025791922,0.0,0.0,0.0,0.0,1.0,0.0,4.35
STU-10456,0.5095083090628739,0.5273450091329106,0.12730844793713172,0.3759036144578312,0.5123456790123457,2.4,0.564048524506575,0.0,0.0,0.0,0.0,1.0,0.0,6.25
STU-13251,0.7891039917765966,0.5273450091329106,0.34420432220039293,-1.108433734939759,0.8641975308641977,0.0,-0.07348360916951749,1.0,0.0,0.0,0.0,1.0,0.0,4.94
STU-12329,-2.203529210210725,-0.15730095626947507,-0.4919449901768172,1.0530120481927707,0.6111111111111112,2.2,-1.9449489047993371,0.0,0.0,0.0,0.0,1.0,0.0,2.36
STU-14799,0.4498886414253886,0.16761577307402994,0.03929273084479372,1.8216867469879519,-1.1234567901234565,1.0,0.29669633941660106,0.0,0.0,0.0,1.0,0.0,0.0,4.98
STU-12703,-0.3135172177488447,0.0,-0.46994106090373294,-0.46987951807228917,0.18518518518518562,-1.0,-0.4539463341052502,0.0,0.0,0.0,1.0,0.0,0.0,3.79
STU-10789,0.43960938838444347,-0.03266358654775997,0.22632612966601176,0.10843373493975907,0.0864197530864201,0.0,1.3249739743780404,0.0,0.0,0.0,0.0,1.0,0.0,4.74
STU-10493,-0.13602878190851558,-0.2956914150639308,-0.11944990176817287,1.1373493975903615,0.09259259259259281,-1.0,-1.379396205570545,0.0,0.0,0.0,0.0,0.0,1.0,3.27
STU-12206,-0.9172520130203875,-0.6399484259159773,-0.46994106090373294,0.3734939759036144,-1.0123456790123455,0.4,0.0,1.0,0.0,0.0,0.0,1.0,0.0,3.44
STU-13883,-0.15110501970190252,0.44439669066294146,0.0031434184675834306,-0.0626506024096385,-1.1851851851851851,-0.2,-1.5233550744651463,1.0,0.0,0.0,0.0,1.0,0.0,3.26
STU-12564,-0.5403460681857122,-1.016439239282261,-0.35834970530451865,0.3590361445783133,-0.6975308641975307,1.0,0.4715035373600457,1.0,0.0,0.0,0.0,1.0,0.0,3.44
STU-11407,-1.0166181257495293,-0.6743311485978295,-0.40235756385068777,-0.36626506024096395,0.6419753086419758,0.8,-0.17631137266566105,0.0,1.0,0.0,0.0,0.0,0.0,3.77
STU-12727,0.6671235223573743,-0.41302245621575157,0.3646365422396858,0.0,-0.35802469135802417,0.4,0.019061377977012833,0.0,0.0,1.0,0.0,0.0,0.0,4.15
STU-12330,0.5314373822168919,-0.755130546900183,0.0,0.34698795180722874,-0.6172839506172839,-0.2,-0.772712400943296,1.0,0.0,1.0,0.0,0.0,0.0,3.95
STU-14266,-0.5259551139283886,0.006016976469324189,0.47465618860510805,1.0024096385542167,-1.0864197530864195,-0.4,-0.1146147145679751,1.0,0.0,0.0,1.0,0.0,0.0,4.72
STU-13443,0.428644851807435,0.0,0.009430255402750571,0.5012048192771084,-0.759259259259259,0.2,0.12188914147315641,0.0,0.0,0.0,0.0,0.0,1.0,4.11
STU-12637,-0.2593798183998637,0.21489201676157732,0.0,-0.4867469879518072,0.0,-1.0,0.29669633941660106,0.0,1.0,0.0,0.0,0.0,0.0,5.57
STU-10466,0.16481069042316168,0.1448372192973027,0.42436149312377236,0.39759036144578297,-0.47530864197530837,10.4,0.48178631370965985,0.0,0.0,1.0,0.0,0.0,0.0,4.24
STU-13170,0.22443035806064698,-0.03653164284946851,-0.056581532416502864,-0.12289156626506018,-1.8641975308641971,-0.2,-0.2585735834625763,0.0,1.0,0.0,0.0,0.0,0.0,3.73
STU-12109,0.4074010621894804,0.5273450091329106,0.056581532416502864,-0.06987951807228916,0.12962962962963015,1.4,-0.33055301790987734,0.0,0.0,0.0,0.0,0.0,1.0,5.14
STU-12055,0.30255268117183426,0.5273450091329106,0.30648330058939116,1.7493975903614456,-0.5740740740740738,-1.0,1.3249739743780404,0.0,0.0,0.0,0.0,0.0,1.0,4.67
STU-10845,-0.32516703786191564,0.5273450091329106,0.5658153241650296,0.0,-0.9629629629629627,1.0,-0.18659414901527524,1.0,0.0,0.0,0.0,1.0,0.0,4.83
STU-14399,-0.7548398149734462,-1.0061244224777055,-0.4542239685658155,1.0313253012048191,-0.4012345679012342,0.4,-0.2071597017145045,0.0,0.0,1.0,0.0,0.0,0.0,3.53
STU-11258,0.04008908685968776,0.48823466208230365,-0.4903732809430255,1.6168674698795178,-0.21604938271604915,0.8,-1.3896789819201594,0.0,0.0,0.0,0.0,1.0,0.0,2.82
STU-10681,-0.21483638855576528,0.06833566133018112,0.09115913555992144,0.8819277108433734,-0.35185185185185147,-1.0,-0.18659414901527524,1.0,1.0,0.0,0.0,0.0,0.0,3.91
STU-14870,0.9254754154531434,0.24798538734286005,0.7842829076620826,0.7469879518072288,-0.4135802469135802,-0.6,0.759421275149249,1.0,0.0,0.0,0.0,1.0,0.0,5.87
STU-12231,0.18399862943292705,-0.017621145374449806,-0.07544204322200401,-0.14216867469879513,0.40123456790123474,1.2,-0.41281522870679255,0.0,0.0,0.0,0.0,0.0,1.0,3.7
STU-13946,-2.495459996573583,-2.2847319222090903,-1.6298624754420434,0.7012048192771084,-1.407407407407407,0.6,-1.1326095731797994,1.0,0.0,0.0,1.0,0.0,0.0,1.0
STU-11293,-0.5033407572383082,-0.6085741914687874,-0.1728880157170923,-0.272289156626506,0.5740740740740744,0.2,-0.9680851515859699,0.0,0.0,0.0,0.0,0.0,1.0,3.13
STU-14211,0.6068185711838265,0.161169012571183,0.4573673870333989,0.7228915662650601,0.3580246913580247,-1.0,0.19386857592045748,1.0,0.0,0.0,0.0,1.0,0.0,4.69
STU-11766,-0.17783107760836134,0.19813043945417427,-0.5280943025540275,0.03373493975903606,0.6666666666666666,0.6,-0.42309800505640677,1.0,0.0,0.0,0.0,1.0,0.0,3.67
STU-13457,-0.027753983210554417,-0.9012571182980552,-1.3862475442043225,0.9566265060240965,-0.030864197530864085,0.8,-1.8215555886039643,0.0,0.0,0.0,0.0,0.0,1.0,1.46
STU-13840,-0.956998458112045,0.5273450091329106,1.3328094302554028,-0.4265060240963855,1.0493827160493834,-1.0,1.3249739743780404,0.0,0.0,0.0,0.0,0.0,1.0,5.68
STU-10275,0.8857289703614858,-0.021489201676157733,-0.19174852652259344,-0.580722891566265,-0.679012345679012,0.0,0.1733030232212282,0.0,1.0,0.0,0.0,0.0,0.0,4.37
STU-13523,0.1003940380332355,0.3825077898356073,0.9068762278978393,-0.6289156626506024,0.8950617283950624,0.6,0.49206909005927496,0.0,0.0,0.0,0.0,0.0,1.0,3.69
STU-12095,0.11409970875449661,-0.23036424196841088,-0.059724950884086296,0.1879518072289155,-0.5432098765432097,1.0,-0.9886507042851983,1.0,0.0,0.0,0.0,0.0,1.0,3.97
STU-11007,-0.6280623608017821,-1.0233157838186313,-0.5925343811394892,0.7204819277108434,-0.08641975308641955,0.0,-0.39224967600756333,0.0,0.0,0.0,1.0,0.0,0.0,3.55
STU-11011,-0.5883159157101255,-0.9536907703878801,-0.9744597249508843,-0.32289156626506016,-0.8024691358024689,0.6,0.12188914147315641,1.0,0.0,0.0,0.0,1.0,0.0,3.08
STU-12381,0.7541545314373819,-0.22434726549908668,-0.6145383104125738,0.3301204819277108,1.1851851851851851,-1.0,0.9136629203934643,0.0,0.0,0.0,1.0,0.0,0.0,4.39
STU-14588,-1.1290046256638688,-0.029655098313097573,-0.1100196463654223,0.19277108433734935,-0.1358024691358023,-0.4,-0.7315812955448384,0.0,0.0,1.0,0.0,0.0,0.0,2.64
STU-13793,0.9988007538118888,0.5273450091329106,0.8911591355599215,-0.4120481927710843,0.39506172839506204,0.4,0.6154624062546469,0.0,0.0,0.0,0.0,1.0,0.0,4.87
STU-10499,0.020901147849922398,-0.2810787579241434,0.671119842829077,0.5301204819277109,-0.4012345679012342,0.2,-0.2071597017145045,0.0,0.0,1.0,0.0,0.0,0.0,3.55
STU-14357,-0.8651704642795965,-0.5006983990544754,-1.2055009823182714,-0.4626506024096386,-1.6543209876543208,-0.8,-0.6596018610975374,0.0,0.0,0.0,0.0,0.0,1.0,2.62
STU-13439,-0.25526811718348524,0.0,0.028290766208251432,0.07710843373493961,-0.32716049382716006,-0.4,0.10132358877392715,1.0,0.0,0.0,1.0,0.0,0.0,3.65
STU-12030,-0.5485694706184691,-0.4349414419254327,-0.06286836935167,-0.6939759036144578,-0.24691358024691323,-0.4,-0.3819668996579491,1.0,1.0,0.0,0.0,0.0,0.0,4.16
STU-14004,0.6890525955113923,0.5273450091329106,1.3469548133595284,-0.5421686746987951,0.0,-0.4,-0.12489749091758927,0.0,0.0,0.0,0.0,0.0,1.0,5.03
STU-13788,-0.7473016960767528,-1.1887826367250458,-1.0546168958742634,-0.04096385542168673,-0.8148148148148144,-0.8,1.0062079075399946,1.0,0.0,0.0,1.0,0.0,0.0,3.69
STU-14438,0.9809833818742493,0.5273450091329106,1.7241650294695485,0.024096385542168586,-0.9999999999999994,0.6,1.3249739743780404,0.0,0.0,0.0,0.0,0.0,1.0,5.64
STU-12061,-0.26212095254411627,-0.26130869238207793,-0.6632612966601179,0.40481927710843363,0.5617283950617284,1.0,-0.07348360916951749,0.0,0.0,1.0,0.0,0.0,0.0,3.94
STU-10497,0.10244988864142472,0.48264746964650224,-0.4306483300589392,1.1783132530120481,-0.09259259259259225,0.0,0.1733030232212282,0.0,0.0,0.0,0.0,0.0,1.0,4.42
STU-12973,-0.46907658043515593,-0.5058558074567534,-0.2970530451866406,0.0,0.6419753086419758,1.6,0.9239456967430795,0.0,0.0,0.0,0.0,0.0,1.0,4.45
STU-13098,0.1983895836902506,-0.3292145696787369,-0.42907662082514747,-0.03855421686746991,0.5000000000000002,-0.2,-0.7110157428456101,0.0,0.0,0.0,0.0,0.0,1.0,3.81
STU-11809,0.7589515161898227,-0.16202858063822975,0.6868369351669941,0.3349397590361445,-0.40740740740740694,0.8,0.6771590643523338,1.0,0.0,0.0,0.0,0.0,1.0,4.65
STU-12439,-0.9679629946890534,-0.757709251101322,-1.1269155206286838,0.0,0.5185185185185189,-0.8,0.14245469417238477,0.0,0.0,0.0,0.0,0.0,1.0,3.78
STU-10797,0.0,0.5273450091329106,0.5296660117878195,-0.7132530120481928,1.320987654320988,-1.0,0.0,0.0,0.0,0.0,1.0,0.0,0.0,5.96
STU-11936,0.11341442521843323,0.5273450091329106,-0.006286836935166861,1.3975903614457827,0.03703703703703734,-0.4,-0.8241262826913678,0.0,0.0,0.0,0.0,1.0,0.0,3.31
STU-11034,0.039403803323624365,-1.5227248307725372,-0.9681728880157173,0.19036144578313252,-0.20987654320987645,0.4,1.2529945399307394,1.0,0.0,0.0,1.0,0.0,0.0,4.14
STU-11104,-0.8028096624978597,-0.009455248737509353,-0.12730844793713172,-0.4506024096385542,-0.5617283950617279,-0.6,0.28641356306698684,0.0,0.0,0.0,1.0,0.0,0.0,3.9
STU-12868,-1.4442350522528706,-0.6846459654023856,-1.7304518664047155,-0.074698795180723,-1.0370370370370368,-1.0,-0.21744247806411868,0.0,1.0,0.0,0.0,0.0,0.0,2.45
STU-12087,0.9768716806578718,-0.3588696679918345,-0.3347740667976423,-0.9855421686746987,0.01851851851851867,-0.6,-0.17631137266566105,0.0,0.0,0.0,1.0,0.0,0.0,4.03
STU-12686,0.7884187082405342,0.5273450091329106,0.08644400785854629,-0.9759036144578314,0.10493827160493877,0.0,-0.6390363083983089,0.0,0.0,1.0,0.0,0.0,0.0,4.76
STU-11184,-1.3592598937810523,-0.2913935747286989,0.06129666011787829,0.7855421686746987,0.06172839506172872,-0.2,1.0987528946865242,1.0,1.0,0.0,0.0,0.0,0.0,4.73
STU-12937,-1.6806578721946213,-1.0529708821317292,-0.3756385068762281,0.6,0.18518518518518562,0.8,1.3249739743780404,1.0,0.0,0.0,1.0,0.0,0.0,3.46
STU-13928,0.49374678773342356,0.5273450091329106,0.04086444007858543,2.021686746987952,1.0864197530864195,1.8,0.7182901697507914,0.0,0.0,0.0,1.0,0.0,0.0,5.31
STU-11823,-1.8177145794072305,-0.32706564951112066,-0.4322200392927309,-0.1734939759036146,0.5740740740740744,-0.2,-0.772712400943296,0.0,0.0,1.0,0.0,0.0,0.0,2.92
STU-13543,0.30186739763577086,0.5273450091329106,0.793713163064833,0.4891566265060239,-0.16049382716049368,0.2,-0.772712400943296,0.0,0.0,0.0,0.0,0.0,1.0,4.47
STU-11821,0.21003940380332248,-0.2961211990974536,-0.4793713163064832,0.47951807228915666,-0.8518518518518517,-1.0,-0.8961057171386688,0.0,0.0,0.0,1.0,0.0,0.0,3.42
STU-12053,0.21689223916395353,-0.3631675083270658,0.2860510805500983,0.25542168674698784,0.8395061728395069,1.2,-0.6287535320486948,0.0,0.0,0.0,0.0,1.0,0.0,4.51
STU-13979,-0.800068528353607,-0.4435371225958959,0.029862475442043148,0.04578313253012036,0.6172839506172839,1.0,0.3275446684654445,0.0,0.0,0.0,1.0,0.0,0.0,4.42
STU-12697,-0.6828850436868266,-0.322338025142366,-0.22946954813359519,0.0,0.0,-0.4,-0.7007329664959949,1.0,1.0,0.0,0.0,0.0,0.0,3.67
STU-10239,-1.1283193421278066,0.0395401310841303,0.0,0.5493975903614455,-0.8765432098765431,0.4,-0.6287535320486948,0.0,0.0,0.0,0.0,1.0,0.0,4.04
STU-12529,-1.1125578207983562,-0.7177393359836683,0.3646365422396858,-0.04578313253012057,0.5185185185185189,-0.8,-0.5464913212517796,1.0,0.0,0.0,0.0,0.0,1.0,3.06
STU-14007,0.9988007538118888,0.5273450091329106,1.1803536345776033,1.3855421686746987,-0.06172839506172817,1.0,1.3249739743780404,1.0,0.0,0.0,0.0,0.0,1.0,5.09
STU-14647,0.23196847695734046,-1.5063930374986572,-1.5056974459724954,-0.6265060240963856,0.858024691358025,0.2,-0.6698846374471524,1.0,1.0,0.0,0.0,0.0,0.0,3.6
STU-11462,0.9988007538118888,0.5273450091329106,1.3390962671905702,1.1445783132530118,0.703703703703704,0.2,-0.23800803076334703,0.0,0.0,0.0,1.0,0.0,0.0,5.16
STU-12971,0.9988007538118888,0.5273450091329106,2.436149312377211,0.22891566265060243,0.0061728395061732555,-0.4,1.3249739743780404,1.0,0.0,0.0,1.0,0.0,0.0,6.5
STU-11839,0.9988007538118888,0.5273450091329106,1.3595284872298627,0.5518072289156624,-0.14814814814814772,1.6,1.3249739743780404,0.0,0.0,0.0,0.0,1.0,0.0,6.58
STU-14150,0.0,-0.06489738906199657,-0.5548133595284872,0.7975903614457832,0.15432098765432098,-1.0,0.2555652340181434,0.0,0.0,0.0,0.0,0.0,1.0,4.6
STU-12379,0.0544800411170113,-0.5883743418931986,-0.2907662082514735,0.0,0.746913580246914,1.6,1.0062079075399946,0.0,0.0,0.0,0.0,0.0,1.0,4.11
STU-10998,-0.22374507452458553,-0.7847856452132806,-0.8518664047151279,1.633734939759036,-0.7345679012345675,0.2,-1.6570311670101343,0.0,0.0,0.0,0.0,1.0,0.0,3.06
STU-14245,0.8000685283536051,0.5273450091329106,0.6412573673870335,-0.23373493975903628,0.13580246913580285,-0.2,0.37895855021351627,1.0,0.0,0.0,0.0,1.0,0.0,6.26
STU-10939,0.9686482782251149,0.2767809175889115,0.14616895874263258,-0.5228915662650603,-1.0370370370370368,0.8,-0.7521468482440667,0.0,0.0,0.0,0.0,1.0,0.0,4.14
STU-12077,0.9967449032036996,0.5273450091329106,0.5406679764243615,0.6481927710843371,-0.8580246913580244,1.0,1.3249739743780404,0.0,0.0,0.0,1.0,0.0,0.0,4.57
STU-13600,0.6499914339557982,-0.21876007306328585,-0.7795677799607074,-0.5325301204819277,-0.5185185185185184,-0.2,-0.2997046888610339,0.0,0.0,0.0,0.0,1.0,0.0,3.76
STU-13597,-0.340928559191366,-0.4560008595680671,1.2589390962671907,-0.4265060240963855,0.8703703703703703,0.0,0.564048524506575,1.0,0.0,0.0,0.0,1.0,0.0,5.76
STU-10206,0.3114613671406536,0.49468142258515063,0.16974459724950888,-0.18072289156626503,1.141975308641975,0.2,0.15273747052199985,0.0,0.0,0.0,0.0,0.0,1.0,4.24
STU-10886,0.9988007538118888,0.49425163855162785,0.40235756385068777,0.3493975903614458,-0.24691358024691323,-0.8,-0.2997046888610339,0.0,0.0,1.0,0.0,0.0,0.0,3.9
STU-14772,-0.47387356518759677,-0.1392500268615025,-0.23104125736738718,-0.3975903614457832,1.2716049382716053,-0.2,-0.2997046888610339,1.0,0.0,0.0,1.0,0.0,0.0,3.65
STU-10826,0.04694192222031784,0.3803588696679916,0.5029469548133598,-0.019277108433734955,-0.18518518518518506,0.6,-0.906388493488283,0.0,0.0,0.0,0.0,1.0,0.0,4.43
STU-12443,0.0,0.5273450091329106,1.0656188605108057,-0.6457831325301204,0.8518518518518523,1.2,0.0,0.0,0.0,1.0,0.0,0.0,0.0,5.28
STU-11747,-1.3489806407401073,-0.3816482217685617,-0.3803536345776032,-0.8650602409638555,0.5864197530864198,0.8,-0.8858229407890547,1.0,1.0,0.0,0.0,0.0,0.0,3.51
STU-14268,-0.46290902861058825,-0.01805092940797257,-0.7669941060903734,-0.31807228915662655,-0.1728395061728391,-0.2,0.15273747052199985,0.0,0.0,0.0,1.0,0.0,0.0,4.0
STU-12602,-0.1826280623608022,-0.4676050284731927,-0.011001964636542285,0.49397590361445776,-0.04938271604938221,1.6,0.04990970702585536,0.0,0.0,0.0,0.0,1.0,0.0,3.42
STU-14084,-0.16823710810347867,-0.41989900075212255,-0.7591355599214147,1.2337349397590358,-0.1296296296296296,1.0,-0.1146147145679751,1.0,0.0,0.0,0.0,0.0,1.0,3.95
STU-13753,0.28884701045057315,0.0,0.5029469548133598,1.2409638554216866,1.098765432098766,0.0,0.8211179332469349,1.0,0.0,0.0,0.0,1.0,0.0,4.88
STU-12002,0.7815658728799031,0.5273450091329106,0.26561886051080547,-0.24337349397590355,1.0061728395061733,0.2,-0.39224967600756333,0.0,0.0,0.0,1.0,0.0,0.0,5.23
STU-10651,0.8363885557649466,0.5273450091329106,1.6377210216110023,1.086746987951807,1.2407407407407405,-1.0,0.9959251311903796,1.0,0.0,1.0,0.0,0.0,0.0,6.24
STU-10945,0.9988007538118888,0.5273450091329106,0.9053045186640473,0.4144578313253011,-1.5061728395061724,0.4,1.3249739743780404,0.0,0.0,0.0,0.0,1.0,0.0,5.68
STU-11919,-1.4442350522528706,-0.7933813258837438,-0.10216110019646372,0.7759036144578314,-0.6851851851851848,0.0,-0.2585735834625763,0.0,0.0,0.0,0.0,0.0,1.0,3.1
STU-11079,0.3402432756553016,0.0,0.9383104125736741,-0.3638554216867469,-0.012345679012345415,1.0,0.34811022116467283,0.0,0.0,0.0,0.0,1.0,0.0,5.62
STU-10885,-0.37382216892239245,-0.96314601912539,-1.108055009823183,0.6939759036144575,0.4629629629629629,1.6,-0.7212985191952243,0.0,0.0,0.0,0.0,0.0,1.0,2.23
STU-12649,0.3950659585403451,0.29655098313097633,-0.31434184675834975,-0.1855421686746989,-0.8086419753086417,-1.0,-0.032352503771059866,1.0,0.0,0.0,1.0,0.0,0.0,4.32
STU-14586,0.0551653246530747,0.5273450091329106,-0.20432220039292717,2.301204819277108,-0.2901234567901233,0.4,0.8725318149950068,1.0,0.0,0.0,0.0,0.0,1.0,5.01
STU-13856,-0.020215864313860948,-0.747394434296766,-0.25147347740667975,1.3734939759036142,0.6111111111111112,0.8,1.3249739743780404,0.0,1.0,0.0,0.0,0.0,0.0,4.4
STU-12338,-1.755353777625493,-0.6605780595250889,-0.6554027504911593,-0.26506024096385555,0.30246913580246926,-1.0,-0.3614013469587199,0.0,0.0,0.0,1.0,0.0,0.0,3.33
STU-10656,0.3834161384272732,-0.10228859997851122,-0.762278978388998,0.021686746987951772,0.6666666666666666,-0.2,0.5743313008561892,0.0,0.0,0.0,1.0,0.0,0.0,4.52
STU-10873,-1.3996916224087723,-1.146663801439777,-0.3693516699410609,-0.03132530120481925,-0.22839506172839458,0.8,-0.28942191251141974,1.0,1.0,0.0,0.0,0.0,0.0,3.85
STU-13932,0.2347096111015921,-0.9661545073600518,-0.9650294695481337,-0.3012048192771084,0.8209876543209876,0.2,0.019061377977012833,1.0,0.0,0.0,0.0,0.0,1.0,4.51
STU-14622,0.9988007538118888,0.18953475878371107,0.3834970530451866,0.0,-0.679012345679012,-0.8,-0.22772525441373284,0.0,1.0,0.0,0.0,0.0,0.0,4.42
STU-12128,-0.4910056535891729,0.44912431503169675,0.7104125736738707,-0.2819277108433735,-0.030864197530864085,-1.0,1.3249739743780404,1.0,0.0,0.0,0.0,1.0,0.0,5.11
STU-14677,0.13808463251670283,-0.1946921671859891,0.0,0.0,1.1111111111111114,0.6,-1.5850517325628333,0.0,0.0,0.0,0.0,0.0,1.0,2.67
STU-13657,0.0,-0.7976791662189752,-1.4931237721021613,-0.5831325301204819,-1.7345679012345676,2.2,-1.0811956914317276,1.0,0.0,0.0,1.0,0.0,0.0,2.43
STU-14340,-0.03597738564331031,0.015902009240356306,0.14302554027504916,1.3590361445783132,0.0,-1.0,0.0807580360746988,0.0,0.0,0.0,0.0,0.0,1.0,3.92
STU-12869,0.6191536748329609,-0.31503169657247226,0.31434184675834975,-1.125301204819277,0.2283950617283951,-0.2,1.232428987231511,0.0,0.0,0.0,0.0,1.0,0.0,5.08
STU-10240,-1.154360116498202,-0.2600193402815084,0.05500982318271115,0.0,0.14197530864197555,-0.6,-0.9989334806348125,0.0,0.0,0.0,1.0,0.0,0.0,2.52
STU-14820,0.6828850436868247,0.5273450091329106,0.21846758349705317,0.0,-0.14197530864197502,-0.6,1.2118634345322818,1.0,0.0,0.0,0.0,1.0,0.0,5.83
STU-14096,0.9988007538118888,0.5273450091329106,1.1834970530451867,0.4024096385542168,0.8271604938271604,1.2,0.5537657481569609,1.0,1.0,0.0,0.0,0.0,0.0,5.92
STU-12820,-0.18605448004111821,0.4461158267970343,0.594106090373281,1.0987951807228915,-0.2592592592592592,0.6,0.5948968535554185,0.0,0.0,0.0,0.0,0.0,1.0,4.27
STU-10699,-0.7329107418194283,-1.1629955947136565,-0.7056974459724953,1.4650602409638553,1.3518518518518525,-0.6,-1.6775967197093626,0.0,0.0,0.0,0.0,0.0,1.0,3.03
STU-14198,0.9988007538118888,0.5273450091329106,1.1614931237721022,0.4626506024096385,-0.5061728395061724,0.2,1.2118634345322818,1.0,0.0,0.0,1.0,0.0,0.0,5.39
STU-14162,-0.26212095254411627,-1.325024175351886,-0.21060903732809433,0.9204819277108434,1.1172839506172842,0.2,-0.21744247806411868,0.0,0.0,0.0,0.0,0.0,1.0,3.7
STU-13612,-1.2866198389583694,-0.09197378317395512,-0.4667976424361495,0.7421686746987951,0.5308641975308643,1.0,-0.7418640718944526,0.0,0.0,0.0,0.0,0.0,1.0,3.71
STU-14029,-1.3462395065958546,0.2785000537230038,-0.35049115913556006,1.7542168674698793,-0.759259259259259,-1.0,0.8725318149950068,0.0,0.0,1.0,0.0,0.0,0.0,4.23
STU-10214,0.9988007538118888,-0.2647469646502637,0.0,0.5373493975903613,0.7222222222222221,0.0,0.0,0.0,0.0,0.0,0.0,1.0,0.0,5.56
STU-12596,0.35806064759294115,0.025787042011389035,0.9477406679764244,0.28433734939759026,0.0,-0.6,0.24528245766852924,1.0,0.0,0.0,0.0,0.0,1.0,4.58
STU-13166,0.9988007538118888,0.5273450091329106,1.3155206286836936,-0.5662650602409638,-0.7962962962962957,0.0,1.3249739743780404,0.0,0.0,0.0,0.0,0.0,1.0,4.88
STU-13054,0.08120609902347013,0.0,-0.337917485265226,1.469879518072289,0.351851851851852,0.8,0.13217191782277057,1.0,0.0,0.0,1.0,0.0,0.0,4.19
STU-12371,-0.8206270344354982,-1.3512410013967984,-1.6660117878192537,0.6674698795180721,0.1234567901234569,1.2,-2.099190550043553,0.0,0.0,0.0,0.0,0.0,1.0,2.3
STU-10235,0.9988007538118888,0.5273450091329106,1.5151277013752456,0.1759036144578312,0.9567901234567905,0.2,0.3172618921158294,0.0,0.0,0.0,1.0,0.0,0.0,5.68
STU-13551,0.7315401747473005,-1.1290426560653275,-0.029862475442043148,1.6072289156626505,0.506172839506173,1.4,0.6257451826042619,0.0,0.0,0.0,0.0,0.0,1.0,4.1
STU-13740,-0.13191708069213715,0.5273450091329106,0.7717092337917489,-0.5445783132530121,0.15432098765432098,0.2,0.9342284730926936,1.0,0.0,1.0,0.0,0.0,0.0,4.99
STU-10455,0.7260579064587962,0.5273450091329106,1.6628683693516702,-0.19036144578313252,-0.32098765432098736,-1.0,0.23499968131891508,0.0,1.0,0.0,0.0,0.0,0.0,5.51
STU-13332,-0.4875792359088579,-0.30213817556677774,0.0,1.686746987951807,0.12962962962963015,-0.8,-0.0015041747222164304,1.0,0.0,0.0,1.0,0.0,0.0,4.23
STU-11819,-0.058591742333391685,-1.305683893843344,-0.6774066797642436,0.31807228915662633,-0.37654320987654283,9.4,0.4509379846608173,0.0,0.0,0.0,0.0,0.0,1.0,3.41
STU-14249,-0.17577522700017212,0.07693134200064435,-0.18546168958742631,1.4963855421686743,0.6111111111111112,-0.4,-0.032352503771059866,1.0,0.0,0.0,0.0,0.0,1.0,4.85
STU-14854,0.0997087544971721,0.2707639411195873,-0.3567779960707269,-0.24096385542168672,-0.018518518518518122,0.6,-0.8961057171386688,0.0,0.0,0.0,0.0,0.0,1.0,3.8
STU-12817,0.4279595682713716,0.5273450091329106,0.43693516699410606,-0.672289156626506,0.1234567901234569,3.4,0.9342284730926936,1.0,0.0,0.0,1.0,0.0,0.0,5.82
STU-12313,0.9988007538118888,0.06102933276028803,-0.5799607072691553,-0.4409638554216867,0.858024691358025,-1.0,-0.13518026726720345,0.0,0.0,0.0,0.0,0.0,1.0,4.28
STU-13114,-0.366284050025699,-1.4827549156548838,-1.6282907662082517,-1.106024096385542,0.41358024691358075,2.2,-0.6081879793494656,0.0,0.0,0.0,0.0,0.0,1.0,2.9
STU-13694,0.19564844954599894,0.5273450091329106,0.9068762278978393,-0.01686746987951814,0.6481481481481486,0.2,0.9239456967430795,0.0,0.0,0.0,0.0,0.0,1.0,5.11
STU-11224,-0.840500256981327,0.5273450091329106,0.44793713163064836,0.8192771084337349,0.814814814814815,-0.4,-1.1326095731797994,0.0,0.0,0.0,0.0,0.0,1.0,2.87
STU-14388,0.8535206441665227,0.2634576125496936,0.47308447937131637,0.48433734939759027,-1.2469135802469133,1.2,-0.23800803076334703,0.0,0.0,0.0,0.0,0.0,1.0,4.99
STU-10756,-1.4757580949117703,0.0,0.28762278978389005,0.0,0.4629629629629629,0.0,-0.1146147145679751,1.0,0.0,0.0,0.0,1.0,0.0,4.78
STU-11965,0.1209525441151267,-0.4792091973783177,-0.3536345776031435,-0.5012048192771084,0.38888888888888934,0.4,0.039626930676241186,0.0,0.0,0.0,1.0,0.0,0.0,3.72
STU-11042,0.9988007538118888,0.5273450091329106,1.1473477406679764,0.4289156626506022,-0.5123456790123452,1.0,-0.32027024156026224,0.0,0.0,0.0,0.0,0.0,1.0,5.01
STU-13156,-1.2893609731026219,-0.4336520898248632,-1.7257367387033402,1.2048192771084336,-0.6604938271604934,-1.0,-1.3999617582697743,1.0,0.0,0.0,0.0,1.0,0.0,2.56
STU-12812,-1.0454000342641774,0.16159879660470575,-0.10530451866404716,-0.6120481927710842,-0.32716049382716006,-1.0,0.4303724319615881,0.0,0.0,1.0,0.0,0.0,0.0,4.09
STU-12780,0.0,0.5273450091329106,0.34734774066797663,-0.04096385542168673,0.39506172839506204,-0.6,1.2838428689795829,1.0,1.0,0.0,0.0,0.0,0.0,5.17
STU-13239,-0.9474044886071623,-1.3306113677876867,-0.8927308447937132,-0.6506024096385542,0.0,0.2,0.12188914147315641,1.0,0.0,0.0,0.0,0.0,1.0,3.37
STU-11343,-0.5156758608874425,-0.811002471258193,0.0,-0.7518072289156627,0.04320987654321005,1.2,1.3249739743780404,1.0,0.0,0.0,1.0,0.0,0.0,4.73
STU-11816,-0.5718691108446128,-0.5092940797249387,0.619253438113949,0.9518072289156624,-0.5061728395061724,-0.4,0.008778601627397745,1.0,0.0,0.0,1.0,0.0,0.0,4.04
STU-13865,0.43275655302381244,-0.22391748146556392,-0.4620825147347741,0.8795180722891567,-0.48148148148148107,-0.6,-0.41281522870679255,0.0,0.0,1.0,0.0,0.0,0.0,3.7
STU-13036,0.5197875621038199,0.5273450091329106,0.5532416502946955,2.1132530120481925,-0.24074074074074053,0.0,-0.6287535320486948,0.0,0.0,0.0,0.0,1.0,0.0,4.64
STU-12574,0.7267431899948597,-0.7951004620178361,-0.5893909626719058,-0.9638554216867469,0.8950617283950624,-0.4,1.088470118336909,1.0,0.0,0.0,1.0,0.0,0.0,4.17
STU-14207,0.7418194277882465,-0.23251316213602713,0.07858546168958744,-0.38554216867469887,-0.5555555555555551,0.0,-0.28942191251141974,1.0,0.0,1.0,0.0,0.0,0.0,4.46
STU-14514,0.5588487236594132,0.5273450091329106,0.9304518664047152,-0.3734939759036144,0.07407407407407414,0.0,0.5023518664088891,0.0,0.0,0.0,0.0,1.0,0.0,5.06
STU-13697,-0.5424019187939013,-0.8660148275491568,-1.4302554027504912,0.1132530120481927,0.2407407407407411,1.6,0.039626930676241186,0.0,1.0,0.0,0.0,0.0,0.0,3.65
STU-11698,0.0,-0.29741055119802307,-0.13831041257367374,0.26987951807228916,1.0185185185185186,0.6,0.34811022116467283,0.0,0.0,0.0,0.0,1.0,0.0,4.31
STU-10616,-1.0947404488607166,0.5273450091329106,0.5783889980353635,0.18313253012048186,0.7160493827160495,-0.8,1.1398840000849817,0.0,1.0,0.0,0.0,0.0,0.0,5.05
STU-13580,-0.5122494432071275,-0.8660148275491568,-0.8361493123772102,-0.7759036144578313,-1.4567901234567897,-0.4,-0.6390363083983089,1.0,0.0,0.0,1.0,0.0,0.0,3.28
STU-10156,0.7089258180572201,0.5273450091329106,0.7717092337917489,-0.4891566265060241,0.5925925925925931,0.4,1.0987528946865242,1.0,1.0,0.0,0.0,0.0,0.0,5.82
STU-11183,0.0,-0.5617277318147634,-0.048722986247544293,0.08192771084337346,-0.23456790123456783,1.0,1.0679045656376807,0.0,0.0,0.0,0.0,1.0,0.0,4.76
STU-11041,0.6794586260065096,0.5273450091329106,0.46365422396856604,0.5903614457831323,0.679012345679012,0.4,0.3069791157662152,0.0,0.0,1.0,0.0,0.0,0.0,5.99
STU-13437,0.6575295528524916,0.5273450091329106,0.18703339882121803,0.3855421686746987,-0.2901234567901233,0.0,1.0164906838896088,0.0,0.0,0.0,0.0,1.0,0.0,5.12
STU-10366,-1.5997944149391818,-0.46373697217148413,-0.7669941060903734,-0.24337349397590355,0.30864197530864196,0.2,-0.5773396503006221,1.0,1.0,0.0,0.0,0.0,0.0,1.65
STU-13744,-1.7752270001713213,-1.2485226173847643,-0.8345776031434186,0.5590361445783133,-2.018518518518518,0.4,0.2555652340181434,0.0,1.0,0.0,0.0,0.0,0.0,2.62
STU-13256,-1.2509850950830912,-0.5686042763511338,-0.2609037328094303,-0.07228915662650598,-0.38271604938271553,0.0,-0.23800803076334703,0.0,0.0,0.0,0.0,1.0,0.0,3.38
STU-14746,-0.11135857461024595,0.0,0.0,-0.24096385542168672,0.0,0.2,0.12188914147315641,0.0,0.0,0.0,0.0,1.0,0.0,5.2
STU-14123,0.8425561075895143,-0.06532717309551994,-0.5595284872298626,0.0626506024096385,0.3703703703703707,1.0,0.14245469417238477,0.0,0.0,0.0,0.0,1.0,0.0,3.79
STU-12676,0.9988007538118888,0.5273450091329106,0.14302554027504916,-0.5566265060240964,-0.43827160493827155,-0.8,1.1501667764345958,0.0,0.0,0.0,1.0,0.0,0.0,4.61
STU-12047,0.45879732739420886,0.4628774041044374,0.3300589390962672,1.7012048192771083,0.012345679012345963,0.4,-0.5259257685525504,1.0,0.0,1.0,0.0,0.0,0.0,4.41
STU-11573,-0.32448175432585324,0.5049962393897067,0.3080550098231829,-0.8506024096385542,-1.098765432098765,-0.2,-0.772712400943296,0.0,0.0,0.0,1.0,0.0,0.0,3.83
STU-12663,0.9988007538118888,0.5273450091329106,1.5151277013752456,-0.4867469879518072,0.4753086419753089,-0.4,1.3249739743780404,0.0,0.0,0.0,0.0,0.0,1.0,6.15
STU-13790,-0.030495117354806055,0.5264854410658645,0.2609037328094303,1.012048192771084,-1.0061728395061726,1.4,0.24528245766852924,1.0,0.0,0.0,0.0,1.0,0.0,4.22
STU-11496,0.060647592941578954,0.5273450091329106,0.17760314341846772,0.12289156626506018,-0.9197530864197526,-1.0,0.564048524506575,0.0,0.0,0.0,0.0,0.0,1.0,5.73
STU-11961,-1.1228370738393012,0.5273450091329106,-0.031434184675834864,0.0,-0.6604938271604934,1.4,-0.8035607299921395,0.0,1.0,0.0,0.0,0.0,0.0,3.49
STU-11035,-1.1851978756210393,-0.9790480283657463,-1.7304518664047155,0.8240963855421686,0.04320987654321005,-0.4,-0.7212985191952243,0.0,0.0,0.0,0.0,1.0,0.0,3.26
STU-14314,0.22991262634915124,0.3262060814440739,-0.7889980353634578,0.0,-1.1851851851851851,-0.2,-0.9578023752363548,0.0,0.0,0.0,0.0,0.0,1.0,2.7
STU-13033,0.9151961624121973,0.21489201676157732,-0.17445972495088402,-0.9180722891566265,-0.35185185185185147,0.2,0.5846140772058044,1.0,0.0,0.0,0.0,0.0,1.0,5.04
STU-10894,-0.2525269830392336,0.5273450091329106,0.4683693516699412,0.03614457831325288,0.746913580246914,0.8,-0.19687692536489032,0.0,0.0,0.0,0.0,0.0,1.0,5.09
STU-11756,0.8644851807435322,-0.26259804448264745,-0.3929273084479372,-0.4891566265060241,0.2407407407407411,-0.2,-0.08376638551913165,0.0,0.0,0.0,0.0,1.0,0.0,4.19
STU-14979,-0.5286962480726413,-0.44912431503169675,-0.7638506876227898,0.0,0.0,0.4,0.965076802141537,0.0,1.0,0.0,0.0,0.0,0.0,3.84
STU-10670,0.6897378790474546,-0.4052863436123351,-0.3646365422396858,0.5493975903614455,-0.9814814814814813,-1.0,-0.6698846374471524,0.0,0.0,0.0,0.0,0.0,1.0,3.16
STU-10465,0.0,0.5273450091329106,1.0247544204322203,1.0409638554216867,-0.5679012345679012,-0.4,-1.2560028893751722,0.0,0.0,0.0,0.0,1.0,0.0,3.93
STU-12277,-0.9076580435155048,-1.0035457182765664,-0.9996070726915521,-0.4409638554216867,-1.8703703703703698,1.0,-1.9860800101977947,1.0,0.0,0.0,0.0,0.0,1.0,1.76
STU-12900,0.32379647078978885,0.22477704953260944,-0.63811394891945,-1.2216867469879518,0.16666666666666693,1.0,-0.46422911045486437,0.0,1.0,0.0,0.0,0.0,0.0,3.78
STU-14964,0.8007538118896684,0.5273450091329106,1.3579567779960708,-0.03132530120481925,0.5987654320987658,0.2,1.3249739743780404,1.0,1.0,0.0,0.0,0.0,0.0,5.74
STU-12441,0.0,0.04340818738583823,-0.05186640471512772,-0.636144578313253,-0.8271604938271604,0.8,-0.42309800505640677,0.0,0.0,0.0,1.0,0.0,0.0,4.26
STU-13820,-0.27719719033750323,-1.000537230041904,-0.2530451866404715,0.0,1.0493827160493834,-1.0,0.8416834859461642,1.0,1.0,0.0,0.0,0.0,0.0,4.47
STU-14814,0.9988007538118888,0.5273450091329106,1.471119842829077,-0.5493975903614458,0.506172839506173,1.0,0.38924132656313043,0.0,0.0,0.0,0.0,0.0,1.0,5.99
STU-11091,0.9988007538118888,0.5273450091329106,0.13045186640471515,0.7614457831325301,-0.32716049382716006,-0.2,1.1296012237353665,1.0,1.0,0.0,0.0,0.0,0.0,4.67
STU-10653,0.48072640054822585,0.5273450091329106,1.2023575638506878,0.36144578313253006,-0.9506172839506167,-1.0,0.7491384987996348,0.0,0.0,0.0,0.0,1.0,0.0,5.49
STU-12008,0.9988007538118888,-0.4039969915117656,-0.5673870333988212,0.3301204819277108,0.858024691358025,1.0,0.09104081242431297,0.0,0.0,0.0,1.0,0.0,0.0,3.87
STU-13750,0.5821483638855569,0.5170301923283551,-0.6868369351669943,-0.7493975903614458,0.15432098765432098,-1.0,0.0,1.0,0.0,0.0,0.0,0.0,1.0,3.89
STU-11640,0.5225286962480716,-0.14311808316321042,-0.9980353634577604,-0.6409638554216868,0.12962962962963015,1.0,-0.07348360916951749,1.0,0.0,0.0,0.0,1.0,0.0,4.16
STU-13454,-0.08463251670378712,0.42505640915439996,0.7497053045186644,-0.45301204819277113,0.4382716049382721,2.0,0.23499968131891508,0.0,0.0,0.0,0.0,0.0,1.0,5.0
STU-12225,0.13876991605276623,-0.6485441065864405,-0.7827111984282908,0.525301204819277,-0.3024691358024687,0.0,0.42008965561197387,1.0,0.0,0.0,1.0,0.0,0.0,4.25
STU-11772,0.5574781565872873,0.5273450091329106,1.0420432220039295,1.0024096385542167,0.12962962962963015,-0.8,-0.7212985191952243,0.0,0.0,0.0,1.0,0.0,0.0,4.26
STU-10043,-0.4923762206612997,-2.2288599978510804,-1.519842829076621,-0.7951807228915663,0.4753086419753089,-0.2,-0.9886507042851983,0.0,1.0,0.0,0.0,0.0,0.0,1.78
STU-10958,-0.8542059277025881,-1.0241753518856778,-1.1347740667976425,2.120481927710843,0.2160493827160497,-0.6,0.0,0.0,1.0,0.0,0.0,0.0,0.0,3.41
STU-11143,-0.2867911598423859,0.5273450091329106,0.7387033398821221,-0.26987951807228916,0.0,0.0,-0.16602859631604688,0.0,0.0,0.0,0.0,0.0,1.0,4.31
STU-14953,0.4512592084975154,0.5273450091329106,1.0671905697445976,0.6385542168674699,-0.24074074074074053,0.8,0.4509379846608173,0.0,0.0,0.0,0.0,0.0,1.0,5.19
STU-12862,-0.8357032722288852,-1.152680777909101,-0.6852652259332024,0.1493975903614458,0.0,-1.0,-0.5773396503006221,0.0,0.0,0.0,0.0,0.0,1.0,3.4
STU-10626,0.0,-0.535510905769851,-0.17917485265225946,-0.09879518072289159,0.9753086419753086,0.0,-1.430810087318617,0.0,0.0,0.0,0.0,0.0,1.0,3.45
STU-11805,-0.3546342299126271,-0.710862791447298,-1.188212180746562,-0.3253012048192772,-0.1296296296296296,-0.4,-0.9989334806348125,0.0,0.0,1.0,0.0,0.0,0.0,2.88
STU-12836,-0.17577522700017212,-0.4667454604061459,-0.12416502946954802,1.3349397590361443,0.4567901234567902,1.0,-0.17631137266566105,1.0,0.0,0.0,1.0,0.0,0.0,3.73
STU-13929,-0.11889669350693942,-0.35500161169012595,0.26876227897838917,-1.0481927710843373,-0.09876543209876497,0.6,1.1912978818330535,0.0,0.0,0.0,0.0,1.0,0.0,3.78
STU-11262,0.5979098852150073,-0.2840872461588052,0.4086444007858546,-0.7156626506024096,0.6049382716049385,-0.6,0.2247169049693,0.0,0.0,0.0,0.0,1.0,0.0,4.46
STU-14082,-0.25047113243104435,0.31417212850542614,0.2939096267190572,0.10361445783132522,0.2283950617283951,-0.2,-0.08376638551913165,0.0,0.0,0.0,0.0,0.0,1.0,4.59
STU-13933,-0.03323625149905867,0.5273450091329106,0.35520628683693517,0.08915662650602411,-0.8395061728395058,-0.2,0.09104081242431297,0.0,0.0,0.0,0.0,0.0,1.0,4.67
STU-14348,0.6568442693164291,-0.4972601267862902,-0.5280943025540275,1.0915662650602407,-0.7283950617283949,0.6,0.019061377977012833,1.0,0.0,0.0,0.0,0.0,1.0,4.0
STU-14693,-1.6450231283193426,-1.43590845600086,-0.762278978388998,-0.8337349397590361,-0.9012345679012345,-0.6,-0.16602859631604688,0.0,0.0,0.0,0.0,0.0,1.0,2.59
STU-13656,0.9988007538118888,0.5273450091329106,0.32534381139489205,-0.47951807228915666,-0.32098765432098736,1.6,0.4509379846608173,0.0,0.0,0.0,0.0,0.0,1.0,5.02
STU-14094,0.9988007538118888,0.5273450091329106,1.1222003929273086,-0.8048192771084337,0.012345679012345963,0.2,1.0062079075399946,1.0,0.0,1.0,0.0,0.0,0.0,4.91
STU-14398,-0.3971218091485363,0.5273450091329106,1.1127701375245582,2.954216867469879,-0.9135802469135799,0.4,0.37895855021351627,1.0,0.0,0.0,0.0,0.0,1.0,5.32
STU-10280,-1.2283707383930107,-1.2184377350381435,-0.17603143418467573,0.6240963855421686,-1.1851851851851851,-0.6,-1.1634579022286429,0.0,0.0,0.0,1.0,0.0,0.0,2.47
STU-13451,0.9988007538118888,0.42677554528849226,-0.6255402750491161,0.4915662650602409,0.012345679012345963,1.0,-0.9269540461875123,0.0,0.0,0.0,0.0,0.0,1.0,3.67
STU-11269,0.25526811718348424,0.5273450091329106,0.9273084479371319,-0.06024096385542168,1.012345679012346,0.0,0.2247169049693,0.0,1.0,0.0,0.0,0.0,0.0,5.05
STU-11956,-0.5821483638855579,0.0,-0.6664047151277015,0.3542168674698794,0.7962962962962968,0.6,-0.7829951772929102,0.0,0.0,1.0,0.0,0.0,0.0,3.05
STU-11683,-0.5143052938153168,-0.32018910497475034,-0.8581532416502948,-1.0144578313253012,-0.06790123456790088,-0.8,-1.2457201130255582,0.0,0.0,0.0,0.0,1.0,0.0,3.02
STU-12914,-0.8363885557649485,-0.45342215536692804,-0.011001964636542285,0.3590361445783133,0.2283950617283951,0.6,0.0,0.0,0.0,0.0,0.0,0.0,1.0,3.96
STU-11030,0.42316258351892977,0.5273450091329106,1.0640471512770142,0.3759036144578312,0.4074074074074075,0.0,1.3249739743780404,1.0,0.0,0.0,0.0,1.0,0.0,5.59
STU-11072,0.2052424190508816,-0.5208982486300636,-0.4683693516699412,-0.3734939759036144,-0.2592592592592592,0.2,0.13217191782277057,0.0,0.0,0.0,0.0,1.0,0.0,3.66
STU-10168,-0.2305979098852156,-0.895240141828731,-0.9603143418467585,-0.4385542168674699,-0.45679012345678965,0.4,-0.8446918353905971,0.0,0.0,0.0,0.0,0.0,1.0,3.32
STU-14698,0.3107760836045902,-0.08423767057053866,-0.05343811394891944,0.5855421686746987,0.351851851851852,-0.6,0.0,0.0,1.0,0.0,0.0,0.0,0.0,4.82
STU-13633,0.0,-0.37992908563446887,0.42593320235756404,0.26506024096385533,-0.8580246913580244,0.6,0.9342284730926936,0.0,0.0,1.0,0.0,0.0,0.0,3.41
STU-11711,-1.154360116498202,-0.9416568174492322,-0.5249508840864441,-0.9156626506024096,0.17283950617283964,0.0,-1.2662856657247865,1.0,0.0,1.0,0.0,0.0,0.0,2.3
STU-14839,0.5149905773513782,-0.5049962393897067,0.8895874263261301,-0.9373493975903614,-1.1975308641975304,0.0,1.3249739743780404,0.0,0.0,0.0,0.0,0.0,1.0,5.09
STU-10324,0.5211581291759458,0.5273450091329106,0.3724950884086446,-0.4915662650602409,-0.9012345679012345,-0.8,0.5846140772058044,1.0,0.0,0.0,0.0,1.0,0.0,5.39
STU-11180,0.43207126948775004,0.4564306436015898,0.8157170923379176,-0.19759036144578318,0.01851851851851867,0.8,-0.6596018610975374,1.0,0.0,0.0,0.0,1.0,0.0,4.32
STU-10660,0.13876991605276623,0.1916836789513267,0.35049115913556006,-0.8506024096385542,0.3827160493827161,0.6,-0.10433193821836001,0.0,0.0,1.0,0.0,0.0,0.0,3.3
STU-11336,0.8302210039403799,0.40614591167938124,-0.3017681728880158,-0.708433734939759,-0.9753086419753081,-0.2,0.7902696041980924,1.0,0.0,0.0,0.0,0.0,1.0,4.33
STU-10005,0.031180400890867505,-1.2601267862898897,-1.4365422396856584,1.9855421686746986,0.0864197530864201,-1.0,-0.37168412330833495,0.0,1.0,0.0,0.0,0.0,0.0,3.8
STU-12993,-0.730854891211239,-0.05028473192220917,0.0990176817288803,0.3662650602409637,0.024691358024691377,0.0,0.7902696041980924,0.0,0.0,0.0,1.0,0.0,0.0,5.29
STU-11523,0.46702072982696474,0.5273450091329106,0.2907662082514735,-0.3349397590361447,0.13580246913580285,0.2,-0.18659414901527524,0.0,0.0,0.0,0.0,0.0,1.0,4.76
STU-13995,-0.027753983210554417,-0.6506930267540562,0.059724950884086574,0.0,0.0,0.0,-0.32027024156026224,0.0,0.0,0.0,0.0,0.0,1.0,4.34
STU-10903,-1.026212095254412,0.024067905877296757,0.9477406679764244,-0.47228915662650606,-0.5308641975308638,2.0,-1.0194990333340417,1.0,0.0,1.0,0.0,0.0,0.0,3.8
STU-12788,-0.3566900805208163,-0.19813043945417427,0.16974459724950888,-0.2987951807228916,0.42592592592592615,0.4,0.5434829718073467,1.0,1.0,0.0,0.0,0.0,0.0,4.34
STU-11317,-0.6719205071098171,0.3064360159020091,0.08487229862475458,-0.4024096385542168,0.20370370370370375,0.2,0.2555652340181434,0.0,0.0,1.0,0.0,0.0,0.0,3.91
STU-13426,0.3608017817371928,-0.10486730417964964,0.015717092337917432,1.795180722891566,1.1481481481481488,0.0,0.49206909005927496,0.0,0.0,0.0,1.0,0.0,0.0,4.0
STU-11370,-0.1606989892067852,-0.48952401418287317,-0.6726915520628683,1.4650602409638553,-0.4197530864197529,-1.0,-0.8446918353905971,0.0,0.0,0.0,1.0,0.0,0.0,3.27
STU-11946,0.0,0.0,-0.46365422396856576,0.1493975903614458,0.16666666666666693,1.4,-0.13518026726720345,0.0,0.0,0.0,0.0,0.0,1.0,3.85
STU-13142,-1.5223573753640576,-0.5458257225744065,-1.0341846758349706,0.9518072289156624,-0.4012345679012342,-0.2,-0.6390363083983089,0.0,0.0,1.0,0.0,0.0,0.0,2.21
STU-12991,0.19496316600993555,0.5273450091329106,1.4475442043222004,-0.09397590361445796,0.2530864197530865,2.6,0.1733030232212282,0.0,0.0,0.0,0.0,1.0,0.0,5.12
STU-11691,-0.026383416138427623,0.5273450091329106,0.30648330058939116,0.8602409638554217,0.0,1.2,0.5126346427585032,0.0,0.0,0.0,1.0,0.0,0.0,4.36
STU-12347,-0.5067671749186232,0.0,-0.4416502946954815,-0.10602409638554225,0.06172839506172872,-0.2,-0.10433193821836001,0.0,0.0,0.0,1.0,0.0,0.0,3.66
STU-12600,0.9988007538118888,0.5273450091329106,0.619253438113949,-0.18072289156626503,-0.4629629629629629,-0.4,0.2658480103677576,1.0,0.0,0.0,1.0,0.0,0.0,4.74
STU-13292,-0.08668836731197634,0.11045449661545045,0.21060903732809433,1.2939759036144576,-1.1234567901234565,-0.2,-0.3511185706091057,1.0,1.0,0.0,0.0,0.0,0.0,4.69
STU-12130,-0.42795956827137255,-1.1011066938863223,-1.068762278978389,0.9469879518072287,-0.6296296296296293,0.0,0.0,1.0,0.0,0.0,0.0,0.0,1.0,2.97
STU-13175,0.7507281137570658,0.4246266251208766,1.111198428290766,0.0,0.19135802469135832,-1.0,1.16044955278421,0.0,0.0,0.0,0.0,0.0,1.0,6.11
STU-10255,-0.5554223059791,-2.2241323734823255,-1.419253438113949,-0.253012048192771,-0.7839506172839503,0.8,-0.5876224266502372,0.0,0.0,0.0,0.0,1.0,0.0,1.62
STU-11773,-0.2991262634915202,0.31374234447190275,0.5312377210216113,-0.26024096385542167,-0.5246913580246911,1.2,0.24528245766852924,1.0,0.0,1.0,0.0,0.0,0.0,4.78
STU-12586,-1.3277368511221526,-1.566562802191899,-0.913163064833006,-0.14216867469879513,-1.679012345679012,-0.2,-0.011786951071830606,0.0,1.0,0.0,0.0,0.0,0.0,2.83
STU-11522,0.13534349837245122,0.5273450091329106,0.7056974459724953,-1.0048192771084337,-0.11111111111111092,-1.0,0.19386857592045748,0.0,0.0,0.0,0.0,0.0,1.0,4.67
STU-11775,0.1792016446804862,0.4164607284839368,0.7889980353634581,-0.5325301204819277,-0.9567901234567899,0.0,-0.09404916186874583,0.0,1.0,0.0,0.0,0.0,0.0,4.7
STU-11748,-0.39369539146822025,0.4890942301493498,-0.24047151277013745,-0.1253012048192772,-1.2716049382716046,0.0,-1.6159000616116765,0.0,0.0,1.0,0.0,0.0,0.0,3.63
STU-12683,0.4409799554565693,-0.32018910497475034,-0.42278978388998034,-0.3493975903614458,-1.2037037037037033,0.0,0.8211179332469349,0.0,0.0,0.0,1.0,0.0,0.0,3.79
STU-14481,-0.2778824738735656,-0.8763296443537123,-0.6035363457760315,1.4746987951807227,-0.32716049382716006,-0.4,-1.1634579022286429,0.0,0.0,0.0,0.0,1.0,0.0,3.39
STU-12728,0.12643481240363094,-0.591382830127861,-0.6632612966601179,-0.19759036144578318,0.04320987654321005,0.2,0.2144341286196858,1.0,0.0,0.0,0.0,1.0,0.0,3.66
STU-14412,0.9988007538118888,0.4405286343612335,0.9383104125736741,0.22891566265060243,-1.0617283950617282,-1.0,1.0987528946865242,1.0,1.0,0.0,0.0,0.0,0.0,6.84
STU-12471,-0.8432413911255786,0.5273450091329106,0.2640471512770137,0.5373493975903613,0.5987654320987658,-0.2,-0.8035607299921395,1.0,0.0,0.0,0.0,1.0,0.0,4.14
STU-11958,-0.6102449888641436,-0.4525625872998819,0.34420432220039293,-0.16867469879518074,0.8703703703703703,1.4,-0.042635280120674045,0.0,0.0,0.0,1.0,0.0,0.0,3.58
STU-14313,0.0435155045400028,0.5273450091329106,0.6444007858546169,0.2265060240963854,-0.5185185185185184,0.6,-0.17631137266566105,0.0,0.0,0.0,0.0,1.0,0.0,4.75
STU-13751,0.33064930615041893,0.5273450091329106,0.6789783889980352,0.4481927710843372,0.8703703703703703,0.2,0.9136629203934643,1.0,0.0,0.0,0.0,1.0,0.0,5.61
STU-14508,-0.060647592941579925,0.05673149242505612,-0.21846758349705317,0.23373493975903606,-0.35185185185185147,0.0,0.29669633941660106,0.0,0.0,0.0,0.0,1.0,0.0,4.44
STU-12308,-0.08600308377591294,-0.0924035672074785,-0.14145383104125744,-0.27951807228915665,-1.6049382716049378,0.2,1.3249739743780404,0.0,0.0,0.0,1.0,0.0,0.0,4.24
STU-10879,-0.43960938838444447,0.2737724293542491,-0.13831041257367374,0.44578313253012036,0.16049382716049423,1.2,0.039626930676241186,0.0,0.0,0.0,0.0,1.0,0.0,3.8
STU-14354,0.9988007538118888,0.5273450091329106,1.3265225933202358,1.1036144578313252,0.049382716049382755,0.6,0.6977246170515621,1.0,0.0,0.0,1.0,0.0,0.0,5.54
STU-11828,0.9988007538118888,0.5273450091329106,0.12259332023575631,-1.1975903614457832,-0.14814814814814772,-0.2,0.12188914147315641,0.0,0.0,0.0,0.0,1.0,0.0,4.36
STU-12569,-1.3743361315744393,0.0,0.2231827111984283,0.7493975903614456,0.2839506172839511,1.0,0.3275446684654445,1.0,1.0,0.0,0.0,0.0,0.0,4.96
STU-10175,0.406715778653417,-0.4890942301493504,-0.4683693516699412,0.3831325301204819,-0.1728395061728391,-0.4,0.060192483375469535,1.0,0.0,0.0,0.0,1.0,0.0,4.24
STU-11022,-0.31625835189309637,-0.07693134200064496,0.5060903732809432,0.1662650602409637,-0.37037037037037013,-1.0,0.0,0.0,0.0,0.0,1.0,0.0,0.0,4.36
STU-13666,0.9988007538118888,0.4241968410873532,0.6113948919449904,0.0,-1.37037037037037,1.4,1.1296012237353665,0.0,0.0,1.0,0.0,0.0,0.0,5.71
STU-10872,0.9988007538118888,-1.3293220156871177,-1.3453831041257367,-0.5879518072289157,-0.1790123456790118,-0.6,-1.0709129150821135,0.0,0.0,0.0,1.0,0.0,0.0,2.86
STU-14361,0.0,0.0,-0.38821218074656205,-0.8096385542168675,0.6358024691358032,-0.8,-2.2842805243366118,0.0,0.0,0.0,0.0,1.0,0.0,2.29
STU-10910,0.6506767174918615,0.5273450091329106,1.6895874263261301,-0.21445783132530133,0.14197530864197555,-0.4,0.7491384987996348,0.0,1.0,0.0,0.0,0.0,0.0,6.11
STU-11153,-1.41271200959397,-1.7728591382830132,-0.7937131630648331,0.07710843373493961,0.3333333333333333,0.6,-1.369113429220931,0.0,0.0,0.0,0.0,0.0,1.0,2.08
STU-12950,0.05585060818913712,-0.3756312452992375,-0.38664047151277003,0.0,0.6913580246913585,0.0,-0.22772525441373284,1.0,0.0,0.0,0.0,0.0,1.0,4.07
STU-14218,0.9988007538118888,0.5273450091329106,1.3783889980353639,0.6385542168674699,-1.3271604938271602,-0.2,0.8519662622957784,0.0,0.0,0.0,0.0,0.0,1.0,5.88
STU-11376,0.30118211409970747,0.5273450091329106,0.13516699410609032,-0.2771084337349398,1.4629629629629635,0.6,-0.1454630436168176,0.0,0.0,0.0,1.0,0.0,0.0,4.31
STU-12393,0.5800925132773678,0.03610185881594453,-0.35834970530451865,0.9373493975903615,0.3703703703703707,0.2,-0.9680851515859699,1.0,0.0,0.0,0.0,1.0,0.0,4.3
STU-11335,-1.144080863457256,-0.11174384871602057,-0.8141453831041259,-0.0240963855421688,-0.8641975308641971,0.4,-1.2868512184240157,0.0,0.0,0.0,1.0,0.0,0.0,2.92
STU-10482,-0.7658043515504547,0.33351241001396764,-0.3913555992141455,1.518072289156626,-0.4135802469135802,1.4,-0.5876224266502372,0.0,0.0,0.0,0.0,1.0,0.0,4.11
STU-12853,0.3799897207469582,0.5273450091329106,0.6899803536345775,-0.11325301204819292,-1.493827160493827,0.2,1.232428987231511,0.0,0.0,1.0,0.0,0.0,0.0,4.49
STU-10942,0.0,0.012893521005694518,-1.5591355599214147,-0.8168674698795181,-0.648148148148148,0.4,-1.29713399477363,0.0,0.0,0.0,0.0,0.0,1.0,2.36
STU-14793,0.7198903546342296,-0.00816589663693984,0.2467583497053046,0.0626506024096385,1.5555555555555551,-1.0,0.5948968535554185,0.0,0.0,0.0,0.0,1.0,0.0,4.63
STU-10992,-1.0474558848723665,-0.36230794026001967,-0.3677799607072692,1.6771084337349393,-0.30864197530864196,1.2,-0.9989334806348125,0.0,0.0,0.0,1.0,0.0,0.0,2.4
STU-14480,-0.9179372965564508,-0.4676050284731927,0.11787819253438116,-0.074698795180723,0.9814814814814813,-1.0,0.0,0.0,0.0,0.0,1.0,0.0,0.0,4.28
STU-14791,-1.4408086345725546,-1.2747394434296768,-1.3595284872298627,0.012048192771084293,0.42592592592592615,0.4,-0.6493190847479232,1.0,0.0,1.0,0.0,0.0,0.0,2.47
STU-11070,-1.6888812746273776,0.04684645965402339,-0.20746561886051088,-0.20963855421686747,0.5679012345679016,0.0,-1.1223267968301853,0.0,0.0,0.0,1.0,0.0,0.0,2.21
STU-11477,0.11547027582662243,0.5273450091329106,0.5642436149312378,0.3879518072289155,-0.1358024691358023,1.0,-0.9578023752363548,0.0,0.0,0.0,0.0,0.0,1.0,4.66
STU-10973,0.0654445776940198,0.5273450091329106,0.5532416502946955,-0.2987951807228916,2.0123456790123453,-0.2,1.1398840000849817,0.0,0.0,0.0,0.0,1.0,0.0,5.36
STU-10970,-0.8309062874764442,-0.06962501343075125,-0.13988212180746573,-0.33253012048192765,0.0,-0.8,-0.2071597017145045,1.0,0.0,0.0,0.0,0.0,1.0,4.2
STU-12917,-1.1632688024670212,-0.5462555066079299,-1.601571709233792,-0.6578313253012049,0.833333333333333,0.2,-1.8832522467016506,0.0,0.0,0.0,0.0,1.0,0.0,2.04
STU-12669,0.388213123179715,0.5273450091329106,0.3913555992141455,1.1493975903614455,0.5679012345679016,0.0,-0.2997046888610339,1.0,0.0,0.0,0.0,0.0,1.0,4.36
STU-10755,-1.091999314716465,-0.600408294831847,-0.4950884086444009,-0.014457831325301323,-2.030864197530864,-0.2,0.2555652340181434,0.0,1.0,0.0,0.0,0.0,0.0,3.2
STU-13269,-0.803494946033922,-0.4572902116686366,-0.1713163064833006,-0.07710843373493982,-0.339506172839506,-0.2,-0.19687692536489032,1.0,0.0,0.0,0.0,0.0,1.0,3.93
STU-11901,0.9988007538118888,0.5273450091329106,0.6239685658153243,0.9662650602409637,0.7592592592592595,0.0,1.3249739743780404,0.0,0.0,0.0,0.0,1.0,0.0,6.37
STU-11294,-0.8357032722288852,-0.6622971956591818,0.21846758349705317,0.8963855421686748,1.1049382716049387,-0.2,-0.4847946631540927,0.0,0.0,0.0,0.0,1.0,0.0,3.63
STU-14874,-0.018160013705671732,0.4521328032663585,0.0,-0.5903614457831325,-0.04938271604938221,-0.4,0.5023518664088891,1.0,1.0,0.0,0.0,0.0,0.0,4.68
STU-12281,0.32927873907829314,0.5273450091329106,0.8864440078585462,0.3349397590361445,-0.38271604938271553,0.0,0.0,0.0,0.0,0.0,0.0,1.0,0.0,4.62
STU-12785,-0.39438067500428364,0.23251316213602652,-0.011001964636542285,-0.5566265060240964,0.25925925925925974,0.0,-0.5464913212517796,0.0,0.0,0.0,0.0,1.0,0.0,4.19
STU-11286,-0.9576837416481074,0.3571505318577416,0.6506876227897838,-1.1325301204819276,0.40123456790123474,-0.4,-0.5362085449021645,0.0,0.0,1.0,0.0,0.0,0.0,3.29
STU-14008,-0.18057221175261298,0.5273450091329106,0.38821218074656205,1.4746987951807227,-0.7345679012345675,1.8,0.29669633941660106,1.0,0.0,0.0,0.0,0.0,1.0,3.75
STU-11689,0.1230083947233159,0.0,-0.39921414538310407,-1.1301204819277109,-0.5493827160493825,1.8,-0.24829080711296211,0.0,0.0,0.0,1.0,0.0,0.0,3.52
STU-12086,0.9988007538118888,0.3004190394326849,0.30019646365422403,0.3012048192771084,0.8950617283950624,-0.4,0.24528245766852924,0.0,0.0,0.0,0.0,0.0,1.0,5.19
STU-14667,0.1785163611444228,0.2634576125496936,0.0,-0.1373493975903615,-0.10493827160493822,-0.4,0.4098068792623597,0.0,0.0,0.0,0.0,1.0,0.0,3.61
STU-11020,-0.5321226657529563,-0.5535618351778236,-0.6491159135559922,2.048192771084337,0.549382716049383,-0.8,-0.2997046888610339,0.0,0.0,0.0,1.0,0.0,0.0,3.55
STU-10182,0.3820455713551474,0.5273450091329106,0.820432220039293,0.0,-1.1172839506172836,-0.4,0.7491384987996348,1.0,0.0,0.0,1.0,0.0,0.0,4.95
STU-12989,0.08189138255953353,0.5273450091329106,1.1929273084479375,0.5831325301204818,-1.4135802469135796,-1.0,0.42008965561197387,0.0,0.0,0.0,0.0,0.0,1.0,4.89
STU-10820,-0.41630974815830163,-1.1767486837863976,-0.38506876227897835,0.27469879518072277,-0.8950617283950613,-0.6,0.18358579957084237,0.0,0.0,0.0,0.0,1.0,0.0,3.41
STU-14141,0.022956998458111614,-0.39454174277425624,-0.744990176817289,0.2506024096385542,0.0,0.2,0.3069791157662152,0.0,0.0,0.0,0.0,0.0,1.0,3.13
STU-11179,0.34366969333561664,-0.16030944450413687,0.037721021611002006,0.272289156626506,0.209876543209877,0.4,-0.21744247806411868,1.0,0.0,1.0,0.0,0.0,0.0,3.51
STU-13664,0.6020215864313847,0.0,-0.275049115913556,-0.3686746987951808,0.4753086419753089,0.0,-0.9269540461875123,1.0,0.0,0.0,0.0,1.0,0.0,4.45
STU-10470,0.04420078807606522,0.5273450091329106,1.1253438113948924,1.3493975903614457,1.3456790123456788,-0.2,-1.369113429220931,0.0,0.0,0.0,1.0,0.0,0.0,4.39
STU-10896,0.403289360973102,-0.7731814763081556,-0.2970530451866406,-1.0144578313253012,-1.1543209876543203,-0.2,-0.3408357942594915,0.0,0.0,0.0,1.0,0.0,0.0,3.91
STU-12339,0.1003940380332355,0.5273450091329106,0.7292730844793712,-0.6289156626506024,-1.9382716049382713,0.6,0.4509379846608173,1.0,0.0,0.0,0.0,1.0,0.0,3.61
STU-12927,0.5848894980298086,0.25744063608036943,-0.42278978388998034,-0.21927710843373496,0.4567901234567902,0.4,-0.9989334806348125,0.0,0.0,0.0,0.0,0.0,1.0,4.48
STU-11478,-0.31831420250128556,-0.586225421725583,-1.4994106090373283,0.019277108433734955,-0.7098765432098761,1.2,-0.0015041747222164304,1.0,0.0,0.0,1.0,0.0,0.0,3.27
STU-13202,0.2724002055850604,0.007736112603416466,-0.088015717092338,-0.11807228915662654,0.27160493827160515,-1.0,0.19386857592045748,1.0,0.0,0.0,0.0,0.0,1.0,4.59
STU-10181,-0.23333904402946823,0.0,0.2326129666011789,-0.5710843373493976,-0.7407407407407403,0.0,0.2555652340181434,1.0,0.0,0.0,0.0,1.0,0.0,4.38
STU-13901,0.6643823882131227,0.5273450091329106,0.5689587426326133,0.24819277108433718,0.7962962962962968,-0.4,0.4098068792623597,0.0,0.0,0.0,0.0,0.0,1.0,5.17
STU-10679,0.9988007538118888,0.1272160739228535,-0.42121807465618866,-0.8506024096385542,0.05555555555555601,0.2,-0.5259257685525504,0.0,1.0,0.0,0.0,0.0,0.0,4.3
STU-12552,-0.25595340071954864,-0.6558504351563342,-0.39607072691552064,0.4746987951807228,-0.32098765432098736,0.8,0.358392997514287,0.0,0.0,0.0,1.0,0.0,0.0,4.02
STU-14306,0.8507795100222711,0.45943913183625223,0.17917485265225946,0.17108433734939757,0.4382716049382721,0.8,0.38924132656313043,1.0,0.0,0.0,1.0,0.0,0.0,5.33
STU-11259,0.9988007538118888,0.5273450091329106,0.13516699410609032,0.2819277108433735,0.7901234567901241,0.8,0.060192483375469535,0.0,0.0,1.0,0.0,0.0,0.0,4.61
STU-13796,-0.7363371594997433,0.3279252175781668,0.6758349705304518,-0.6650602409638554,0.05555555555555601,0.4,0.2247169049693,0.0,0.0,0.0,0.0,1.0,0.0,4.04
STU-10557,0.21826280623607935,-0.32706564951112066,-0.3080550098231826,0.06746987951807212,1.4629629629629635,-0.2,-0.3819668996579491,0.0,0.0,0.0,1.0,0.0,0.0,4.33
STU-14362,-0.6458797327394217,-0.7362200494251643,0.05343811394891944,-0.002409638554216816,-0.759259259259259,-0.8,-0.032352503771059866,0.0,1.0,0.0,0.0,0.0,0.0,3.09
STU-14180,0.9042316258351888,-0.34339744278500095,-0.9037328094302556,0.0,-0.34567901234567877,1.0,0.5537657481569609,1.0,1.0,0.0,0.0,0.0,0.0,4.4
STU-10739,-0.41493918108617484,-0.1813688621467712,0.13516699410609032,-0.4626506024096386,0.0,0.0,-0.17631137266566105,0.0,0.0,0.0,0.0,0.0,1.0,4.62
STU-11319,-0.1490491690937133,-0.03739121091651465,0.3269155206286838,0.10120481927710841,0.20370370370370375,0.6,-0.26885635981219047,0.0,0.0,0.0,0.0,0.0,1.0,3.95
STU-13321,0.45879732739420886,-0.02234876974320448,0.2561886051080552,0.8963855421686748,-0.9382716049382713,-0.6,-0.6184707556990797,1.0,1.0,0.0,0.0,0.0,0.0,3.6
STU-11211,-0.604077437039576,-0.30944450413667146,0.0,0.46987951807228917,-0.8271604938271604,-0.4,-0.47451188680447853,0.0,0.0,0.0,0.0,1.0,0.0,4.24
STU-14842,0.7562103820455701,0.1199097453529598,-0.015717092337917432,1.8240963855421686,0.3271604938271606,0.0,0.20415135227007164,0.0,0.0,0.0,0.0,1.0,0.0,4.23
STU-11188,0.45742676032208207,-0.018480713441495943,0.2561886051080552,-0.6650602409638554,0.3148148148148152,1.8,-0.49507743950370686,1.0,1.0,0.0,0.0,0.0,0.0,4.18
STU-10678,0.0,0.5273450091329106,1.0797642436149313,-0.28915662650602414,-0.2901234567901233,0.6,0.16302024687161404,1.0,0.0,0.0,0.0,1.0,0.0,5.03
STU-14299,-0.21415110501970286,0.18695605458257203,-0.30333988212180746,1.1783132530120481,0.23456790123456836,-0.4,0.8828145913446218,1.0,0.0,0.0,1.0,0.0,0.0,5.18
STU-12861,-1.3661127291416835,-0.76157730740303,-1.4161100196463656,0.7855421686746987,-0.604938271604938,0.0,0.10132358877392715,1.0,0.0,1.0,0.0,0.0,0.0,3.07
STU-12274,-0.4567414767860206,-0.6373697217148383,-0.46994106090373294,-0.9518072289156626,0.09876543209876551,-1.0,-0.9475195988867406,0.0,0.0,0.0,1.0,0.0,0.0,2.74
STU-11725,0.2360801781737189,0.5273450091329106,1.2117878192534381,-0.9759036144578314,-0.604938271604938,-0.8,0.7491384987996348,0.0,0.0,0.0,0.0,1.0,0.0,5.29
STU-13418,-0.44097995545657126,-0.47104330074137785,-0.8141453831041259,-0.45542168674698796,-0.5370370370370365,1.6,0.060192483375469535,1.0,0.0,0.0,0.0,1.0,0.0,3.59
STU-13343,0.19633373308206234,-0.3932523906736867,-0.8031434184675835,0.20963855421686747,0.858024691358025,1.4,0.060192483375469535,1.0,1.0,0.0,0.0,0.0,0.0,4.19
STU-11639,0.9988007538118888,0.2939722789298373,-0.3111984282907663,-0.4216867469879518,1.2592592592592597,0.6,-0.30998746521064807,0.0,0.0,0.0,1.0,0.0,0.0,4.15
STU-12771,0.9988007538118888,0.1504244117331041,0.41021611001964636,-0.4506024096385542,0.5802469135802472,1.2,-0.43338078140602093,0.0,0.0,0.0,0.0,0.0,1.0,4.02
STU-10949,-0.22580092513277475,0.5273450091329106,1.1096267190569746,0.8481927710843372,-0.5432098765432097,-0.6,0.2658480103677576,0.0,1.0,0.0,0.0,0.0,0.0,4.31
STU-14521,-0.4923762206612997,-2.254647039862469,-1.5009823182711202,-0.12048192771084336,1.432098765432099,8.4,-0.6390363083983089,0.0,0.0,0.0,0.0,0.0,1.0,2.97
STU-10296,-0.253212266575296,-1.1956591812614166,-1.3359528487229864,-0.4602409638554217,0.5925925925925931,0.4,0.20415135227007164,0.0,0.0,0.0,0.0,0.0,1.0,3.07
STU-13849,-0.24841528182285516,-0.12377780165466895,-0.957170923379175,0.0,0.0,-1.0,-0.9680851515859699,0.0,0.0,0.0,0.0,1.0,0.0,3.26
STU-13015,-0.4039746445091663,-0.058020844525626246,0.3222003929273086,-0.021686746987951772,-1.493827160493827,0.6,0.3275446684654445,0.0,0.0,0.0,0.0,0.0,1.0,4.17
STU-12380,0.0,0.19082411088428056,-0.275049115913556,1.4554216867469876,-1.6913580246913575,0.6,0.008778601627397745,1.0,0.0,0.0,1.0,0.0,0.0,3.57
STU-13335,0.4074010621894804,-0.5827871494573978,1.169351669941061,0.0,0.0,1.0,0.564048524506575,0.0,0.0,0.0,1.0,0.0,0.0,4.26
STU-14884,0.4711324310433432,0.5273450091329106,0.6051080550098232,0.8096385542168673,-0.31481481481481466,0.2,0.7491384987996348,1.0,0.0,0.0,0.0,1.0,0.0,4.92
STU-10952,-0.07024156244646261,0.5273450091329106,1.3611001964636547,-0.4506024096385542,-0.1358024691358023,0.2,1.3249739743780404,1.0,1.0,0.0,0.0,0.0,0.0,5.46
STU-10413,0.381360287819084,0.2518534436445686,0.8377210216110021,0.0,0.0,1.6,-0.6698846374471524,0.0,0.0,0.0,1.0,0.0,0.0,4.32
STU-11790,0.4437210896008219,0.5273450091329106,1.4805500982318274,0.4891566265060239,0.012345679012345963,0.0,1.222146210881897,0.0,0.0,0.0,0.0,0.0,1.0,5.11
STU-12169,-0.23402432756553065,-0.1848071344149564,0.8833005893909627,1.8048192771084337,-0.19753086419753046,0.0,-0.011786951071830606,0.0,0.0,0.0,0.0,0.0,1.0,3.96
STU-13974,-0.5293815316087036,-1.2768883635972925,0.0,0.5349397590361444,1.123456790123457,-0.6,-1.1531751258790288,0.0,0.0,0.0,0.0,1.0,0.0,2.43
STU-13398,-0.91314031180401,-0.5655957881164719,-0.35834970530451865,1.9036144578313252,1.1358024691358024,0.4,-0.2585735834625763,1.0,0.0,0.0,0.0,1.0,0.0,3.65
STU-13678,0.47867054994003666,0.16589663693993767,0.2326129666011789,1.337349397590361,0.703703703703704,0.6,0.5229174191081175,1.0,1.0,0.0,0.0,0.0,0.0,4.84
STU-14349,-0.27719719033750323,-0.10658644031374252,-0.10216110019646372,0.0,-0.25308641975308593,-0.4,1.1501667764345958,1.0,0.0,0.0,0.0,1.0,0.0,4.82
STU-13659,-1.7101250642453323,-0.9983883098742884,-1.5748526522593322,0.0,0.0,0.6,0.07047525972508462,0.0,1.0,0.0,0.0,0.0,0.0,2.39
STU-11908,0.5115641596710632,0.3704738368969589,0.7277013752455798,0.8216867469879517,-0.15432098765432098,0.2,1.2015806581826676,1.0,0.0,1.0,0.0,0.0,0.0,5.08
STU-13342,-0.19222203186568487,0.4272053293220156,1.164636542239686,-0.009638554216867478,0.46913580246913617,0.6,0.3275446684654445,0.0,0.0,0.0,0.0,1.0,0.0,4.65
STU-12310,-0.5828336474216214,-0.3403889545503386,-0.3614931237721021,2.5783132530120483,0.14197530864197555,-0.6,0.28641356306698684,0.0,0.0,0.0,1.0,0.0,0.0,3.07
STU-14768,0.39643652561247095,0.5273450091329106,0.5752455795677801,0.4626506024096385,-0.31481481481481466,-0.8,1.2838428689795829,0.0,0.0,0.0,0.0,0.0,1.0,5.84
STU-10134,-0.894637656330307,0.5273450091329106,0.5438113948919452,-0.16626506024096394,0.23456790123456836,0.2,-0.3408357942594915,1.0,0.0,0.0,1.0,0.0,0.0,4.6
STU-10353,0.7287990406030488,0.1740625335768775,0.009430255402750571,-0.8650602409638555,-0.05555555555555546,1.0,1.0781873419872947,1.0,0.0,0.0,0.0,0.0,1.0,4.6
STU-10585,0.5677574096282324,0.4800687654453638,-0.7937131630648331,0.21686746987951794,0.2283950617283951,0.6,-0.27913913616180464,0.0,0.0,0.0,0.0,1.0,0.0,4.12
STU-14083,-0.37108103477813986,0.47663049317717804,-0.4526522593320235,0.18072289156626503,0.11728395061728418,0.4,-0.33055301790987734,1.0,0.0,0.0,0.0,1.0,0.0,3.96
STU-14744,0.916566729484323,0.3532824755560331,-0.41493123772102175,0.48192771084337344,0.03703703703703734,0.4,0.6051796299050327,1.0,1.0,0.0,0.0,0.0,0.0,4.64
STU-12063,-0.617783107760837,-1.263994842591598,-0.8455795677799608,-0.38554216867469887,-0.2901234567901233,-0.6,-2.603046591174658,0.0,0.0,0.0,0.0,1.0,0.0,1.4
STU-13409,-1.3709097138941242,0.30342752766734726,-0.12259332023575631,-0.5132530120481928,-0.1296296296296296,1.0,-0.5259257685525504,0.0,1.0,0.0,0.0,0.0,0.0,3.9
STU-10347,0.003769059448346247,-0.4396690662941874,0.3489194499017683,1.3542168674698791,1.845679012345679,0.2,-0.7624296245936818,0.0,0.0,0.0,0.0,1.0,0.0,4.02
STU-14581,0.31625835189309537,-0.3004190394326855,0.176031434184676,-0.2987951807228916,0.8209876543209876,-0.4,0.6668762880027196,0.0,0.0,0.0,1.0,0.0,0.0,3.64
STU-13233,-0.09011478499229138,0.0979907596432793,-0.587819253438114,-0.10843373493975907,0.04320987654321005,1.2,0.3172618921158294,0.0,0.0,0.0,0.0,1.0,0.0,4.73
STU-13881,-0.06612986123008514,-0.4564306436015904,-0.4055009823182712,0.7325301204819274,0.3703703703703707,-0.2,1.0679045656376807,0.0,0.0,0.0,0.0,1.0,0.0,4.38
STU-10855,0.8507795100222711,0.20371763188997508,-0.10216110019646372,0.1662650602409637,1.2654320987654324,-0.4,-0.2997046888610339,0.0,0.0,0.0,0.0,1.0,0.0,4.48
STU-11557,-0.7767688881274633,-0.5479746427420221,-0.05500982318271115,0.6433734939759035,-1.4876543209876538,-0.6,0.20415135227007164,0.0,1.0,0.0,0.0,0.0,0.0,3.38
STU-14305,0.6869967449032031,-0.8913720855270231,-0.4322200392927309,0.6096385542168673,0.814814814814815,0.4,-1.184023454927872,0.0,0.0,0.0,1.0,0.0,0.0,3.75
STU-10260,-0.5807777968134321,-1.008703126678844,-1.7304518664047155,0.021686746987951772,-1.5185185185185184,1.6,-1.2662856657247865,0.0,0.0,1.0,0.0,0.0,0.0,2.31
STU-10058,0.7479869796128142,0.5273450091329106,0.6318271119842832,-0.8481927710843373,1.1851851851851851,-0.8,0.11160636512354223,1.0,0.0,0.0,0.0,0.0,1.0,5.55
STU-14686,0.05722117526126391,0.5273450091329106,0.8958742632612969,-0.10361445783132543,-0.8271604938271604,-0.2,1.3249739743780404,1.0,0.0,0.0,0.0,0.0,1.0,5.84
STU-14413,0.9988007538118888,0.5273450091329106,1.1237721021611005,0.0,0.0,0.2,0.9342284730926936,0.0,0.0,0.0,0.0,1.0,0.0,5.48
STU-12696,0.15041973616583815,0.44826474696464996,0.9351669941060907,0.8771084337349399,-0.8148148148148144,-0.2,-0.17631137266566105,0.0,0.0,0.0,0.0,0.0,1.0,3.4
STU-12668,-0.847353092341957,-0.23552165037068892,0.5406679764243615,-0.04578313253012057,0.12962962962963015,-0.4,0.7388557224500197,1.0,0.0,0.0,1.0,0.0,0.0,4.3
STU-11264,0.4492033578893262,0.5273450091329106,1.2070726915520633,1.0481927710843373,0.17901234567901236,0.8,1.2118634345322818,1.0,0.0,0.0,0.0,0.0,1.0,5.88
STU-11800,-0.4464622237450755,-0.9597077468572043,-0.587819253438114,-0.06024096385542168,0.9753086419753086,0.0,-1.2045890076271004,0.0,0.0,0.0,1.0,0.0,0.0,2.66
STU-11447,-0.567072126092171,-0.20285806382292895,-0.337917485265226,-0.5204819277108433,0.17283950617283964,1.4,-0.30998746521064807,0.0,0.0,0.0,1.0,0.0,0.0,3.52
STU-12071,0.3402432756553016,0.5273450091329106,0.8644400785854621,0.0,0.0,0.6,1.3249739743780404,1.0,0.0,0.0,0.0,1.0,0.0,4.93
STU-11974,-0.19153674832962245,0.5273450091329106,0.7905697445972495,-0.8168674698795181,1.5308641975308643,0.4,0.6668762880027196,0.0,1.0,0.0,0.0,0.0,0.0,4.67
STU-11201,0.9988007538118888,0.5273450091329106,0.8974459724950884,-0.5542168674698795,0.40123456790123474,0.2,1.3249739743780404,1.0,0.0,0.0,0.0,1.0,0.0,7.818394560907464
STU-14533,-1.8204557135514825,-0.3231975932094127,0.6805500982318272,-0.45301204819277113,0.11728395061728418,-0.2,-1.0092162569844265,0.0,0.0,0.0,0.0,1.0,0.0,3.74
STU-10430,-0.5362343669693347,-0.7680240679058775,-1.5481335952848725,-0.14457831325301215,1.166666666666667,-0.6,-0.9989334806348125,0.0,1.0,0.0,0.0,0.0,0.0,2.33
STU-14875,0.08737365084803779,0.5273450091329106,0.3897838899803538,-0.5590361445783133,-0.06790123456790088,-1.0,0.5023518664088891,0.0,0.0,0.0,0.0,1.0,0.0,4.68
STU-13781,0.06818571183827242,-0.4964005587192435,-1.0797642436149315,1.92289156626506,-0.2901234567901233,0.0,-1.7598589305062777,1.0,0.0,0.0,0.0,0.0,1.0,3.14
STU-10555,-0.9946890525955123,-1.161706242613087,-1.5905697445972498,0.472289156626506,0.5185185185185189,0.8,-1.0092162569844265,0.0,0.0,1.0,0.0,0.0,0.0,2.96
STU-14961,0.592427616926502,0.4100139679810892,0.6459724950884089,-1.1156626506024094,-0.1296296296296296,-0.2,0.10132358877392715,0.0,0.0,0.0,0.0,0.0,1.0,5.33
STU-14831,-0.12095254411512864,0.3515633394219402,-0.15088408644400775,0.9710843373493974,-1.3765432098765429,0.4,-0.5567740976013937,1.0,0.0,0.0,0.0,0.0,1.0,3.81
STU-11564,0.9988007538118888,-0.1478457075319651,0.3190569744597249,0.021686746987951772,-0.31481481481481466,-0.6,0.8519662622957784,0.0,0.0,0.0,1.0,0.0,0.0,4.22
STU-11225,0.0,-0.6846459654023856,0.0990176817288803,-0.5879518072289157,1.425925925925926,-0.2,-0.0632008328199024,1.0,0.0,0.0,1.0,0.0,0.0,3.4
STU-12764,-1.2187767688881281,0.5273450091329106,0.19017681728880173,-0.7493975903614458,2.3209876543209873,0.6,-0.4025324523571775,1.0,0.0,1.0,0.0,0.0,0.0,4.23
STU-12814,0.07229741305465084,-0.161169012571183,0.1587426326129666,0.7397590361445783,0.14197530864197555,-1.0,-0.9166712698378972,0.0,0.0,0.0,1.0,0.0,0.0,3.82
STU-10737,0.9988007538118888,0.5273450091329106,1.1332023575638508,1.0216867469879518,1.2901234567901232,-1.0,0.2761307867173727,0.0,0.0,0.0,0.0,0.0,1.0,5.13
STU-13900,-0.37245160185026666,-0.42505640915439996,0.2341846758349706,1.2554216867469876,-0.5308641975308638,-1.0,0.5434829718073467,0.0,0.0,0.0,0.0,1.0,0.0,4.66
STU-11077,0.9988007538118888,0.5273450091329106,1.2495088408644404,-1.0481927710843373,-1.0925925925925923,-0.6,-0.011786951071830606,0.0,0.0,0.0,1.0,0.0,0.0,5.31
STU-12062,-0.9056021929073166,0.5273450091329106,0.8157170923379176,0.6843373493975903,0.9197530864197532,0.0,0.9856423548407653,1.0,0.0,0.0,0.0,0.0,1.0,4.92
STU-12470,-0.28953229398663755,-1.8442032878478567,-1.257367387033399,0.8409638554216867,-1.3827160493827155,0.2,-0.46422911045486437,0.0,0.0,0.0,0.0,1.0,0.0,4.24
STU-10713,0.42590371766318236,-0.44740517889760445,-0.8345776031434186,0.06746987951807212,0.41975308641975345,-0.4,-1.1428923495294145,0.0,0.0,0.0,0.0,0.0,1.0,3.13
STU-14258,0.4279595682713716,-0.11002471258192768,0.6035363457760315,0.36867469879518056,-0.20987654320987645,0.2,0.34811022116467283,0.0,0.0,0.0,0.0,1.0,0.0,4.65
STU-11221,0.6424533150591046,0.5273450091329106,0.6978388998035364,1.0216867469879518,0.4382716049382721,-1.0,0.14245469417238477,0.0,0.0,0.0,1.0,0.0,0.0,5.12
STU-13532,-0.25526811718348524,-1.79563769205974,-0.9618860510805503,-0.06746987951807235,0.3148148148148152,0.0,-0.9578023752363548,0.0,0.0,0.0,0.0,1.0,0.0,2.13
STU-12335,-0.8651704642795965,-1.869560545825723,-1.1410609037328097,1.2,-0.7530864197530862,1.4,-1.2662856657247865,0.0,0.0,0.0,0.0,0.0,1.0,2.31
STU-10075,0.9988007538118888,0.5273450091329106,0.9540275049115913,0.944578313253012,0.39506172839506204,-1.0,0.4098068792623597,0.0,0.0,0.0,0.0,1.0,0.0,4.58
STU-14556,0.008566044200787102,-0.6644461158267975,-0.6821218074656189,0.0,0.0,-1.0,0.0,0.0,0.0,0.0,0.0,1.0,0.0,4.38
STU-14542,0.19290731540174633,0.5273450091329106,1.3108055009823187,-0.8240963855421687,0.5925925925925931,0.0,1.3249739743780404,0.0,0.0,0.0,0.0,0.0,1.0,5.2
STU-13665,-1.107075552509852,0.25228322767809136,-0.8628683693516701,0.8915662650602407,0.9382716049382713,1.0,-0.6184707556990797,0.0,1.0,0.0,0.0,0.0,0.0,3.43
STU-14815,0.5437724858660262,0.4504136671322656,0.5438113948919452,1.1493975903614455,-0.5987654320987652,0.8,-0.2585735834625763,0.0,0.0,0.0,0.0,0.0,1.0,4.13
STU-14841,-0.7541545314373829,-0.011604168905125615,-0.14459724950884087,-0.0867469879518073,1.432098765432099,-0.2,-1.6159000616116765,0.0,0.0,1.0,0.0,0.0,0.0,3.03
STU-14585,-0.8631146136714074,-0.46631567637262317,-0.24047151277013745,-0.2120481927710843,0.41975308641975345,0.4,0.2658480103677576,1.0,0.0,1.0,0.0,0.0,0.0,3.8
STU-12094,-0.887784820969677,-0.7645857956376924,-0.688408644400786,-0.46987951807228917,-0.5802469135802466,0.6,-0.5773396503006221,1.0,0.0,0.0,0.0,0.0,1.0,2.68
STU-11027,0.7349665924276165,0.5273450091329106,0.0,0.9301204819277106,-0.9320987654320986,0.8,0.44065520831120225,0.0,0.0,0.0,0.0,1.0,0.0,4.28
STU-13708,0.337502141511049,0.5273450091329106,1.0074656188605113,-1.0891566265060242,0.07407407407407414,-1.0,-0.6184707556990797,1.0,1.0,0.0,0.0,0.0,0.0,5.13
STU-12606,-0.6760322083261955,0.49425163855162785,0.23889980353634574,-1.0192771084337349,0.26543209876543244,-1.0,-0.33055301790987734,0.0,0.0,0.0,0.0,1.0,0.0,4.4
STU-11455,-2.1343155730683576,0.24368754700762876,0.40235756385068777,-0.6457831325301204,1.9814814814814818,0.0,0.0,1.0,0.0,0.0,0.0,1.0,0.0,4.74
STU-11802,-0.2086688367311986,0.07306328569893641,0.08172888015717086,0.0,0.0,-0.6,0.6771590643523338,0.0,0.0,0.0,1.0,0.0,0.0,4.57
STU-14888,0.5115641596710632,-0.2428279789405826,-0.5013752455795678,0.6409638554216868,0.4938271604938276,-0.6,-0.19687692536489032,0.0,0.0,0.0,1.0,0.0,0.0,4.0
STU-11862,-0.1497344526297767,-0.4151713763833679,-0.9288801571709235,0.12048192771084336,-0.09876543209876497,0.0,-0.011786951071830606,0.0,0.0,0.0,0.0,0.0,1.0,3.88
STU-13672,-1.3633715949974308,-0.7026968948103582,-1.1127701375245582,-0.2867469879518073,-0.4135802469135802,-0.2,-0.26885635981219047,1.0,0.0,0.0,0.0,0.0,1.0,3.38
STU-14692,-0.17234880931985708,0.3352315461480605,-0.39607072691552064,0.0,1.012345679012346,0.0,-0.4539463341052502,1.0,0.0,0.0,0.0,0.0,1.0,3.65
STU-13371,0.9988007538118888,-0.17535188567744703,0.869155206286837,0.26024096385542167,1.1790123456790123,0.2,0.9445112494423078,1.0,1.0,0.0,0.0,0.0,0.0,5.35
STU-14497,-0.24841528182285516,0.22950467390136411,-0.8330058939096269,-0.6385542168674699,0.858024691358025,-0.8,0.19386857592045748,1.0,0.0,0.0,1.0,0.0,0.0,3.91
STU-11342,-1.3777625492547554,0.0,-1.2039292730844795,-0.8554216867469879,-0.833333333333333,-1.0,-1.235437336675944,1.0,1.0,0.0,0.0,0.0,0.0,2.95
STU-11130,0.9988007538118888,0.5273450091329106,0.10844793713163059,-0.9493975903614458,0.40123456790123474,0.2,-1.2045890076271004,0.0,0.0,0.0,0.0,0.0,1.0,4.11
STU-11499,0.30049683056364507,0.5273450091329106,0.671119842829077,-0.23373493975903628,0.2283950617283951,0.6,0.6874418407019479,0.0,0.0,0.0,0.0,0.0,1.0,5.09
STU-14434,-1.541545314373823,-1.2003868056301712,-0.6208251473477406,1.1445783132530118,-0.5987654320987652,-1.0,-1.2868512184240157,0.0,0.0,1.0,0.0,0.0,0.0,2.03
STU-12259,-0.047627205756382206,0.04641667562050063,-0.4557956777996072,-0.32289156626506016,0.3271604938271606,0.4,-0.43338078140602093,0.0,0.0,0.0,0.0,0.0,1.0,3.42
STU-13195,-1.44629090286106,0.09412270334157077,-0.17760314341846745,-0.31807228915662655,-1.253086419753086,0.2,0.24528245766852924,0.0,0.0,0.0,0.0,0.0,1.0,2.42
STU-11942,0.7575809491176969,0.0,-0.048722986247544293,1.6168674698795178,0.5864197530864198,-0.2,0.42008965561197387,0.0,1.0,0.0,0.0,0.0,0.0,5.04
STU-11709,0.9247901319170799,0.5273450091329106,0.0,-0.16144578313253008,-0.09259259259259225,0.0,0.8005523805477066,0.0,0.0,0.0,0.0,1.0,0.0,5.62
STU-14462,-0.6924790131917092,-1.5803158912646398,-0.8047151277013754,2.166265060240964,-1.3456790123456788,0.4,-0.011786951071830606,1.0,0.0,0.0,0.0,1.0,0.0,2.4
STU-10354,-0.5088230255268125,-0.3954013108413024,0.11316306483300602,-0.6506024096385542,-1.5432098765432098,-0.4,-0.9269540461875123,0.0,1.0,0.0,0.0,0.0,0.0,3.15
STU-14992,0.9988007538118888,0.5273450091329106,1.1222003929273086,0.3855421686746987,-1.666666666666666,-0.2,1.3249739743780404,1.0,0.0,0.0,0.0,1.0,0.0,5.09
STU-14662,0.46016789446633466,-0.20027935962179053,0.6113948919449904,0.07228915662650598,0.5123456790123457,-0.8,1.1398840000849817,1.0,0.0,0.0,0.0,0.0,1.0,5.04
STU-10169,0.5663868425561066,0.3584398839583105,0.5579567779960709,0.23373493975903606,0.5740740740740744,-1.0,0.0,0.0,0.0,0.0,1.0,0.0,0.0,4.64
STU-12873,0.6280623608017811,0.13967981089502526,-0.3190569744597249,-0.29397590361445797,0.4567901234567902,0.2,0.3275446684654445,0.0,0.0,0.0,0.0,1.0,0.0,4.31
STU-11170,-0.9206784307007034,0.0,-0.8440078585461691,2.954216867469879,-0.8271604938271604,-0.4,-0.17631137266566105,0.0,0.0,1.0,0.0,0.0,0.0,3.02
STU-13153,-0.6863114613671416,-1.1694423552165039,-0.3787819253438115,-0.25542168674698806,-1.1913580246913578,-0.6,-0.8138435063417536,0.0,0.0,0.0,0.0,0.0,1.0,3.28
STU-14069,-1.8362172348809325,-0.7753303964757713,-0.650687622789784,0.24819277108433718,-0.43827160493827155,1.0,-1.6056172852620616,0.0,0.0,0.0,1.0,0.0,0.0,1.82
STU-13083,0.008566044200787102,0.5273450091329106,1.2149312377210215,-0.36626506024096395,-0.16049382716049368,1.4,-0.3614013469587199,0.0,0.0,0.0,0.0,1.0,0.0,5.02
STU-11786,-0.4026040774370405,-0.6098635435693563,0.0,0.6216867469879518,0.27160493827160515,0.0,-1.5336378508147614,1.0,0.0,0.0,0.0,0.0,1.0,3.1
STU-12799,0.2977556964193924,0.5273450091329106,0.2970530451866406,-0.10361445783132543,1.8765432098765435,0.0,0.12188914147315641,0.0,0.0,1.0,0.0,0.0,0.0,4.81
STU-10276,-0.4457769402090121,0.5273450091329106,1.5402750491159136,-0.7879518072289156,0.5185185185185189,0.8,1.3249739743780404,0.0,0.0,0.0,0.0,0.0,1.0,5.06
STU-11774,0.21689223916395353,0.5273450091329106,0.6396856581532415,0.19759036144578296,-0.6111111111111106,1.0,0.6154624062546469,1.0,0.0,0.0,0.0,1.0,0.0,4.45
STU-14872,0.9988007538118888,0.0,0.07072691552062886,0.11807228915662654,-0.32098765432098736,-0.4,0.029344154326627007,1.0,0.0,0.0,0.0,0.0,1.0,4.87
STU-10475,0.7507281137570658,0.5273450091329106,0.532809430255403,-0.8120481927710843,-0.5679012345679012,0.6,0.2555652340181434,0.0,0.0,0.0,0.0,1.0,0.0,4.66
STU-10416,0.16412540688709829,0.07220371763188967,-0.18703339882121803,0.6216867469879518,-1.2716049382716046,0.8,1.2118634345322818,1.0,0.0,0.0,1.0,0.0,0.0,4.62
STU-13762,0.9103991776597554,0.3996991511765337,0.40235756385068777,0.0,0.0,-1.0,0.2555652340181434,0.0,0.0,0.0,1.0,0.0,0.0,4.57
STU-14580,-1.4963166009936615,-0.2901042226281294,-1.7100196463654225,-0.22650602409638562,-1.3209876543209873,-1.0,-0.3819668996579491,1.0,0.0,0.0,0.0,0.0,1.0,2.56
STU-14589,0.24841528182285322,-1.4290319114644896,-0.3316306483300589,0.525301204819277,0.17283950617283964,-1.0,0.039626930676241186,0.0,0.0,1.0,0.0,0.0,0.0,3.88
STU-12459,0.9988007538118888,0.5273450091329106,1.846758349705305,0.6674698795180721,-0.3950617283950615,0.0,0.4715035373600457,0.0,0.0,0.0,0.0,0.0,1.0,4.95
STU-10982,0.7383930101079316,0.5273450091329106,0.3787819253438115,-0.4891566265060241,0.15432098765432098,1.0,0.7491384987996348,0.0,0.0,0.0,0.0,1.0,0.0,5.06
STU-12700,0.9796128148021235,0.5273450091329106,0.8785854616895878,1.1566265060240961,0.2839506172839511,0.2,0.5846140772058044,1.0,1.0,0.0,0.0,0.0,0.0,6.39
STU-12332,0.09765290388898289,0.5273450091329106,0.6946954813359529,0.16144578313253008,0.8456790123456795,1.0,-0.3408357942594915,1.0,0.0,1.0,0.0,0.0,0.0,4.84
STU-11578,0.02501284906630083,-0.10357795207908073,-0.03929273084479372,0.0,0.15432098765432098,-1.0,0.0,0.0,0.0,0.0,0.0,0.0,1.0,3.48
STU-11118,0.23333904402946629,-0.24110884280648973,0.0,0.2506024096385542,0.5246913580246917,1.2,-0.011786951071830606,0.0,1.0,0.0,0.0,0.0,0.0,5.03
STU-11162,-0.8343327051567593,-0.48350703771354897,-1.1049115913555994,-0.5686746987951807,-1.2407407407407405,-1.0,-0.505360215853322,1.0,0.0,1.0,0.0,0.0,0.0,2.71
STU-12625,0.3512078122323101,0.08681637477167707,1.0844793713163068,-1.0144578313253012,0.2407407407407411,-0.8,-0.4025324523571775,1.0,0.0,0.0,0.0,1.0,0.0,5.24
STU-12540,0.8898406715778643,0.5273450091329106,1.4915520628683696,0.40963855421686746,-1.4012345679012341,2.0,0.7080073934011771,0.0,0.0,0.0,0.0,1.0,0.0,5.32
STU-12285,0.7795100222717138,-0.46631567637262317,1.0734774066797645,0.0,0.0,0.8,0.6154624062546469,1.0,0.0,1.0,0.0,0.0,0.0,5.04
STU-13539,-1.3880418022957004,0.5273450091329106,1.4664047151277015,1.106024096385542,0.05555555555555601,0.0,0.8828145913446218,0.0,0.0,0.0,1.0,0.0,0.0,4.38
STU-12043,-0.7431899948603743,-0.34382722681852373,-0.6522593320235757,0.25542168674698784,-0.7530864197530862,0.2,0.8211179332469349,0.0,0.0,1.0,0.0,0.0,0.0,4.09
STU-11242,0.04008908685968776,0.07220371763188967,0.42907662082514747,-0.3831325301204819,0.7098765432098767,-0.6,1.3249739743780404,1.0,0.0,0.0,0.0,1.0,0.0,4.47
STU-13806,-0.6493061504197367,-1.0009670140754274,-0.4573673870333989,0.026506024096385403,-0.648148148148148,-0.4,-0.8446918353905971,0.0,1.0,0.0,0.0,0.0,0.0,3.03
STU-13800,0.9988007538118888,0.0,1.4726915520628685,-0.2771084337349398,-0.09876543209876497,0.2,1.3249739743780404,1.0,1.0,0.0,0.0,0.0,0.0,5.91
STU-13463,-0.4731882816515343,-0.07993983023530674,-0.13673870333988203,-0.25783132530120484,0.8518518518518523,1.2,-0.30998746521064807,1.0,0.0,0.0,1.0,0.0,0.0,4.78
STU-12041,0.9988007538118888,0.2656065327173093,1.301375245579568,-0.9590361445783133,-0.4320987654320983,-0.6,1.1501667764345958,1.0,0.0,0.0,0.0,0.0,1.0,6.39
STU-12521,-1.245502826794587,-1.6202858063822931,-0.40235756385068777,-0.7927710843373493,-0.9320987654320986,-1.0,-1.0092162569844265,0.0,0.0,0.0,1.0,0.0,0.0,2.22
STU-13070,0.8672263148877839,0.5273450091329106,0.41335952848723007,-0.4746987951807229,-1.2037037037037033,1.2,0.42008965561197387,0.0,1.0,0.0,0.0,0.0,0.0,4.12
STU-13158,0.32174062018159966,0.4714730847749006,0.8833005893909627,0.1132530120481927,0.1234567901234569,-1.0,0.0,0.0,0.0,0.0,0.0,0.0,1.0,4.74
STU-11252,0.08600308377591197,-0.299129687332116,-1.0514734774066798,-0.1253012048192772,-0.7037037037037035,-0.8,-0.042635280120674045,0.0,0.0,0.0,1.0,0.0,0.0,3.78
STU-13864,-0.4457769402090121,-0.11990974535296041,0.08487229862475458,-0.6024096385542168,-0.34567901234567877,0.6,-1.0194990333340417,1.0,0.0,0.0,0.0,1.0,0.0,3.35
STU-13859,-1.4750728113757074,0.0,-1.40196463654224,0.35662650602409623,-1.0432098765432094,0.8,-0.2071597017145045,0.0,0.0,0.0,0.0,0.0,1.0,1.53
STU-12176,-1.2276854548569474,-1.1092725905232623,-1.0090373280943028,-0.6433734939759036,-1.5185185185185184,2.8,0.0,0.0,1.0,0.0,0.0,0.0,0.0,3.03
STU-10331,-1.1385985951687516,0.09627162350918642,-0.900589390962672,0.0,-1.4691358024691357,0.6,-0.28942191251141974,0.0,1.0,0.0,0.0,0.0,0.0,3.57
STU-14047,-0.6225800925132778,-0.29955947136563876,-0.550098231827112,0.39518072289156614,0.8209876543209876,-0.4,-1.5130722981155322,1.0,1.0,0.0,0.0,0.0,0.0,3.75
STU-11388,0.10519102278567635,0.5273450091329106,0.14459724950884087,-0.03855421686746991,-0.33333333333333276,-1.0,1.2529945399307394,0.0,0.0,0.0,0.0,1.0,0.0,5.1
STU-13973,0.26006510193592514,-0.22692596970022572,-0.28447937131630663,0.22168674698795177,2.1790123456790127,0.0,-0.12489749091758927,1.0,0.0,0.0,0.0,0.0,1.0,4.33
STU-10725,-0.45605619324995816,0.0,1.2542239685658154,-0.8891566265060241,0.030864197530864633,0.6,0.0,0.0,0.0,0.0,0.0,0.0,1.0,4.35
STU-14724,0.9988007538118888,0.5273450091329106,2.183104125736739,-0.8096385542168675,-0.7037037037037035,-0.2,0.6463107353034903,0.0,0.0,0.0,0.0,1.0,0.0,6.78
STU-14122,0.04488607161212862,-0.26990437305254117,0.5925343811394892,-0.46746987951807234,-0.14197530864197502,-0.2,0.5332001954577326,1.0,0.0,0.0,0.0,0.0,1.0,5.04
STU-12899,-0.21072468733938782,0.44310733856237255,-0.06129666011787829,1.4819277108433735,0.1234567901234569,0.0,0.5332001954577326,0.0,1.0,0.0,0.0,0.0,0.0,5.1
STU-12962,0.9432927873907819,0.4568604276351132,0.4165029469548135,-0.16144578313253008,1.0000000000000004,-1.0,0.24528245766852924,1.0,0.0,0.0,1.0,0.0,0.0,6.02
STU-14861,0.0,-0.17363274954335475,-1.2463654223968568,0.0,0.14197530864197555,0.4,-0.33055301790987734,0.0,1.0,0.0,0.0,0.0,0.0,2.36
STU-14193,-0.10450573924961491,0.5273450091329106,1.0310412573673873,1.1469879518072288,0.20370370370370375,-0.6,0.029344154326627007,0.0,0.0,0.0,0.0,0.0,1.0,4.76
STU-14111,-0.4252184341271209,0.00515740840227744,-1.100196463654224,1.5493975903614456,0.29629629629629656,-1.0,-0.052918056470288216,0.0,0.0,0.0,1.0,0.0,0.0,3.16
STU-12952,-0.20318656844269437,-0.15601160416890555,-0.18546168958742631,-0.5831325301204819,0.2839506172839511,1.0,-0.0015041747222164304,0.0,0.0,0.0,0.0,1.0,0.0,4.06
STU-10805,0.9988007538118888,0.5273450091329106,0.8141453831041261,-0.11566265060240973,0.0,0.0,0.49206909005927496,0.0,0.0,0.0,0.0,0.0,1.0,4.28
STU-14797,0.5828336474216204,0.5273450091329106,-0.05815324165029458,1.175903614457831,0.17283950617283964,1.8,-0.5464913212517796,0.0,0.0,0.0,0.0,0.0,1.0,4.39
STU-12979,-1.1228370738393012,-1.3589771140002151,-1.0609037328094304,0.13253012048192767,-0.4012345679012342,0.2,0.38924132656313043,1.0,0.0,0.0,0.0,1.0,0.0,4.12
STU-10927,0.4279595682713716,0.5273450091329106,0.9115913555992141,0.27951807228915665,0.0,-0.2,0.060192483375469535,0.0,0.0,0.0,0.0,0.0,1.0,5.17
STU-10700,-0.19222203186568487,-1.3950789728161601,-0.8565815324165031,1.8722891566265059,0.5185185185185189,-0.6,0.19386857592045748,1.0,1.0,0.0,0.0,0.0,0.0,4.03
STU-12345,0.6636971046770592,-0.5802084452562588,0.2719056974459726,1.9590361445783129,-1.1728395061728392,-0.4,0.37895855021351627,0.0,0.0,0.0,1.0,0.0,0.0,4.9
STU-14708,-0.13123179715607375,-0.6846459654023856,-0.20117878192534375,1.6987951807228912,-0.22839506172839458,-0.6,1.0370562365888372,0.0,0.0,1.0,0.0,0.0,0.0,4.12
STU-11160,0.589001199246187,0.23638121843773505,0.5689587426326133,2.515662650602409,0.41975308641975345,0.0,0.1733030232212282,0.0,0.0,0.0,0.0,1.0,0.0,4.2
STU-14704,-0.9700188452972427,-0.8397980015042444,-1.139489194499018,1.2963855421686743,-0.37654320987654283,-1.0,-0.6493190847479232,0.0,0.0,0.0,0.0,0.0,1.0,1.98
STU-14960,0.9988007538118888,0.30385731170087005,0.6601178781925346,1.5204819277108435,-0.604938271604938,0.2,0.0807580360746988,0.0,0.0,0.0,0.0,1.0,0.0,5.01
STU-12403,0.9988007538118888,0.3700440528634361,1.0593320235756387,-0.436144578313253,0.5185185185185189,0.6,0.4303724319615881,0.0,0.0,0.0,0.0,0.0,1.0,4.99
STU-10092,0.0318656844269309,0.06704630922961222,-0.24990176817288803,1.0024096385542167,0.7345679012345686,0.0,-0.5156429922029362,0.0,1.0,0.0,0.0,0.0,0.0,4.79
STU-11866,0.9988007538118888,0.5273450091329106,0.7559921414538312,1.1590361445783133,0.024691358024691377,-0.4,0.5023518664088891,0.0,0.0,0.0,1.0,0.0,0.0,6.14
STU-10232,-0.31146136714065553,0.21403244869453059,-0.30019646365422403,0.7734939759036141,-0.9197530864197526,0.4,0.12188914147315641,1.0,0.0,0.0,0.0,1.0,0.0,4.38
STU-14750,0.041459653931813584,0.16761577307402994,0.19960707269155203,0.11566265060240952,-0.32716049382716006,-0.6,1.3249739743780404,0.0,0.0,0.0,1.0,0.0,0.0,4.77
STU-13944,-0.20044543429844175,0.033093370581282734,-0.6255402750491161,0.9879518072289155,0.3703703703703707,0.0,-0.5670568739510079,0.0,1.0,0.0,0.0,0.0,0.0,3.42
STU-12980,-0.25800925132773783,0.5273450091329106,0.034577603143418574,0.6072289156626505,0.5000000000000002,0.0,0.11160636512354223,1.0,0.0,0.0,1.0,0.0,0.0,3.76
STU-13218,0.6033921535035115,-0.7589986032018916,-0.5013752455795678,-0.7855421686746988,0.2160493827160497,-0.4,-0.3408357942594915,0.0,0.0,1.0,0.0,0.0,0.0,4.22
STU-14965,0.0,-0.9150102073707965,-0.9587426326129667,0.7204819277108434,-0.018518518518518122,0.2,0.039626930676241186,1.0,0.0,1.0,0.0,0.0,0.0,3.94
STU-14317,0.9988007538118888,-0.44783496293112723,0.11630648330058944,-0.4987951807228916,-0.4197530864197529,-1.0,0.6668762880027196,1.0,0.0,0.0,1.0,0.0,0.0,4.25
STU-14420,0.29707041288333,0.06403782099494983,0.26247544204322204,-0.30843373493975906,0.2839506172839511,1.0,0.13217191782277057,0.0,1.0,0.0,0.0,0.0,0.0,5.2
STU-10478,0.9988007538118888,0.5273450091329106,2.0793713163064833,-1.0168674698795181,-0.6172839506172839,0.4,1.3249739743780404,0.0,0.0,1.0,0.0,0.0,0.0,6.24
STU-14177,-0.5835189309576847,-0.5363704738368972,0.0,-0.9108433734939759,-0.987654320987654,-0.8,0.13217191782277057,0.0,0.0,1.0,0.0,0.0,0.0,3.24
STU-14523,-1.9205071098166875,-0.16460728483936815,-0.048722986247544293,0.33253012048192765,1.3086419753086425,-0.2,0.04990970702585536,1.0,1.0,0.0,0.0,0.0,0.0,4.08
STU-13870,-2.259037176631832,-1.9856022348769746,-1.6754420432220043,0.9301204819277106,-0.32098765432098736,-0.4,-1.0709129150821135,0.0,0.0,0.0,1.0,0.0,0.0,1.0
STU-11036,-0.9576837416481074,-1.517137638336736,-1.108055009823183,-0.5927710843373495,-1.4753086419753083,-0.6,-2.0683422209947095,0.0,1.0,0.0,0.0,0.0,0.0,2.03
STU-11619,-0.1826280623608022,0.32706564951112066,-0.034577603143418574,0.6048192771084336,0.3209876543209879,0.6,0.12188914147315641,0.0,0.0,0.0,0.0,1.0,0.0,5.06
STU-14968,-0.8069213637142371,-2.0431932953690777,7.87608605756328,0.0,-0.6543209876543207,-0.2,-1.6775967197093626,0.0,0.0,0.0,1.0,0.0,0.0,1.4
STU-11255,-0.4526297755696432,-0.9962393897066728,-1.3123772102161102,0.7421686746987951,-1.2037037037037033,2.0,-1.1531751258790288,0.0,0.0,0.0,1.0,0.0,0.0,2.24
STU-12388,-0.058591742333391685,0.5273450091329106,0.4385068762278981,0.2771084337349396,0.0864197530864201,-1.0,-0.16602859631604688,0.0,0.0,0.0,0.0,0.0,1.0,4.41
STU-10751,-0.3758780195305817,0.0,0.0,0.8144578313253009,0.16049382716049423,1.4,0.19386857592045748,0.0,0.0,0.0,0.0,0.0,1.0,3.83
STU-13368,0.0,0.5273450091329106,0.9980353634577604,-0.24578313253012057,0.23456790123456836,-1.0,0.5948968535554185,0.0,0.0,1.0,0.0,0.0,0.0,5.61
STU-11924,-0.16892239163954206,0.22434726549908668,0.48408644400785866,-0.6216867469879518,-1.4753086419753083,-1.0,0.5743313008561892,0.0,0.0,0.0,0.0,1.0,0.0,3.97
STU-13429,0.32242590371766205,-0.8655850435156335,0.1603143418467583,0.7686746987951806,-0.33333333333333276,0.6,0.1733030232212282,0.0,0.0,0.0,0.0,1.0,0.0,3.51
STU-12831,-0.3340757238307359,-0.850972386375846,-0.875442043222004,1.583132530120482,-0.5493827160493825,-1.0,-0.8035607299921395,0.0,0.0,1.0,0.0,0.0,0.0,2.91
STU-13401,-0.8987493575466855,-1.6813151391425811,-1.4695481335952851,0.27469879518072277,0.6049382716049385,-0.8,-1.2457201130255582,1.0,1.0,0.0,0.0,0.0,0.0,2.48
STU-11299,-0.41425389755011244,-1.3082625980444829,-0.4133595284872298,-0.22650602409638562,0.5000000000000002,0.2,0.18358579957084237,0.0,0.0,1.0,0.0,0.0,0.0,2.45
STU-11983,-0.3834161384272752,0.48135811754593333,-0.1210216110019646,1.1108433734939758,0.987654320987654,1.0,-0.09404916186874583,1.0,0.0,1.0,0.0,0.0,0.0,4.89
STU-11097,-0.2888470104505751,0.08380788653701528,-1.038899803536346,0.13253012048192767,-0.7530864197530862,-1.0,-0.3408357942594915,0.0,0.0,0.0,1.0,0.0,0.0,4.22
STU-10692,-1.065273256810006,-0.9128612872031808,-0.5233791748526524,1.431325301204819,-0.1790123456790118,-0.2,-0.42309800505640677,0.0,0.0,0.0,1.0,0.0,0.0,3.21
STU-13408,-0.27102963851293554,-0.1848071344149564,-0.38664047151277003,-1.0602409638554218,-0.19135802469135776,0.6,0.3686757738639021,0.0,0.0,0.0,0.0,0.0,1.0,3.99
STU-10212,-0.22580092513277475,0.5273450091329106,0.03614931237721029,0.906024096385542,0.26543209876543244,1.4,-0.46422911045486437,0.0,0.0,1.0,0.0,0.0,0.0,4.36
STU-11853,0.8494089429501444,0.5273450091329106,0.056581532416502864,1.2072289156626503,-0.35802469135802417,1.4,0.7491384987996348,0.0,1.0,0.0,0.0,0.0,0.0,4.77
STU-13837,0.08531780023984857,0.5273450091329106,0.8110019646365427,0.8795180722891567,-0.296296296296296,0.0,1.3249739743780404,0.0,1.0,0.0,0.0,0.0,0.0,5.44
STU-14100,-0.04214493746787795,0.3476952831202316,0.4086444007858546,-0.16626506024096394,0.06172839506172872,0.2,-0.505360215853322,0.0,0.0,0.0,0.0,0.0,1.0,3.84
STU-10341,-0.4786705499400386,-0.7963898141184056,-0.3536345776031435,-0.5397590361445783,-0.9074074074074072,0.4,-1.029781809683656,1.0,0.0,0.0,0.0,0.0,1.0,3.19
STU-12805,0.13876991605276623,-0.8092833351241001,-0.6396856581532416,1.1493975903614455,-0.7777777777777776,0.6,-0.42309800505640677,0.0,0.0,0.0,0.0,0.0,1.0,4.16
STU-13071,-1.512078122323112,-0.20285806382292895,-0.045579567779960584,-0.3638554216867469,0.8765432098765431,0.6,-0.8755401644394396,0.0,0.0,0.0,0.0,1.0,0.0,4.48
STU-13448,0.34435497687168004,0.13538197055979334,0.20589390962671916,-0.3590361445783133,0.0864197530864201,1.6,0.6668762880027196,0.0,0.0,0.0,1.0,0.0,0.0,5.01
STU-14931,-1.012506424533151,0.021489201676157733,-0.1823182711198429,-0.6048192771084338,-1.3333333333333328,2.2,-0.8858229407890547,0.0,0.0,1.0,0.0,0.0,0.0,2.72
STU-10832,-0.9384958026383421,0.08509723863758419,-0.7528487229862477,-0.7975903614457831,-0.7098765432098761,0.0,-0.2071597017145045,0.0,0.0,0.0,0.0,1.0,0.0,3.45
STU-12545,-0.15932842213465936,-0.5892339099602454,0.09115913555992144,-0.47710843373493983,0.09259259259259281,-0.8,-1.1223267968301853,0.0,0.0,0.0,1.0,0.0,0.0,2.78
STU-13957,-0.04077437039575214,-0.11819060921886752,-0.10216110019646372,0.8120481927710841,0.5432098765432103,-0.4,-0.6801674137967666,0.0,1.0,0.0,0.0,0.0,0.0,4.36
STU-11338,0.2696590714408078,0.2355216503706883,0.6129666011787821,1.089156626506024,0.7530864197530868,-1.0,-0.41281522870679255,1.0,0.0,0.0,1.0,0.0,0.0,5.34
STU-12990,-0.7390782936439959,-0.89781884602987,-0.2609037328094303,0.05542168674698784,1.3765432098765433,1.2,0.6668762880027196,1.0,0.0,0.0,0.0,0.0,1.0,3.94
STU-14458,0.6952201473359589,0.27549156548834197,0.696267190569745,0.0,0.0,0.8,0.060192483375469535,0.0,0.0,0.0,0.0,1.0,0.0,4.31
STU-10180,-1.4908343327051572,-1.6675620500698403,-1.4176817288801573,-0.1734939759036146,1.0802469135802468,1.2,-0.834409059040982,1.0,0.0,0.0,1.0,0.0,0.0,2.58
STU-11309,0.47867054994003666,-0.10873536048135818,0.39607072691552064,-0.9204819277108434,0.43209876543209885,-0.4,-0.052918056470288216,1.0,0.0,0.0,0.0,0.0,1.0,4.57
STU-11318,-1.2009593969504886,-1.2923605888041263,-1.7210216110019647,-0.7542168674698795,0.6728395061728394,0.4,-1.4513756400178461,1.0,0.0,0.0,0.0,0.0,1.0,1.96
STU-11047,-0.07024156244646261,0.1478457075319651,0.4919449901768175,-0.04578313253012057,0.6358024691358032,-0.2,-0.011786951071830606,0.0,0.0,0.0,1.0,0.0,0.0,4.4
STU-11471,-0.6849408942950148,0.09627162350918642,-0.6082514734774067,2.450602409638554,-1.098765432098765,0.4,0.16302024687161404,0.0,0.0,0.0,0.0,0.0,1.0,3.91
STU-10473,0.9988007538118888,0.5273450091329106,1.2322200392927314,0.15662650602409625,-0.05555555555555546,1.0,1.3249739743780404,0.0,0.0,0.0,0.0,0.0,1.0,5.72
STU-14127,-0.4259037176631843,-0.5973998065971852,-0.4919449901768172,-0.49638554216867464,-1.3888888888888888,-0.6,-0.505360215853322,1.0,1.0,0.0,0.0,0.0,0.0,2.41
STU-10215,0.2696590714408078,0.10443752014612626,0.7811394891944993,-0.4915662650602409,-0.7407407407407403,0.2,0.5229174191081175,0.0,0.0,1.0,0.0,0.0,0.0,5.62
STU-10745,-0.8795614185369202,-0.0674760932631356,0.24990176817288803,-0.5012048192771084,-1.635802469135802,-0.8,-0.042635280120674045,0.0,0.0,0.0,0.0,0.0,1.0,3.73
STU-12860,0.9988007538118888,0.1972708713871275,1.8593320235756388,0.9542168674698792,1.1481481481481488,0.2,1.3249739743780404,0.0,1.0,0.0,0.0,0.0,0.0,5.84
STU-14453,0.4156244646222363,0.06575695712904271,0.037721021611002006,0.06987951807228916,0.30864197530864196,0.0,-0.41281522870679255,1.0,0.0,0.0,0.0,0.0,1.0,4.05
STU-13965,-0.04077437039575214,-0.73836896959278,0.3536345776031435,0.5132530120481927,-0.18518518518518506,0.8,-0.4539463341052502,1.0,0.0,1.0,0.0,0.0,0.0,3.3
STU-12158,-0.14493746787733486,0.4375201461265711,-0.21532416502946947,-1.0144578313253012,-0.5617283950617279,0.2,0.9033801440438501,1.0,0.0,1.0,0.0,0.0,0.0,4.56
STU-13138,0.0,-0.04211883528526933,0.08644400785854629,-0.5349397590361445,0.0,0.4,-0.30998746521064807,0.0,1.0,0.0,0.0,0.0,0.0,4.21
STU-13065,0.3265376049340405,-0.17664123777801655,-0.1210216110019646,0.0,0.0,0.4,-0.18659414901527524,0.0,0.0,0.0,0.0,1.0,0.0,4.95
STU-10732,0.7986979612814793,0.5273450091329106,0.19803536345776032,1.1469879518072288,1.4012345679012341,0.4,-0.49507743950370686,1.0,0.0,0.0,0.0,0.0,1.0,4.89
STU-12426,0.5307520986808285,0.11045449661545045,-0.09430255402750487,-0.6,-1.1543209876543203,1.2,1.2427117635811253,0.0,0.0,0.0,0.0,0.0,1.0,4.74
STU-14878,0.26828850436868196,0.0803696142688295,0.007858546168958855,-0.8843373493975903,0.6666666666666666,0.4,0.019061377977012833,0.0,1.0,0.0,0.0,0.0,0.0,4.1
STU-12721,-0.06955627891040018,0.38293757386913063,0.7921414538310415,0.35180722891566263,1.3456790123456788,1.0,1.3249739743780404,0.0,0.0,0.0,0.0,1.0,0.0,5.03
STU-13023,-1.1111872537262304,-0.7899430536155586,-1.1724950884086447,-0.053012048192771236,-0.7407407407407403,0.4,0.07047525972508462,0.0,0.0,1.0,0.0,0.0,0.0,1.94
STU-10905,-1.0145622751413401,0.0,-0.40078585461689575,-0.44337349397590364,-0.2716049382716046,0.0,0.3275446684654445,1.0,0.0,0.0,0.0,1.0,0.0,4.63
STU-14157,0.12986123008394598,-0.2793596217900505,0.8392927308447942,-0.5325301204819277,0.6296296296296293,0.2,0.008778601627397745,0.0,0.0,0.0,0.0,1.0,0.0,3.11
STU-11098,0.6061332876477632,0.4272053293220156,0.050294695481336006,1.3156626506024094,-0.9999999999999994,0.0,0.42008965561197387,0.0,0.0,1.0,0.0,0.0,0.0,3.93
STU-14996,0.9988007538118888,0.5273450091329106,1.6471512770137524,-0.24819277108433738,0.2407407407407411,-1.0,0.6360279589538761,0.0,0.0,0.0,0.0,1.0,0.0,5.76
STU-12935,0.29569984581120323,0.08337810250349191,0.28919449901768174,0.08915662650602411,-0.6604938271604934,0.4,-1.0503473623828843,0.0,0.0,0.0,0.0,0.0,1.0,4.38
STU-14444,-0.5814630803494955,0.20070914365531328,0.24833005893909632,0.8746987951807226,1.0493827160493834,1.0,-0.834409059040982,1.0,0.0,0.0,0.0,0.0,1.0,4.67
STU-14846,-0.28062360801781827,-0.5346513377028043,-0.02671905697445972,0.0,-1.679012345679012,0.6,-0.19687692536489032,0.0,0.0,0.0,0.0,1.0,0.0,4.28
STU-14265,-0.35052252869624867,-0.4147415923498445,0.5390962671905698,-0.6337349397590362,-0.006172839506172707,-1.0,0.0,1.0,0.0,0.0,0.0,0.0,1.0,4.37
STU-14646,0.0,-1.4071129257548085,0.30019646365422403,-0.5228915662650603,0.06172839506172872,-0.8,0.5743313008561892,1.0,0.0,0.0,1.0,0.0,0.0,4.53
STU-14147,-1.0371766318314206,-0.2707639411195873,-0.3724950884086443,0.41927710843373495,0.7098765432098767,1.4,0.2658480103677576,0.0,0.0,0.0,0.0,0.0,1.0,3.41
STU-10082,0.8473530923419561,0.5273450091329106,0.15559921414538316,0.22891566265060243,-0.22839506172839458,-0.2,-0.3614013469587199,0.0,0.0,0.0,0.0,1.0,0.0,4.6
STU-14103,0.7980126777454158,0.5273450091329106,1.5119842829076622,-0.708433734939759,0.024691358024691377,0.0,1.0679045656376807,0.0,0.0,0.0,1.0,0.0,0.0,5.62
STU-10189,-0.21415110501970286,-0.4327925217578171,0.012573673870334002,1.0602409638554218,1.253086419753087,-1.0,1.3249739743780404,1.0,0.0,0.0,0.0,1.0,0.0,5.01
STU-12463,0.5711838273085484,-0.06661652519608885,0.337917485265226,0.026506024096385403,-0.6419753086419747,1.2,0.0807580360746988,0.0,0.0,0.0,0.0,1.0,0.0,4.51
STU-13617,0.3861572725715258,0.08509723863758419,-0.18860510805500974,1.508433734939759,0.3703703703703707,0.8,0.6771590643523338,0.0,1.0,0.0,0.0,0.0,0.0,3.58
STU-12847,0.015418879561418146,-0.22004942516385537,0.3269155206286838,-0.44337349397590364,-0.5308641975308638,1.0,0.16302024687161404,1.0,0.0,0.0,1.0,0.0,0.0,4.08
STU-10164,-0.511564159671065,-0.6739013645643068,-0.2860510805500983,0.6987951807228916,0.3703703703703707,0.2,-0.0632008328199024,1.0,0.0,0.0,0.0,0.0,1.0,4.13
STU-14112,0.9672777111529891,0.5273450091329106,1.2416502946954815,0.8144578313253009,-0.02469135802469083,-0.8,0.0,1.0,0.0,0.0,0.0,0.0,1.0,5.6
STU-11466,0.8788761350008557,0.06403782099494983,0.545383104125737,0.8240963855421686,-0.38271604938271553,0.0,0.029344154326627007,0.0,0.0,0.0,0.0,1.0,0.0,4.62
STU-12267,-0.4190508823025533,0.3468357150531855,-0.09273084479371316,0.8674698795180721,1.6666666666666672,0.0,-0.4847946631540927,0.0,0.0,0.0,0.0,0.0,1.0,3.95
STU-11995,-0.4039746445091663,-0.18609648651552588,0.33948919449901777,0.6530120481927708,0.09876543209876551,0.0,0.029344154326627007,0.0,0.0,0.0,0.0,1.0,0.0,4.19
STU-12769,-1.2667466164125416,-0.029655098313097573,0.11159135559921429,-0.6481927710843374,-0.7160493827160489,0.4,-0.5464913212517796,0.0,0.0,0.0,0.0,0.0,1.0,2.96
STU-13660,-0.2977556964193944,0.5273450091329106,-0.088015717092338,-0.6265060240963856,-0.47530864197530837,0.0,0.5434829718073467,1.0,0.0,0.0,0.0,0.0,1.0,4.65
STU-13992,0.1565872879904048,0.4568604276351132,0.5956777996070729,0.4650602409638553,-0.12345679012345634,0.2,-0.3408357942594915,0.0,0.0,0.0,0.0,0.0,1.0,5.29
STU-14756,-1.5456570155902012,-1.3658536585365855,0.0,-0.021686746987951772,0.13580246913580285,0.2,-1.1428923495294145,0.0,0.0,0.0,0.0,0.0,1.0,1.31
STU-12930,-0.10519102278567831,-0.6575695712904265,-0.33948919449901777,0.8337349397590359,-0.6172839506172839,0.6,-0.49507743950370686,1.0,0.0,0.0,0.0,1.0,0.0,3.42
STU-11310,-0.6218948089772155,-0.48952401418287317,-1.2102161100196467,-0.17590361445783143,0.19135802469135832,-1.0,-0.505360215853322,1.0,0.0,0.0,0.0,1.0,0.0,3.27
STU-12534,-0.6342299126263498,-2.155366928118621,-1.175638506876228,0.7325301204819274,0.8765432098765431,-0.4,-0.33055301790987734,0.0,0.0,0.0,0.0,1.0,0.0,3.16
STU-14284,0.8000685283536051,0.0,0.5815324165029472,1.2409638554216866,-0.648148148148148,1.0,0.8519662622957784,1.0,1.0,0.0,0.0,0.0,0.0,5.39
STU-12583,0.9988007538118888,-0.19426238315246633,0.4982318271119844,0.44578313253012036,0.10493827160493877,-0.2,0.0,0.0,1.0,0.0,0.0,0.0,0.0,4.87
STU-12351,0.8768202843926666,0.5273450091329106,0.7277013752455798,0.43132530120481927,-0.1296296296296296,1.2,1.3249739743780404,0.0,0.0,1.0,0.0,0.0,0.0,5.49
STU-14705,0.2559534007195467,0.0,-0.01886051080550086,0.16867469879518074,0.0864197530864201,-0.8,-0.2585735834625763,1.0,0.0,0.0,0.0,0.0,1.0,4.96
STU-11190,0.39986294329278693,0.5273450091329106,0.9005893909626719,-0.6819277108433734,0.39506172839506204,1.4,-0.49507743950370686,0.0,0.0,0.0,0.0,0.0,1.0,4.4
STU-11046,0.43412712009593923,-0.08165896636939962,0.09115913555992144,-0.7783132530120482,0.15432098765432098,1.0,0.5948968535554185,1.0,0.0,0.0,0.0,1.0,0.0,4.62
STU-12089,0.7287990406030488,-0.5539916192113463,0.16974459724950888,0.1662650602409637,-1.0370370370370368,-1.0,0.6257451826042619,0.0,0.0,0.0,0.0,1.0,0.0,4.54
STU-12690,-0.14562275141339825,0.0,0.3536345776031435,-0.5710843373493976,0.30864197530864196,0.0,-0.3511185706091057,0.0,1.0,0.0,0.0,0.0,0.0,4.16
STU-11136,-0.5321226657529563,0.07693134200064435,0.9068762278978393,-0.0240963855421688,0.9567901234567905,-0.2,0.0807580360746988,1.0,0.0,0.0,0.0,1.0,0.0,5.03
STU-13278,0.48894980298098273,-0.7310626410228863,-0.6145383104125738,-0.47951807228915666,-0.46913580246913567,-1.0,-0.5567740976013937,0.0,0.0,0.0,0.0,1.0,0.0,3.28
STU-12607,-0.6623265376049344,0.5273450091329106,0.1948919449901769,-1.2072289156626503,-0.5185185185185184,0.6,-0.32027024156026224,0.0,0.0,0.0,0.0,1.0,0.0,4.43
STU-14626,0.3738221689223905,-1.905662404641668,-0.43693516699410606,2.56144578313253,0.33950617283950657,1.2,0.42008965561197387,1.0,1.0,0.0,0.0,0.0,0.0,4.09
STU-12480,0.43892410484838007,0.41345224024927435,-0.2593320235756386,-1.1325301204819276,-0.19135802469135776,0.8,1.1810151054834392,0.0,1.0,0.0,0.0,0.0,0.0,4.71
STU-13084,-0.5163611444235059,-0.009885032771032727,-0.15245579567779974,2.308433734939759,0.6296296296296293,-0.2,-0.7624296245936818,0.0,0.0,0.0,1.0,0.0,0.0,3.38
STU-11665,-1.2071269487750562,-0.17234339744278523,0.05815324165029486,-0.9542168674698794,-1.111111111111111,-0.6,-0.23800803076334703,0.0,0.0,1.0,0.0,0.0,0.0,3.7
STU-13390,0.9988007538118888,-0.002148920167615651,-0.056581532416502864,1.0530120481927707,1.5679012345679018,-1.0,0.5948968535554185,1.0,0.0,0.0,0.0,0.0,1.0,5.11
STU-14217,-0.29227342813089013,-1.410551198022994,0.0,0.09156626506024093,0.4814814814814816,0.0,-1.1326095731797994,0.0,0.0,0.0,0.0,1.0,0.0,2.06
STU-12956,0.9988007538118888,0.5273450091329106,1.152062868369352,0.5421686746987951,0.0,0.6,1.3249739743780404,1.0,0.0,0.0,1.0,0.0,0.0,5.37
STU-11841,-0.7966421106732919,-0.01805092940797257,-0.42121807465618866,0.7469879518072288,-0.11728395061728364,-0.2,0.0,0.0,0.0,0.0,0.0,0.0,1.0,3.14
STU-11659,0.10382045571355054,-1.5588266895884821,0.0,0.0,-0.35185185185185147,-1.0,-0.032352503771059866,1.0,0.0,0.0,0.0,0.0,1.0,3.2
STU-12468,-0.9494603392153516,-0.9614268829912972,-0.9147347740667977,-0.4626506024096386,-0.15432098765432098,-1.0,-1.3896789819201594,0.0,0.0,0.0,0.0,0.0,1.0,1.8
STU-10792,0.6095597053280782,0.5273450091329106,1.2023575638506878,0.3012048192771084,-0.4197530864197529,0.4,0.9753595784911512,1.0,0.0,0.0,1.0,0.0,0.0,5.09
STU-13183,0.3327051567586081,-0.14268829912968767,-0.16817288801571717,0.11084337349397588,-0.6111111111111106,0.2,0.6154624062546469,0.0,0.0,0.0,0.0,0.0,1.0,5.07
STU-14785,-0.5280109645365778,0.1856667024820025,0.4275049115913558,-0.8698795180722891,-0.05555555555555546,0.4,-1.0606301387324992,1.0,0.0,1.0,0.0,0.0,0.0,3.99
STU-14781,-1.0995374336131585,0.06489738906199596,0.06601178781925343,0.2819277108433735,0.8024691358024695,-0.6,-0.33055301790987734,0.0,0.0,0.0,1.0,0.0,0.0,2.89
STU-10570,-0.041459653931815534,-0.3880949822714087,0.46994106090373294,-0.07228915662650598,-1.111111111111111,-0.2,-0.1146147145679751,0.0,0.0,0.0,0.0,0.0,1.0,4.68
STU-10039,-1.1310604762720582,-0.5032771032556145,0.4982318271119844,0.6891566265060239,-1.6419753086419748,-0.2,-0.15574581996643272,0.0,0.0,0.0,0.0,0.0,1.0,4.05
STU-12437,0.0,0.24755560330933668,-0.20589390962671916,-0.0626506024096385,0.833333333333333,1.6,0.34811022116467283,0.0,0.0,0.0,0.0,0.0,1.0,5.22
STU-12624,-0.15864313859859597,0.5273450091329106,0.1477406679764243,-0.6506024096385542,0.4876543209876543,1.2,-0.07348360916951749,1.0,0.0,0.0,0.0,0.0,1.0,4.47
STU-14143,-0.4725029981154709,-0.035242290748899,-0.35206286836935174,0.0,-0.9567901234567899,2.0,-0.39224967600756333,0.0,0.0,1.0,0.0,0.0,0.0,3.28
STU-10299,-0.22100394038033294,0.02105941764263436,-0.8707269155206289,1.1975903614457832,0.030864197530864633,-1.0,0.3995241029127446,1.0,0.0,0.0,1.0,0.0,0.0,4.24
STU-11441,0.05036833990063287,0.0365316428494679,-0.04243614931237715,-0.2771084337349398,-0.2592592592592592,0.6,-0.33055301790987734,1.0,1.0,0.0,0.0,0.0,0.0,4.48
STU-14536,0.0,-0.09111421510690898,-0.5139489194499018,0.20481927710843364,1.493827160493827,0.8,0.6668762880027196,1.0,0.0,0.0,1.0,0.0,0.0,4.45
STU-11833,-0.42727428473531015,0.4173202965509829,0.0,0.0,-0.32716049382716006,0.2,-0.08376638551913165,1.0,0.0,0.0,1.0,0.0,0.0,4.42
STU-13850,-0.19770430015418913,0.5273450091329106,1.2432220039292736,-0.9638554216867469,-0.1358024691358023,-0.6,0.7902696041980924,1.0,0.0,0.0,0.0,0.0,1.0,5.35
STU-13069,0.8014390954257319,0.5273450091329106,0.40707269155206294,-0.9542168674698794,0.4629629629629629,-1.0,0.48178631370965985,0.0,0.0,0.0,0.0,0.0,1.0,5.01
STU-12802,-0.388213123179716,-0.4224777049532609,-0.1728880157170923,1.269879518072289,0.4938271604938276,0.4,0.28641356306698684,0.0,0.0,0.0,0.0,1.0,0.0,4.47
STU-11577,-0.4656501627548409,0.0,-1.7304518664047155,0.4216867469879518,-0.05555555555555546,0.6,-0.09404916186874583,1.0,0.0,1.0,0.0,0.0,0.0,2.68
STU-11457,0.9892067843070061,-0.05888041259267238,-0.26561886051080547,-1.1903614457831326,-0.5493827160493825,0.0,0.10132358877392715,0.0,0.0,0.0,0.0,0.0,1.0,4.2
STU-10142,-0.5376049340414605,0.31073385623724037,0.3190569744597249,0.24819277108433718,-0.006172839506172707,0.2,-0.43338078140602093,0.0,0.0,0.0,0.0,0.0,1.0,4.33
STU-13353,0.0,-1.1402170409369292,-0.4353634577603143,-0.09879518072289159,0.506172839506173,-1.0,0.5332001954577326,0.0,0.0,0.0,0.0,1.0,0.0,3.33
STU-11708,0.639712180914853,-0.9575588266895886,-0.19017681728880145,0.6361445783132531,-1.0185185185185182,1.6,-0.15574581996643272,0.0,0.0,0.0,0.0,1.0,0.0,2.86
STU-11243,-0.5725543943806762,-0.30342752766734726,-0.02200392927308457,0.0,-0.3888888888888888,-0.6,0.5948968535554185,1.0,0.0,0.0,1.0,0.0,0.0,3.69
STU-11984,0.5122494432071265,0.5273450091329106,0.6789783889980352,-0.20963855421686747,0.09259259259259281,1.0,-0.3511185706091057,0.0,1.0,0.0,0.0,0.0,0.0,4.48
STU-11667,-0.6123008394723327,-0.2772107016224349,0.6412573673870335,0.2987951807228916,-0.7530864197530862,0.0,-1.2560028893751722,0.0,0.0,0.0,0.0,1.0,0.0,3.12
STU-11622,-0.07366798012677862,-0.1800795100462017,-0.31277013752455807,0.34216867469879514,-1.0061728395061726,-0.2,-0.30998746521064807,0.0,0.0,1.0,0.0,0.0,0.0,2.8
STU-12938,0.7534692479013184,0.5273450091329106,1.719449901768173,-0.002409638554216816,-0.8888888888888885,0.2,0.23499968131891508,1.0,0.0,0.0,1.0,0.0,0.0,5.13
STU-13137,0.5979098852150073,0.03180401848071322,0.44007858546168976,-0.7036144578313254,-0.35185185185185147,0.4,0.9753595784911512,1.0,0.0,0.0,0.0,0.0,1.0,5.12
STU-11643,0.5328079492890178,-0.2342322982701194,-0.8110019646365424,0.09156626506024093,0.1234567901234569,0.6,-1.235437336675944,0.0,0.0,0.0,1.0,0.0,0.0,3.16
STU-10227,0.3251670378619147,0.24712581927581392,0.3206286836935169,1.0698795180722889,-0.8271604938271604,0.0,-0.5773396503006221,0.0,0.0,0.0,0.0,0.0,1.0,4.3
STU-10631,0.9988007538118888,0.2901042226281294,1.568565815324165,0.46987951807228917,1.7037037037037035,-0.8,0.7697040514988631,0.0,0.0,0.0,0.0,0.0,1.0,5.17
STU-14168,-0.6061332876477651,-1.1660040829483187,-0.06758349705304516,1.1975903614457832,0.20370370370370375,-0.4,-1.965514457498566,0.0,0.0,0.0,0.0,0.0,1.0,2.57
STU-10757,0.40397464450916437,-0.01418287310626403,-0.7544204322200394,-0.14457831325301215,1.1358024691358024,0.2,-0.09404916186874583,0.0,0.0,0.0,0.0,0.0,1.0,3.11
STU-13177,-0.13602878190851558,-0.3103040722037176,0.0,-0.10602409638554225,-0.8148148148148144,-0.4,-0.5773396503006221,0.0,0.0,0.0,0.0,0.0,1.0,3.73
STU-12562,0.9446633544629077,-1.0482432577629741,-0.6946954813359529,-0.06746987951807235,1.407407407407408,-1.0,-0.23800803076334703,0.0,0.0,0.0,0.0,0.0,1.0,4.37
STU-10431,0.9988007538118888,-0.07349306973245978,0.9854616895874267,0.24578313253012035,0.2222222222222224,0.2,0.7491384987996348,0.0,0.0,0.0,0.0,0.0,1.0,4.75
STU-12784,0.049683056364570446,-0.03266358654775997,-0.8722986247544205,-0.616867469879518,0.0,-0.4,-0.39224967600756333,0.0,0.0,0.0,0.0,0.0,1.0,3.42
STU-11570,-0.06544457769402175,0.5273450091329106,0.3599214145383106,0.20722891566265045,1.1728395061728396,0.6,-0.032352503771059866,1.0,0.0,1.0,0.0,0.0,0.0,4.75
STU-11452,0.010621894808976318,0.3416783066509081,0.037721021611002006,-0.5759036144578313,0.16666666666666693,2.0,1.3249739743780404,0.0,0.0,0.0,0.0,1.0,0.0,4.4
STU-11970,-0.2525269830392336,-0.3395293864832924,-0.581532416502947,-0.4457831325301205,0.7530864197530868,0.2,0.29669633941660106,0.0,1.0,0.0,0.0,0.0,0.0,4.65
STU-14680,-0.5040260407743716,-0.02320833781025062,-0.19017681728880145,-0.7807228915662651,0.8456790123456795,-1.0,-1.2765684420744015,0.0,1.0,0.0,0.0,0.0,0.0,3.24
STU-10534,-0.05585060818913907,0.4792091973783171,0.06286836935167,-1.0265060240963855,-0.679012345679012,0.2,0.9753595784911512,1.0,0.0,0.0,0.0,1.0,0.0,4.69
STU-13246,-0.15590200445434335,-0.9734608359299455,-1.1300589390962672,-0.10843373493975907,0.43209876543209885,-0.8,0.4509379846608173,1.0,0.0,0.0,0.0,0.0,1.0,3.66
STU-14867,-0.6335446290902864,0.0,-0.7292730844793713,0.20481927710843364,0.19753086419753102,-0.6,-0.43338078140602093,0.0,1.0,0.0,0.0,0.0,0.0,2.73
STU-10827,0.18948089772143129,-1.4922101643923933,-0.6915520628683693,0.36867469879518056,-0.8950617283950613,-1.0,0.3686757738639021,1.0,0.0,0.0,0.0,0.0,1.0,4.07
STU-13858,-0.0037690594483472204,0.5273450091329106,0.15402750491159145,0.0,-0.7283950617283949,0.0,-0.32027024156026224,0.0,1.0,0.0,0.0,0.0,0.0,4.2
STU-13380,0.6335446290902854,0.0,1.8027504911591359,-0.04337349397590376,0.703703703703704,0.2,0.04990970702585536,0.0,0.0,1.0,0.0,0.0,0.0,5.43
STU-11960,-0.22785677574096397,-0.6885140217040941,-0.7858546168958744,2.053012048192771,0.2839506172839511,-0.2,-0.7315812955448384,0.0,1.0,0.0,0.0,0.0,0.0,3.45
STU-11783,0.06270344354976817,0.04942516385516242,-0.2326129666011789,0.453012048192771,0.19135802469135832,0.2,0.4612207610104315,0.0,0.0,0.0,0.0,0.0,1.0,5.13
STU-10480,-0.2538975501113594,0.02836574621252806,-0.9933202357563852,-0.47951807228915666,-0.7654320987654316,-0.2,0.07047525972508462,0.0,0.0,1.0,0.0,0.0,0.0,3.45
STU-12253,0.6349151961624112,0.10787579241431143,0.4982318271119844,0.0,0.2222222222222224,1.4,0.6360279589538761,0.0,1.0,0.0,0.0,0.0,0.0,5.82
STU-14676,-0.18742504711324404,0.5273450091329106,0.5532416502946955,0.0,0.29012345679012386,0.0,-0.4539463341052502,0.0,0.0,0.0,0.0,0.0,1.0,4.62
STU-13732,0.9988007538118888,0.5273450091329106,1.9866404715127703,0.0,-1.3271604938271602,1.8,-0.011786951071830606,0.0,0.0,0.0,0.0,0.0,1.0,6.08
STU-13786,0.39095425732396666,0.0,0.11944990176817287,0.36144578313253006,-0.9691358024691353,0.2,1.3249739743780404,1.0,0.0,0.0,0.0,1.0,0.0,5.02
STU-13159,-1.5888298783621728,-1.9636832491672938,-1.0844793713163066,0.050602409638554204,-1.129629629629629,1.8,-0.8755401644394396,0.0,0.0,0.0,0.0,1.0,0.0,2.4
STU-12147,-0.727428473530924,-0.5948211023960461,-0.31277013752455807,0.3493975903614458,-0.24074074074074053,1.6,1.0164906838896088,0.0,0.0,0.0,0.0,1.0,0.0,4.39
STU-14408,-1.3695391468219984,0.05243365208982482,-0.2530451866404715,-0.053012048192771236,-0.6234567901234567,0.4,-0.3511185706091057,0.0,0.0,0.0,0.0,0.0,1.0,3.22
STU-13714,0.5842042144937462,0.0068765445363703276,0.10687622789783888,1.0072289156626504,0.5925925925925931,0.4,1.3249739743780404,1.0,0.0,0.0,0.0,0.0,1.0,5.48
STU-10671,-0.8459825252698312,-0.5741914687869346,-0.744990176817289,0.7518072289156624,1.2901234567901232,1.2,-0.39224967600756333,0.0,0.0,0.0,0.0,0.0,1.0,4.03
STU-14252,-0.931642967277712,-0.6335016654131304,-0.7937131630648331,0.0,-0.05555555555555546,0.8,-1.9757972338481802,0.0,0.0,1.0,0.0,0.0,0.0,2.47
STU-13422,0.0,0.5273450091329106,0.8094302554027507,-0.25542168674698806,-0.24691358024691323,0.0,-0.27913913616180464,0.0,0.0,0.0,0.0,1.0,0.0,4.31
STU-14059,-0.8918965221860554,0.16632642097346043,-0.7465618860510806,-0.8626506024096385,-0.48765432098765377,-0.4,-0.2585735834625763,1.0,0.0,0.0,1.0,0.0,0.0,3.32
STU-11303,0.07161212951858745,-0.1143225529171596,0.42436149312377236,-0.12771084337349403,0.23456790123456836,0.2,0.4303724319615881,0.0,0.0,0.0,1.0,0.0,0.0,5.18
STU-13772,0.52664039746445,-0.17148382937573908,0.0,1.7734939759036141,1.1913580246913578,0.2,0.4303724319615881,1.0,1.0,0.0,0.0,0.0,0.0,5.1
STU-14298,-1.0234709611101604,0.4456860427635109,-0.3174852652259332,0.5036144578313252,0.9567901234567905,-1.0,0.48178631370965985,0.0,0.0,0.0,0.0,1.0,0.0,4.08
STU-14978,0.0,-0.26904480498549505,0.23575638506876231,2.0192771084337346,-0.8395061728395058,0.0,0.48178631370965985,0.0,0.0,0.0,0.0,1.0,0.0,4.49
STU-14188,0.6335446290902854,0.5273450091329106,1.2762278978389,0.0,-1.1790123456790118,-0.8,-0.16602859631604688,0.0,0.0,0.0,0.0,0.0,1.0,4.84
STU-11599,0.6499914339557982,-0.002148920167615651,-0.35992141453831034,-0.5662650602409638,-0.14814814814814772,0.0,0.37895855021351627,0.0,1.0,0.0,0.0,0.0,0.0,5.04
STU-13124,0.9988007538118888,0.5273450091329106,-0.06915520628683687,-0.744578313253012,-1.2592592592592586,0.0,1.3249739743780404,1.0,0.0,0.0,0.0,1.0,0.0,5.13
STU-12595,-0.33818742504711435,0.5273450091329106,0.8220039292730844,0.14216867469879513,0.03703703703703734,1.0,-0.5979052029998514,0.0,0.0,0.0,1.0,0.0,0.0,4.92
STU-13440,0.03597738564330933,-1.622434726549909,-0.19017681728880145,-0.8313253012048193,0.8456790123456795,-0.2,0.2761307867173727,0.0,0.0,1.0,0.0,0.0,0.0,4.18
STU-10365,-0.6972759979441501,-1.219727087138713,-0.5846758349705307,1.3012048192771084,-1.5864197530864192,0.2,-1.2868512184240157,1.0,1.0,0.0,0.0,0.0,0.0,2.73
STU-11223,-1.0974815830049693,-0.2677554528849255,-0.9225933202357566,-0.8433734939759036,1.1728395061728396,-1.0,0.6154624062546469,0.0,0.0,0.0,0.0,0.0,1.0,3.88
STU-13949,0.0,0.5273450091329106,0.6129666011787821,0.19277108433734935,0.2283950617283951,1.4,-1.4205273109690026,0.0,0.0,0.0,0.0,1.0,0.0,4.0
STU-11848,0.8727085831762881,-0.48866444611582704,-0.02200392927308457,-0.3132530120481927,-0.296296296296296,-0.6,0.9239456967430795,1.0,0.0,0.0,1.0,0.0,0.0,5.33
STU-10277,-0.454000342641769,-0.2647469646502637,0.2090373280943026,0.21927710843373496,0.8086419753086422,-0.6,0.15273747052199985,1.0,0.0,0.0,1.0,0.0,0.0,4.73
STU-13838,-1.2297413054651367,0.0,-0.19803536345776032,-0.5132530120481928,1.1728395061728396,-1.0,0.039626930676241186,0.0,0.0,0.0,0.0,1.0,0.0,5.0
STU-10103,-0.01678944663354494,0.05071451595573193,-0.98860510805501,1.6216867469879517,0.5740740740740744,0.8,-0.9269540461875123,0.0,0.0,0.0,0.0,0.0,1.0,2.9
STU-13831,-2.0993661127291423,-0.647254754485871,-0.8000000000000002,0.8337349397590359,-0.48148148148148107,1.4,-1.4719411927170745,0.0,0.0,0.0,0.0,1.0,0.0,1.94
STU-14952,-0.1387699160527672,0.5273450091329106,0.7229862475442044,0.10361445783132522,0.43209876543209885,0.0,-0.07348360916951749,0.0,0.0,1.0,0.0,0.0,0.0,4.5
STU-10733,-0.26828850436868296,0.09627162350918642,-0.031434184675834864,1.214457831325301,-0.45679012345678965,-1.0,-0.02206972742144478,0.0,1.0,0.0,0.0,0.0,0.0,3.55
STU-14796,-0.8041802295699855,-0.6485441065864405,-0.4180746561886052,1.8554216867469877,-0.9999999999999994,1.4,0.4509379846608173,0.0,0.0,0.0,0.0,0.0,1.0,3.03
STU-13845,-0.12232311118725446,-0.8582787149457398,-1.2227897838899804,0.21686746987951794,-0.9074074074074072,1.4,-0.9578023752363548,0.0,0.0,1.0,0.0,0.0,0.0,2.7
STU-13727,0.2573239677916735,0.5273450091329106,0.3049115913555992,0.13493975903614447,0.0,-0.8,1.16044955278421,1.0,0.0,0.0,1.0,0.0,0.0,5.02
STU-11785,0.22991262634915124,0.4611582679703445,0.5579567779960709,0.1879518072289155,-1.2345679012345678,0.6,-0.19687692536489032,0.0,0.0,0.0,0.0,1.0,0.0,4.77
STU-13287,0.9988007538118888,0.30987428817019425,0.15717092337917488,-0.06746987951807235,0.16666666666666693,0.8,0.2761307867173727,1.0,0.0,0.0,0.0,1.0,0.0,4.94
STU-10106,0.28953229398663655,0.5273450091329106,1.0671905697445976,0.0,0.0061728395061732555,0.0,1.3249739743780404,0.0,0.0,0.0,1.0,0.0,0.0,5.86
STU-11209,-0.9878362172348812,0.0,-1.0923379174852654,-0.5180722891566265,-1.1543209876543203,-0.4,0.2761307867173727,0.0,0.0,0.0,1.0,0.0,0.0,2.8
STU-14090,0.10998800753811819,-0.24067905877296697,-0.8990176817288803,-0.7349397590361446,0.0,-0.4,0.20415135227007164,0.0,1.0,0.0,0.0,0.0,0.0,4.24
STU-13100,0.7342813088915531,0.27592134952186537,0.619253438113949,-0.5662650602409638,-1.3456790123456788,0.4,-1.7598589305062777,1.0,0.0,0.0,0.0,1.0,0.0,3.34
STU-13087,0.0,0.2772107016224349,1.001178781925344,0.2506024096385542,1.0432098765432105,-0.8,0.28641356306698684,0.0,0.0,0.0,1.0,0.0,0.0,5.12
STU-13134,0.41219804694192125,0.5273450091329106,0.6994106090373283,0.6771084337349398,0.3148148148148152,2.4,0.5434829718073467,0.0,0.0,1.0,0.0,0.0,0.0,5.74
STU-13768,-0.6917937296556459,0.5273450091329106,0.6946954813359529,-0.5903614457831325,1.1111111111111114,1.0,0.33782744481505866,0.0,0.0,0.0,0.0,0.0,1.0,4.42
STU-12786,0.9686482782251149,0.5273450091329106,0.9335952848722987,0.4240963855421686,-1.0370370370370368,-0.6,1.3249739743780404,0.0,0.0,0.0,0.0,0.0,1.0,5.73
STU-10687,-0.4457769402090121,0.15859030837004395,0.17445972495088402,0.1493975903614458,0.4567901234567902,0.8,-0.02206972742144478,1.0,1.0,0.0,0.0,0.0,0.0,4.47
STU-11768,0.36217234880931864,0.5273450091329106,0.20117878192534375,0.30361445783132524,0.4567901234567902,-0.6,0.24528245766852924,0.0,0.0,0.0,0.0,0.0,1.0,5.54
STU-13911,-0.8329621380846335,-1.4268829912968735,-0.7779960707269157,0.0,0.5123456790123457,1.0,-1.184023454927872,0.0,0.0,0.0,1.0,0.0,0.0,2.36
STU-10143,-1.645708411855406,-0.2600193402815084,0.20275049115913574,-0.3012048192771084,-0.5617283950617279,1.2,0.12188914147315641,0.0,0.0,0.0,0.0,1.0,0.0,3.59
STU-12260,0.9988007538118888,0.5273450091329106,1.4145383104125742,-0.8337349397590361,0.9814814814814813,-1.0,-0.0015041747222164304,0.0,0.0,0.0,0.0,1.0,0.0,4.91
STU-13322,-0.20250128490663097,0.5273450091329106,0.5909626719056975,0.20963855421686747,0.0,0.0,-0.18659414901527524,1.0,0.0,0.0,1.0,0.0,0.0,4.42
STU-12420,-0.8788761350008577,-0.07263350166541303,-0.41021611001964636,0.11807228915662654,-1.1728395061728392,0.8,0.9342284730926936,0.0,1.0,0.0,0.0,0.0,0.0,4.36
STU-13483,0.9988007538118888,0.5273450091329106,0.4793713163064835,0.9012048192771084,-0.8024691358024689,0.4,1.2632773162803546,1.0,0.0,0.0,1.0,0.0,0.0,6.55
STU-12902,-0.2634915196162421,-0.1770710218115399,0.39764243614931233,-0.8385542168674699,-0.22222222222222185,-1.0,-0.042635280120674045,0.0,0.0,0.0,0.0,0.0,1.0,4.37
STU-12824,-0.5574781565872883,-0.5054260234232301,0.0,0.2626506024096385,-0.9999999999999994,1.0,-0.22772525441373284,0.0,0.0,1.0,0.0,0.0,0.0,3.49
STU-14097,-0.6739763577180063,0.09885032771032545,0.03929273084479372,-0.5469879518072289,-1.2469135802469133,-0.2,-0.2585735834625763,0.0,0.0,1.0,0.0,0.0,0.0,4.15
STU-13364,0.501284906630117,-0.6231868486085742,-0.2530451866404715,-0.9831325301204819,-0.2716049382716046,-0.2,0.38924132656313043,0.0,0.0,0.0,0.0,0.0,1.0,4.38
STU-11390,0.0,-0.6829268292682927,-0.8770137524557958,0.07228915662650598,0.8209876543209876,0.6,0.4612207610104315,0.0,0.0,0.0,1.0,0.0,0.0,3.39
STU-12908,-0.9426075038547205,-0.01805092940797257,-0.12573673870333973,-0.3638554216867469,-0.31481481481481466,1.0,-0.9989334806348125,1.0,0.0,0.0,0.0,0.0,1.0,3.12
STU-10777,0.381360287819084,0.004297840335231302,0.03929273084479372,-0.5373493975903615,-0.006172839506172707,0.4,0.2144341286196858,0.0,0.0,0.0,1.0,0.0,0.0,4.5
STU-11025,-0.12643481240363288,0.15859030837004395,-0.3489194499017683,0.725301204819277,-0.7037037037037035,-1.0,-1.1326095731797994,0.0,0.0,0.0,1.0,0.0,0.0,4.1
STU-12291,-0.8041802295699855,-0.9562694745890191,-0.8864440078585463,-0.07710843373493982,0.4382716049382721,0.2,-1.1223267968301853,0.0,0.0,0.0,0.0,1.0,0.0,2.17
STU-12739,-0.5848894980298105,0.013753089072740655,0.05500982318271115,0.6650602409638553,-0.32716049382716006,0.0,-1.369113429220931,0.0,0.0,0.0,1.0,0.0,0.0,3.57
STU-13575,-0.1833133458968656,0.0,0.1964636542239686,0.5132530120481927,1.1913580246913578,0.4,-1.3176995474728592,0.0,0.0,0.0,0.0,1.0,0.0,3.84
STU-14958,0.0,-0.3515633394219408,-1.7304518664047155,2.5036144578313246,-0.47530864197530837,-0.8,-1.0092162569844265,0.0,0.0,1.0,0.0,0.0,0.0,2.01
STU-14915,-0.4868939523727955,0.15128397980015026,-0.10058939096267201,0.378313253012048,0.4629629629629629,0.2,-0.2071597017145045,1.0,0.0,0.0,1.0,0.0,0.0,4.06
STU-11491,-1.364056878533494,-1.3637047383689698,-0.3724950884086443,0.06506024096385532,0.9197530864197532,0.2,-0.5876224266502372,0.0,0.0,0.0,1.0,0.0,0.0,2.36
STU-10575,0.7945862600651008,-0.6296336091114219,0.669548133595285,1.1132530120481925,-0.8024691358024689,-0.2,-0.042635280120674045,0.0,0.0,1.0,0.0,0.0,0.0,4.64
STU-10117,0.840500256981325,0.03524229074889839,0.22946954813359546,-0.8987951807228916,-0.1790123456790118,0.8,-0.1146147145679751,0.0,0.0,0.0,1.0,0.0,0.0,4.67
STU-10342,-0.3751927359945183,0.16030944450413626,-0.4165029469548135,-0.0240963855421688,-0.7098765432098761,0.4,-0.37168412330833495,0.0,0.0,0.0,0.0,1.0,0.0,3.65
STU-12909,-1.039917765975673,-0.7332115611905019,-0.2719056974459726,-0.23614457831325308,0.5617283950617284,0.4,-0.0632008328199024,1.0,0.0,0.0,1.0,0.0,0.0,3.18
STU-11322,-1.2112386499914347,0.0,-0.5343811394891946,1.1710843373493973,-1.0802469135802468,1.0,0.6874418407019479,0.0,0.0,0.0,0.0,0.0,1.0,3.06
STU-11040,0.6349151961624112,0.5273450091329106,1.1504911591355598,-0.6963855421686747,-0.4629629629629629,0.8,1.3249739743780404,1.0,0.0,0.0,1.0,0.0,0.0,6.02
STU-13297,0.6534178516361132,-0.20414741592349844,0.0,1.3783132530120483,0.30246913580246926,0.2,0.8416834859461642,1.0,0.0,0.0,0.0,1.0,0.0,5.35
STU-12187,0.09491176974473126,0.4229074889867837,-0.1335952848722986,0.0,0.1234567901234569,0.2,-1.379396205570545,0.0,0.0,0.0,0.0,1.0,0.0,4.12
STU-13466,-0.18536919650505482,-0.700547974642742,0.0,1.2963855421686743,-0.8518518518518517,1.4,-1.1223267968301853,1.0,1.0,0.0,0.0,0.0,0.0,3.46
STU-11719,0.4492033578893262,-0.10357795207908073,-0.5422396856581532,-0.20963855421686747,-1.3518518518518514,-1.0,0.6874418407019479,0.0,0.0,0.0,0.0,0.0,1.0,4.81
STU-11863,-0.02843926674661684,0.13495218652627058,-0.17603143418467573,-0.10361445783132543,-0.030864197530864085,0.0,0.2247169049693,0.0,0.0,0.0,0.0,1.0,0.0,4.9
STU-12227,-1.6738050368339907,-1.311700870312668,-1.6487229862475445,-0.19036144578313252,0.9567901234567905,-0.2,-1.6981622724085919,0.0,0.0,0.0,0.0,1.0,0.0,1.45
STU-12566,-0.9768716806578728,-0.2952616310304074,-0.14931237721021604,-0.7759036144578313,-0.06790123456790088,1.2,-0.09404916186874583,0.0,1.0,0.0,0.0,0.0,0.0,2.98
STU-11834,0.5910570498543762,-0.6928118620393254,-0.45893909626719065,0.5180722891566263,0.0,0.0,-0.011786951071830606,0.0,0.0,0.0,0.0,0.0,1.0,3.18
STU-13181,-0.08737365084803876,-0.5037068872891372,-1.3233791748526524,0.41686746987951795,0.18518518518518562,1.4,-1.5336378508147614,1.0,0.0,0.0,1.0,0.0,0.0,3.11
STU-13469,-0.7952715436011661,-0.9003975502310091,-0.023575638506876287,-0.763855421686747,-1.981481481481481,0.6,-0.3408357942594915,1.0,0.0,0.0,0.0,0.0,1.0,3.35
STU-14339,-0.9624807264005493,-1.0130009670140758,-0.22946954813359519,-0.4987951807228916,0.39506172839506204,0.2,-0.9680851515859699,0.0,0.0,0.0,0.0,0.0,1.0,3.31
STU-11142,0.6314887784820962,0.21016439239282264,0.7088408644400787,0.5156626506024096,-0.5617283950617279,0.0,1.3249739743780404,0.0,0.0,0.0,0.0,0.0,1.0,4.64
STU-11527,-0.11067329107418256,0.5273450091329106,-0.21060903732809433,-0.5734939759036145,-0.030864197530864085,1.4,1.3249739743780404,1.0,1.0,0.0,0.0,0.0,0.0,4.92
STU-13613,-0.06270344354976914,-0.31417212850542614,0.4117878192534383,0.6867469879518071,-0.8209876543209871,1.4,-0.7315812955448384,0.0,0.0,0.0,0.0,0.0,1.0,3.87
STU-10023,0.18879561418536886,0.5273450091329106,0.793713163064833,0.0,0.0,-0.2,0.8108351568973208,0.0,0.0,0.0,0.0,1.0,0.0,4.74
STU-13312,-1.1941065615898585,-1.2201568711722361,-1.2416502946954815,-0.12771084337349403,-0.4135802469135802,0.2,-0.4539463341052502,0.0,0.0,0.0,0.0,1.0,0.0,2.99
STU-12395,0.44577694020901115,0.2544321478457076,0.8047151277013752,-0.18313253012048186,0.0864197530864201,0.0,0.3275446684654445,0.0,0.0,0.0,0.0,0.0,1.0,5.09
STU-14866,-0.2977556964193944,0.5273450091329106,0.0,-1.2626506024096384,1.0925925925925923,-0.2,-0.2071597017145045,0.0,1.0,0.0,0.0,0.0,0.0,3.94
STU-10697,0.6431385985951681,0.5273450091329106,0.636542239685658,0.8939759036144576,-0.03703703703703679,1.2,0.4509379846608173,0.0,0.0,0.0,1.0,0.0,0.0,4.38
STU-11232,-0.3073496659242771,-0.7362200494251643,-0.17917485265225946,-0.7108433734939759,-0.06790123456790088,0.4,-0.1146147145679751,1.0,0.0,0.0,0.0,0.0,1.0,3.68
STU-12592,0.9988007538118888,0.5273450091329106,1.0514734774066798,-0.32771084337349404,-1.4259259259259256,0.2,1.3249739743780404,0.0,0.0,0.0,0.0,0.0,1.0,5.0
STU-13056,-0.06407401062189594,-1.030622112388525,-0.7229862475442044,0.7879518072289154,2.4567901234567904,0.0,0.33782744481505866,1.0,0.0,1.0,0.0,0.0,0.0,3.73
STU-12045,0.1908514647935571,-0.18867519071666491,-1.2998035363457763,-0.04819277108433739,0.6049382716049385,1.4,0.6154624062546469,0.0,0.0,0.0,0.0,1.0,0.0,3.74
STU-10837,-0.2182628062360813,0.5273450091329106,0.6459724950884089,-0.9084337349397591,-0.23456790123456783,0.2,0.8416834859461642,1.0,0.0,0.0,0.0,0.0,1.0,5.31
STU-14906,0.1696076751756035,0.5273450091329106,1.6062868369351673,1.2048192771084336,-0.0432098765432095,0.2,0.4612207610104315,0.0,1.0,0.0,0.0,0.0,0.0,5.14
STU-14424,0.6924790131917073,0.5273450091329106,0.7607072691552067,0.23373493975903606,0.6913580246913585,1.2,0.6565935116531045,0.0,0.0,0.0,0.0,1.0,0.0,6.0
STU-13601,0.4971732054137396,0.3700440528634361,1.0106090373280947,-0.20963855421686747,0.1234567901234569,-1.0,1.0267734602392231,1.0,0.0,1.0,0.0,0.0,0.0,4.79
STU-10459,-0.8987493575466855,-1.0766090039755025,-0.719842829076621,0.0,-0.4999999999999997,0.8,-1.492506745416304,0.0,0.0,0.0,0.0,0.0,1.0,2.94
STU-13540,-0.8014390954257329,-0.5097238637584613,-0.5343811394891946,1.5469879518072287,0.7654320987654322,0.0,-0.7110157428456101,0.0,0.0,0.0,0.0,0.0,1.0,3.45
STU-10462,0.0,0.5273450091329106,0.24047151277013745,0.1132530120481927,0.13580246913580285,-0.2,1.3249739743780404,0.0,0.0,0.0,0.0,0.0,1.0,5.58
STU-11652,-0.7013876991605286,0.5273450091329106,1.0027504911591358,0.35180722891566263,0.20370370370370375,1.4,-0.15574581996643272,0.0,1.0,0.0,0.0,0.0,0.0,3.99
STU-11791,0.9988007538118888,0.5273450091329106,2.3732809430255406,-0.9108433734939759,0.8765432098765431,-0.8,1.3249739743780404,1.0,1.0,0.0,0.0,0.0,0.0,7.0
STU-11892,-0.42727428473531015,0.0481358117545929,-0.6129666011787821,-0.5301204819277109,0.2469135802469138,0.2,0.3069791157662152,0.0,0.0,0.0,0.0,1.0,0.0,4.07
STU-13301,-0.33750214151105096,-0.5432470183732675,-1.3988212180746564,-0.8313253012048193,-1.8148148148148144,-0.2,-0.2071597017145045,0.0,0.0,0.0,0.0,0.0,1.0,3.56
STU-10284,-0.07229741305465183,-0.04555710755345449,-0.13516699410609032,-0.04096385542168673,-0.7037037037037035,-0.2,0.954794025791922,0.0,0.0,0.0,0.0,0.0,1.0,4.66
STU-11707,0.9988007538118888,-0.05458257225744108,0.16345776031434203,0.17349397590361437,0.2222222222222224,0.0,0.04990970702585536,0.0,0.0,0.0,0.0,1.0,0.0,4.64
STU-10154,0.6438238821312305,-0.39626087890834855,-0.5249508840864441,-0.8337349397590361,0.25925925925925974,-0.6,0.7902696041980924,0.0,0.0,0.0,0.0,0.0,1.0,4.38
STU-14019,0.9988007538118888,0.5273450091329106,1.2117878192534381,1.0409638554216867,0.9320987654320986,-0.6,0.28641356306698684,0.0,0.0,0.0,1.0,0.0,0.0,4.83
STU-13882,-0.6451944492033582,0.0,-0.6522593320235757,-1.086746987951807,-0.5370370370370365,-0.2,0.6257451826042619,1.0,0.0,1.0,0.0,0.0,0.0,3.87
STU-14493,-0.20044543429844175,-1.8790157945632324,-0.6821218074656189,0.0,0.0,0.8,0.15273747052199985,1.0,0.0,1.0,0.0,0.0,0.0,3.45
STU-13604,0.21689223916395353,0.5273450091329106,1.3941060903732811,-0.4746987951807229,-1.4135802469135796,-1.0,0.18358579957084237,0.0,1.0,0.0,0.0,0.0,0.0,5.45
STU-13351,-1.8766489635086523,-1.1621360266466105,-1.7304518664047155,-0.4746987951807229,0.5740740740740744,0.6,-0.6287535320486948,1.0,0.0,0.0,0.0,0.0,1.0,2.37
STU-11506,-0.1140997087544976,-1.2309014720103149,0.0,-0.36626506024096395,-0.12345679012345634,1.2,0.6257451826042619,1.0,1.0,0.0,0.0,0.0,0.0,3.23
STU-13738,0.8781908514647924,0.5273450091329106,1.1064833005893913,1.7036144578313253,0.049382716049382755,0.8,-0.46422911045486437,0.0,0.0,0.0,0.0,1.0,0.0,5.06
STU-12152,0.7452458454685615,0.5273450091329106,0.7921414538310415,0.7469879518072288,0.30864197530864196,0.4,0.0,0.0,0.0,0.0,1.0,0.0,0.0,5.4
STU-11126,-0.5814630803494955,0.24669603524229056,-0.4526522593320235,-0.3373493975903615,0.5802469135802472,0.4,0.5434829718073467,1.0,0.0,0.0,0.0,1.0,0.0,4.38
STU-13920,0.8178859002912446,0.5273450091329106,1.3862475442043223,0.5783132530120483,-0.16666666666666638,1.8,0.965076802141537,0.0,0.0,1.0,0.0,0.0,0.0,4.97
STU-10768,0.1922220318656839,0.5273450091329106,0.2813359528487232,0.8168674698795182,0.29629629629629656,0.0,1.3249739743780404,1.0,0.0,0.0,0.0,0.0,1.0,5.34
STU-10061,-0.5060818913825599,-0.7706027721070166,6.468367800681987,-0.02891566265060243,2.1049382716049383,0.4,0.20415135227007164,0.0,1.0,0.0,0.0,0.0,0.0,4.48
STU-10193,0.19633373308206234,0.5273450091329106,-0.19174852652259344,0.10602409638554204,-0.9938271604938267,-0.2,0.2761307867173727,0.0,1.0,0.0,0.0,0.0,0.0,3.82
STU-11173,0.6006510193592589,0.08681637477167707,1.2620825147347743,-0.5445783132530121,0.3209876543209879,0.2,0.34811022116467283,1.0,0.0,0.0,1.0,0.0,0.0,5.32
STU-13154,-0.08600308377591294,0.5273450091329106,-0.5060903732809432,-0.3493975903614458,-1.8456790123456785,0.8,0.2761307867173727,0.0,0.0,0.0,0.0,1.0,0.0,4.91
STU-10650,0.6136714065444566,0.5273450091329106,0.08487229862475458,-0.5614457831325301,-1.8086419753086418,0.2,0.18358579957084237,0.0,0.0,0.0,0.0,0.0,1.0,4.31
STU-12216,-0.2737707726571872,0.5273450091329106,0.5532416502946955,0.3493975903614458,-1.4259259259259256,-0.4,0.07047525972508462,0.0,1.0,0.0,0.0,0.0,0.0,4.36
STU-10674,-0.7226314887784832,-0.383367357902654,-0.6223968565815323,-0.3542168674698796,0.40123456790123474,0.0,-1.0811956914317276,0.0,0.0,1.0,0.0,0.0,0.0,3.38
STU-12235,-1.4387527839643655,0.2445471150746749,0.03929273084479372,1.9204819277108434,1.0679012345679015,-0.4,0.5537657481569609,1.0,0.0,0.0,0.0,0.0,1.0,4.76
STU-10610,0.11272914168236983,-0.03739121091651465,0.056581532416502864,2.0457831325301203,-0.19135802469135776,0.6,1.3249739743780404,1.0,0.0,0.0,0.0,1.0,0.0,5.05
STU-10835,0.4827822511564151,0.13280326635865433,-0.13831041257367374,-0.03132530120481925,0.19135802469135832,-0.6,-0.4025324523571775,0.0,1.0,0.0,0.0,0.0,0.0,3.97
STU-10986,0.11889669350693748,0.5273450091329106,0.33634577603143434,0.9108433734939757,-0.24691358024691323,-0.6,-0.8755401644394396,0.0,1.0,0.0,0.0,0.0,0.0,4.26
STU-10304,-0.9193078636285766,-0.5320726335016659,-0.7559921414538311,-1.086746987951807,-1.530864197530864,0.6,0.5743313008561892,0.0,0.0,0.0,0.0,0.0,1.0,3.4
STU-14921,-0.7514133972931312,-0.8273342645320727,-0.8927308447937132,0.10843373493975907,-1.1851851851851851,-0.8,0.0,0.0,0.0,0.0,0.0,1.0,0.0,3.09
STU-11306,-0.047627205756382206,-0.19512195121951248,-0.3944990176817289,1.050602409638554,0.049382716049382755,1.4,-0.4847946631540927,1.0,1.0,0.0,0.0,0.0,0.0,4.34
STU-14559,-0.3909542573239686,-0.9055549586332872,-0.014145383104125716,1.4457831325301203,-0.37037037037037013,0.6,-0.1146147145679751,0.0,0.0,1.0,0.0,0.0,0.0,3.12
STU-11401,0.9988007538118888,0.5273450091329106,1.2070726915520633,0.0,0.0,0.4,0.24528245766852924,0.0,0.0,0.0,1.0,0.0,0.0,5.28
STU-11050,0.21620695562789013,0.39153325453959387,-0.9100196463654225,0.15421686746987942,0.29629629629629656,0.2,0.09104081242431297,0.0,0.0,0.0,0.0,0.0,1.0,4.71
STU-14639,0.3176289189652212,0.09885032771032545,0.14459724950884087,-0.4602409638554217,-0.5679012345679012,0.0,-0.7521468482440667,0.0,0.0,0.0,0.0,0.0,1.0,4.39
STU-14331,-0.8384444063731378,-0.2136026646610078,-0.35520628683693517,-0.6626506024096385,-0.08024691358024684,-0.8,-0.505360215853322,0.0,0.0,0.0,0.0,0.0,1.0,3.67
STU-13152,-0.60270686996745,-0.6343612334801765,-1.02475442043222,0.0,-0.04938271604938221,0.0,-0.9680851515859699,0.0,0.0,0.0,0.0,0.0,1.0,2.93
STU-12695,-1.4853520644166531,-0.39583109487482576,-0.37721021611001976,0.22168674698795177,0.07407407407407414,1.0,-1.7598589305062777,0.0,0.0,0.0,1.0,0.0,0.0,2.74
STU-13179,-0.27034435497687215,-0.34984420328784793,-0.6994106090373282,-0.25542168674698806,-0.9814814814814813,0.2,0.6977246170515621,0.0,0.0,1.0,0.0,0.0,0.0,3.32
STU-13888,0.9988007538118888,0.5273450091329106,0.8110019646365427,-0.3301204819277108,0.549382716049383,0.4,-0.4436635577556351,0.0,0.0,0.0,0.0,1.0,0.0,4.48
STU-14448,0.7685454856947054,0.5273450091329106,0.7497053045186644,0.5927710843373492,0.6481481481481486,-0.6,0.04990970702585536,0.0,0.0,0.0,1.0,0.0,0.0,4.83
STU-13701,0.29981154702758167,-0.12205866552057607,-0.21532416502946947,-0.007228915662650662,-0.2716049382716046,-0.2,0.28641356306698684,0.0,0.0,0.0,0.0,0.0,1.0,4.32
STU-12173,-0.5581634401233517,-0.3279252175781674,0.6223968565815327,-1.0891566265060242,-1.2901234567901232,1.8,0.9753595784911512,0.0,0.0,0.0,1.0,0.0,0.0,4.6
STU-10813,-0.9576837416481074,-1.044375201461266,0.0,-0.39036144578313253,-0.790123456790123,0.8,-0.7829951772929102,0.0,0.0,0.0,0.0,0.0,1.0,3.12
STU-13769,-0.6232653760493413,0.5273450091329106,1.0829076620825147,-0.563855421686747,-0.493827160493827,-0.2,0.37895855021351627,1.0,0.0,0.0,0.0,0.0,1.0,4.38
STU-10374,0.5081377419907481,-0.5110132158590309,-1.0546168958742634,-0.036144578313253094,-2.481481481481481,0.8,-0.7315812955448384,0.0,1.0,0.0,0.0,0.0,0.0,3.48
STU-14596,-0.0256981326023652,0.5273450091329106,0.5988212180746564,0.27469879518072277,0.3271604938271606,0.4,0.8725318149950068,1.0,0.0,0.0,0.0,0.0,1.0,4.92
STU-10951,0.0,0.016761577307403054,-0.2530451866404715,-0.5734939759036145,0.8086419753086422,0.4,1.3249739743780404,1.0,0.0,0.0,0.0,0.0,1.0,5.41
STU-14857,-0.7685454856947074,0.10572687224669577,-0.025147347740668003,-0.3686746987951808,0.7222222222222221,0.4,0.07047525972508462,0.0,0.0,0.0,1.0,0.0,0.0,3.96
STU-13770,0.9693335617611774,0.5273450091329106,1.0074656188605113,0.5084337349397589,-0.9197530864197526,0.4,0.7491384987996348,0.0,0.0,0.0,0.0,1.0,0.0,5.56
STU-10091,0.7048141168408416,0.5273450091329106,0.4683693516699412,-0.4265060240963855,-0.37654320987654283,-0.8,0.0807580360746988,0.0,1.0,0.0,0.0,0.0,0.0,4.25
STU-14673,0.9988007538118888,0.17148382937573847,0.44793713163064836,1.337349397590361,-0.8024691358024689,-0.2,0.5537657481569609,0.0,0.0,0.0,0.0,0.0,1.0,5.79
STU-11228,-0.2977556964193944,0.5273450091329106,-0.0848722986247543,-0.8072289156626505,0.6111111111111112,0.4,-0.32027024156026224,0.0,0.0,0.0,1.0,0.0,0.0,4.52
STU-14548,-1.309919479184513,-1.080477060277211,-1.5528487229862475,0.17831325301204823,-1.3209876543209873,0.0,-1.441092863668232,0.0,0.0,1.0,0.0,0.0,0.0,1.96
STU-14132,-0.4259037176631843,-0.6042763511335555,0.0,0.009638554216867478,0.17901234567901236,-0.2,-0.6081879793494656,0.0,0.0,0.0,0.0,1.0,0.0,3.93
STU-11320,-0.7993832448175436,-0.98635435693564,-1.1662082514734775,1.1783132530120481,0.06172839506172872,0.4,0.5332001954577326,1.0,0.0,1.0,0.0,0.0,0.0,3.52
STU-14109,0.6671235223573743,0.1654668529064143,-0.2577603143418469,-0.053012048192771236,0.5185185185185189,-1.0,0.07047525972508462,0.0,0.0,0.0,0.0,0.0,1.0,4.53
STU-14777,-0.293643995203016,0.5273450091329106,0.5548133595284872,-0.7903614457831325,0.09876543209876551,0.8,-0.07348360916951749,0.0,0.0,0.0,0.0,1.0,0.0,4.5
STU-10238,-1.2571526469076588,-1.1939400451273237,0.025147347740668003,0.0,-1.4320987654320982,0.0,-0.0015041747222164304,1.0,0.0,0.0,1.0,0.0,0.0,3.66
STU-12230,-0.17029295871166789,0.2398194907059202,0.8094302554027507,-0.0867469879518073,-0.45061728395061695,0.8,0.4098068792623597,0.0,1.0,0.0,0.0,0.0,0.0,3.46
STU-10090,0.7000171320884008,0.4787794133447943,0.4888015717092338,-0.30602409638554223,-0.09876543209876497,0.2,0.7285729461004056,0.0,0.0,0.0,1.0,0.0,0.0,4.56
STU-10800,0.3847867054994,-0.1817986461802946,0.0,-0.6337349397590362,0.5617283950617284,-0.6,0.19386857592045748,0.0,0.0,0.0,1.0,0.0,0.0,4.06
STU-13505,0.1456227514133963,0.5273450091329106,0.5045186640471515,-1.2313253012048193,0.7839506172839503,0.2,0.6977246170515621,0.0,0.0,0.0,0.0,1.0,0.0,5.21
STU-13232,0.5958540346068181,0.5273450091329106,2.3559921414538314,-0.5710843373493976,0.6358024691358032,-0.2,0.0,0.0,0.0,0.0,0.0,1.0,0.0,5.69
STU-12208,-1.0686996744903212,-0.4572902116686366,-0.35992141453831034,1.7686746987951805,1.0864197530864195,-0.2,0.6360279589538761,0.0,0.0,0.0,1.0,0.0,0.0,3.4
STU-14456,-0.06270344354976914,0.47663049317717804,0.44793713163064836,1.2096385542168673,-1.3024691358024687,0.6,0.0,0.0,0.0,0.0,0.0,1.0,0.0,4.34
STU-11210,0.9988007538118888,0.5273450091329106,0.42593320235756404,-0.8698795180722891,0.7283950617283949,0.8,0.8005523805477066,0.0,0.0,0.0,1.0,0.0,0.0,4.22
STU-14816,0.9453486379989712,0.5273450091329106,0.5280943025540275,-0.45542168674698796,0.3827160493827161,-1.0,0.29669633941660106,1.0,0.0,0.0,1.0,0.0,0.0,5.09
STU-12136,0.6438238821312305,0.5273450091329106,0.5249508840864441,0.29397590361445775,0.13580246913580285,9.4,0.039626930676241186,0.0,0.0,0.0,0.0,1.0,0.0,5.31
STU-12362,-0.6102449888641436,-0.9936606855055338,-1.6455795677799607,1.0096385542168673,0.7654320987654322,-0.6,0.1733030232212282,0.0,1.0,0.0,0.0,0.0,0.0,2.66
STU-10361,-1.664211067329108,0.28064897389062005,-0.18546168958742631,1.9349397590361443,1.0740740740740742,0.2,-0.6698846374471524,0.0,0.0,1.0,0.0,0.0,0.0,3.92
STU-11167,-0.8014390954257329,0.12248844955409884,-0.04086444007858543,-0.32289156626506016,-1.9691358024691354,1.4,0.2761307867173727,0.0,0.0,0.0,0.0,0.0,1.0,4.18
STU-14998,-1.2078122323111196,-1.4986569248952404,-1.3736738703339886,0.0,0.19135802469135832,0.8,-0.5464913212517796,0.0,0.0,0.0,1.0,0.0,0.0,2.51
STU-12885,0.14151105019701787,-1.2051144299989258,0.0,0.8096385542168673,0.209876543209877,-0.2,0.5126346427585032,1.0,0.0,0.0,0.0,0.0,1.0,3.73
STU-12644,0.05036833990063287,0.4551412915010203,0.3866404715127703,-0.6481927710843374,-1.5432098765432098,-0.8,-0.5362085449021645,1.0,1.0,0.0,0.0,0.0,0.0,4.36
STU-11883,0.17508994346410775,0.5273450091329106,0.25147347740667975,-0.7277108433734939,1.3456790123456788,-0.4,-0.8241262826913678,0.0,0.0,0.0,0.0,0.0,1.0,4.54
STU-14152,0.9988007538118888,0.5273450091329106,2.6467583497053053,0.0,-1.0555555555555554,-1.0,0.6051796299050327,1.0,0.0,0.0,1.0,0.0,0.0,5.64
STU-12097,-0.5088230255268125,0.09369291930804739,0.2090373280943026,1.3325301204819275,0.19753086419753102,0.4,-0.7110157428456101,1.0,0.0,0.0,1.0,0.0,0.0,4.12
STU-12365,-1.36542744560562,-0.5015579671215216,-0.4762278978388998,0.3493975903614458,-1.0925925925925923,-0.8,0.12188914147315641,0.0,0.0,0.0,0.0,1.0,0.0,3.18
STU-12946,0.366284050025697,0.5273450091329106,0.6742632612966604,1.3614457831325302,0.351851851851852,-0.2,-0.2997046888610339,0.0,0.0,0.0,0.0,1.0,0.0,4.73
STU-11344,-0.9206784307007034,-0.137960674760933,0.6082514734774069,-0.1373493975903615,0.746913580246914,1.2,-1.7392933778070494,0.0,1.0,0.0,0.0,0.0,0.0,3.53
STU-13428,-0.5471989035463432,0.5273450091329106,0.4652259332023578,1.1373493975903615,-0.944444444444444,0.4,-0.6390363083983089,0.0,0.0,0.0,0.0,0.0,1.0,4.63
STU-12708,0.21415110501970092,0.36789513269582047,0.16345776031434203,0.07951807228915664,-1.8765432098765429,-0.8,0.2555652340181434,1.0,0.0,1.0,0.0,0.0,0.0,5.42
STU-11133,-0.724002055850609,-0.47834962931127156,-0.4400785854616895,-0.5831325301204819,-0.10493827160493822,-0.4,-1.2251545603263299,0.0,0.0,0.0,1.0,0.0,0.0,2.93
STU-11371,-0.654788418708241,-0.12377780165466895,0.3929273084479372,-0.08433734939759048,-0.2901234567901233,-0.6,-0.2585735834625763,0.0,0.0,0.0,0.0,0.0,1.0,3.79
STU-11369,0.5143052938153158,-0.5948211023960461,-0.34420432220039293,0.021686746987951772,0.549382716049383,0.0,0.6463107353034903,0.0,1.0,0.0,0.0,0.0,0.0,4.75
STU-11769,-1.2694877505567932,0.20414741592349844,-0.20746561886051088,2.6433734939759037,-1.2037037037037033,-1.0,-0.7315812955448384,0.0,1.0,0.0,0.0,0.0,0.0,4.64
STU-10711,0.8679115984238472,0.5273450091329106,0.3080550098231829,-0.0867469879518073,0.7222222222222221,-1.0,0.7080073934011771,1.0,0.0,0.0,0.0,1.0,0.0,4.61
STU-12022,0.0,-0.002578704201139026,-0.8990176817288803,-0.8819277108433734,-1.679012345679012,0.0,1.0679045656376807,1.0,0.0,0.0,1.0,0.0,0.0,4.15
STU-12717,0.0544800411170113,0.5273450091329106,-0.6742632612966603,0.9277108433734939,1.9444444444444446,1.4,-0.33055301790987734,0.0,0.0,0.0,0.0,0.0,1.0,4.03
STU-11889,-1.2831934212780542,-0.3004190394326855,-1.2102161100196467,0.40481927710843363,0.351851851851852,-0.2,-1.1326095731797994,1.0,1.0,0.0,0.0,0.0,0.0,3.03
STU-10485,-0.4026040774370405,-0.15773074030299783,0.5673870333988212,-0.7927710843373493,0.06790123456790143,-0.2,-0.3614013469587199,1.0,0.0,1.0,0.0,0.0,0.0,3.95
STU-10080,0.9988007538118888,-0.39454174277425624,-0.6554027504911593,0.39518072289156614,1.141975308641975,-1.0,-1.029781809683656,0.0,0.0,0.0,0.0,1.0,0.0,3.9
STU-10576,-0.01541887956141912,0.1418287310626409,0.718271119842829,-0.33253012048192765,0.6172839506172839,0.0,0.6977246170515621,1.0,0.0,1.0,0.0,0.0,0.0,5.6
STU-12984,-0.056535891725202465,0.1216288814870527,0.46051080550098233,-0.3638554216867469,-0.8641975308641971,0.2,-0.0632008328199024,0.0,0.0,1.0,0.0,0.0,0.0,4.53
STU-12888,0.0,-0.03180401848071383,-0.6098231827111984,1.5518072289156624,0.2283950617283951,-1.0,-1.4719411927170745,0.0,0.0,1.0,0.0,0.0,0.0,3.61
STU-14187,-0.22374507452458553,-0.2767809175889115,-0.7292730844793713,-0.38554216867469887,-0.38271604938271553,0.0,-0.21744247806411868,0.0,0.0,0.0,1.0,0.0,0.0,3.71
STU-12608,-0.5122494432071275,0.06618674116256547,0.4872298624754421,-0.026506024096385618,-1.6913580246913575,-1.0,0.7697040514988631,0.0,0.0,0.0,0.0,0.0,1.0,5.24
STU-14873,-1.4435497687168073,-1.8768668743956165,-1.7304518664047155,0.26987951807228916,-0.30864197530864196,-0.6,-1.0503473623828843,0.0,0.0,0.0,0.0,1.0,0.0,1.0
STU-13007,-0.8836731197532985,-1.011281830879983,-1.3736738703339886,0.5566265060240965,0.0,1.8,0.7902696041980924,1.0,0.0,1.0,0.0,0.0,0.0,3.65
STU-13681,0.07366798012677667,-0.0425486193187927,-0.46051080550098233,-0.4120481927710843,0.11728395061728418,-1.0,0.5846140772058044,0.0,0.0,0.0,0.0,1.0,0.0,4.73
STU-13735,0.0,0.4994090469539053,0.40235756385068777,-0.0240963855421688,-0.5185185185185184,0.0,-0.8138435063417536,1.0,0.0,1.0,0.0,0.0,0.0,4.64
STU-10379,-0.08942950145622798,-0.22778553776727184,0.0,-0.3108433734939759,1.6419753086419753,0.4,-0.9269540461875123,0.0,0.0,0.0,1.0,0.0,0.0,4.31
STU-10542,0.2621209525441143,-0.7035564628774044,0.44007858546168976,-0.23132530120481926,1.2901234567901232,0.6,0.6051796299050327,0.0,0.0,0.0,0.0,1.0,0.0,3.58
STU-12543,0.4827822511564151,-0.3515633394219408,0.4793713163064835,0.7108433734939756,-0.47530864197530837,1.2,-0.4025324523571775,0.0,0.0,0.0,0.0,0.0,1.0,4.25
STU-14463,0.9988007538118888,0.5273450091329106,1.0153241650294695,1.392771084337349,0.0864197530864201,0.8,1.0164906838896088,0.0,0.0,0.0,0.0,1.0,0.0,5.64
STU-11165,0.12917594654788356,0.0,-0.19803536345776032,-0.3156626506024097,-0.05555555555555546,0.8,0.13217191782277057,0.0,0.0,0.0,0.0,0.0,1.0,4.62
STU-13223,-0.09491176974473223,0.35027398732137066,-0.3677799607072692,0.8048192771084336,-0.16049382716049368,-0.4,0.3069791157662152,0.0,0.0,1.0,0.0,0.0,0.0,4.42
STU-14490,-0.24430358060647672,-0.7332115611905019,-0.9351669941060906,-0.007228915662650662,0.8209876543209876,-1.0,0.0,1.0,0.0,0.0,0.0,1.0,0.0,4.24
STU-12514,0.3251670378619147,0.0322338025142366,0.06129666011787829,-0.20240963855421681,0.4382716049382721,0.6,1.3249739743780404,1.0,0.0,0.0,0.0,1.0,0.0,5.33
STU-14098,-2.1754325852321403,-1.2205866552057594,-0.6569744597249509,0.1373493975903613,0.833333333333333,0.8,-1.5953345089124473,0.0,0.0,0.0,0.0,1.0,0.0,2.5
STU-14347,-0.6280623608017821,-0.8879338132588379,-0.41021611001964636,0.13012048192771083,1.3395061728395061,0.2,-0.9886507042851983,0.0,0.0,0.0,0.0,1.0,0.0,2.79
STU-13637,0.639712180914853,-0.1994197915547438,-0.8047151277013754,0.6265060240963854,0.0,-0.8,0.34811022116467283,0.0,0.0,0.0,0.0,1.0,0.0,3.97
STU-10028,-0.33955799211924015,0.0,0.14616895874263258,-0.08433734939759048,0.27777777777777785,-0.4,0.2555652340181434,0.0,0.0,0.0,0.0,1.0,0.0,3.11
STU-10110,0.8583176289189646,0.5273450091329106,0.8550098231827112,0.0626506024096385,-0.24074074074074053,0.0,0.42008965561197387,1.0,1.0,0.0,0.0,0.0,0.0,6.07
STU-14973,0.3032379647078967,-0.3416783066509081,0.33634577603143434,0.8120481927710841,-0.4012345679012342,-1.0,0.5743313008561892,1.0,0.0,1.0,0.0,0.0,0.0,4.71
STU-12106,-0.6013363028953232,-0.5707531965187495,-0.06758349705304516,-0.09397590361445796,-1.635802469135802,-0.2,0.0,0.0,0.0,0.0,0.0,0.0,1.0,3.92
STU-10765,0.6273770772657178,0.4461158267970343,-0.6475442043222005,0.12289156626506018,-0.7777777777777776,1.0,0.0,1.0,0.0,0.0,0.0,1.0,0.0,3.39
STU-11618,-0.06544457769402175,-0.11303320081659009,-0.8471512770137526,-0.5180722891566265,0.4444444444444448,1.2,-0.33055301790987734,0.0,1.0,0.0,0.0,0.0,0.0,4.16
STU-11487,0.9988007538118888,0.3055764478349629,1.1237721021611005,-0.274698795180723,-1.1481481481481477,-0.4,-0.2071597017145045,0.0,0.0,0.0,0.0,1.0,0.0,4.25
STU-11108,0.0,-1.1862039325239069,-1.4962671905697449,1.2072289156626503,-1.0493827160493823,-0.4,-1.2662856657247865,0.0,0.0,0.0,0.0,0.0,1.0,1.59
STU-13285,0.9988007538118888,0.5273450091329106,1.343811394891945,-0.6506024096385542,-0.07407407407407358,1.2,0.07047525972508462,0.0,0.0,0.0,1.0,0.0,0.0,5.28
STU-14285,-0.3087202329964029,0.40012893521005705,0.20275049115913574,-0.563855421686747,-0.7160493827160489,-0.4,-0.10433193821836001,1.0,0.0,0.0,1.0,0.0,0.0,4.52
STU-12144,-0.06955627891040018,0.5273450091329106,2.029076620825148,0.0,0.9074074074074078,1.0,1.3249739743780404,1.0,0.0,0.0,0.0,0.0,1.0,5.75
STU-10097,-0.06544457769402175,-0.3459761469861394,-0.09901768172888002,0.10361445783132522,-1.1481481481481477,-0.4,-0.41281522870679255,0.0,0.0,1.0,0.0,0.0,0.0,3.26
STU-11024,-0.3676546170978248,0.5273450091329106,0.7748526522593324,0.05301204819277102,-0.012345679012345415,1.0,0.4098068792623597,0.0,1.0,0.0,0.0,0.0,0.0,5.01
STU-14494,0.9988007538118888,0.3244869453099816,0.08172888015717086,0.5108433734939759,-0.6296296296296293,-1.0,-0.39224967600756333,1.0,0.0,1.0,0.0,0.0,0.0,4.27
STU-14571,0.3388727085831758,0.5273450091329106,0.6286836935166998,-0.5156626506024097,-2.135802469135802,0.8,1.3249739743780404,1.0,0.0,0.0,0.0,0.0,1.0,5.04
STU-12657,-0.7753983210553375,-0.902116686365102,0.03929273084479372,0.8554216867469876,0.09259259259259281,-0.8,-0.16602859631604688,0.0,0.0,0.0,1.0,0.0,0.0,2.32
STU-11461,-0.5341785163611454,0.5273450091329106,0.09115913555992144,0.9951807228915659,-0.604938271604938,0.4,0.6977246170515621,1.0,0.0,1.0,0.0,0.0,0.0,4.92
STU-13365,-0.35943121466506794,0.324916729343505,-0.21689587426326118,1.2,0.4876543209876543,-0.8,-0.6596018610975374,1.0,0.0,0.0,0.0,0.0,1.0,3.56
STU-14685,-0.8076066472503005,-0.13452240249274783,-0.7324165029469549,-0.672289156626506,-0.18518518518518506,1.0,0.008778601627397745,0.0,0.0,0.0,0.0,1.0,0.0,4.13
STU-11755,-0.30255268117183526,0.14139894702911754,-0.16345776031434173,0.4409638554216867,-1.0308641975308641,0.2,0.23499968131891508,1.0,0.0,1.0,0.0,0.0,0.0,4.02
STU-12221,0.48826451944491933,0.014612657139786794,0.048722986247544293,-0.8746987951807229,0.09876543209876551,-0.2,-0.7829951772929102,0.0,0.0,0.0,1.0,0.0,0.0,4.53
STU-14307,-1.0556792873051235,-0.6734715805307834,-0.8707269155206289,-0.1855421686746989,0.7654320987654322,0.2,-1.1326095731797994,1.0,0.0,0.0,0.0,0.0,1.0,3.25
STU-14447,0.36559876648963463,0.0687654453637045,0.9477406679764244,0.0,-0.07407407407407358,0.2,0.04990970702585536,1.0,0.0,0.0,1.0,0.0,0.0,5.59
STU-11435,0.2004454342984398,-0.6794885570001076,-1.0499017681728882,-0.7542168674698795,1.2839506172839505,0.2,-0.16602859631604688,0.0,0.0,1.0,0.0,0.0,0.0,4.11
STU-11574,0.7109816686654092,0.5273450091329106,0.4573673870333989,0.7132530120481925,0.0,0.8,-0.42309800505640677,0.0,0.0,0.0,0.0,1.0,0.0,4.53
STU-10300,-0.6383416138427283,-0.7555603309337058,-0.3426326129666012,-0.13253012048192767,-0.4320987654320983,-0.2,0.2761307867173727,1.0,0.0,0.0,1.0,0.0,0.0,4.59
STU-13557,0.6486208668836724,0.5273450091329106,0.9901768172888016,-0.6120481927710842,0.14814814814814828,-0.8,0.28641356306698684,0.0,1.0,0.0,0.0,0.0,0.0,5.47
STU-12475,-1.3448689395237288,0.1199097453529598,-0.2829076620825146,-0.7855421686746988,-0.22839506172839458,-0.2,-1.29713399477363,0.0,0.0,0.0,1.0,0.0,0.0,3.45
STU-10553,0.8350179886928207,0.1680455571075533,0.13045186640471515,-0.16144578313253008,0.2283950617283951,1.2,0.2247169049693,0.0,0.0,0.0,0.0,0.0,1.0,3.95
STU-10333,0.2628062360801777,-0.0979907596432793,0.6176817288801573,0.3879518072289155,-0.9012345679012345,-0.6,0.20415135227007164,1.0,0.0,0.0,0.0,0.0,1.0,4.26
STU-12438,0.028439266746615864,-0.16632642097346104,0.21846758349705317,-0.5686746987951807,-0.6913580246913575,0.4,1.16044955278421,1.0,0.0,0.0,0.0,0.0,1.0,4.46
STU-12775,0.39712180914853434,0.36703556462877374,0.5972495088408647,-0.7951807228915663,0.14814814814814828,-0.8,0.28641356306698684,0.0,0.0,0.0,1.0,0.0,0.0,4.77
STU-14259,0.541716635257837,-1.4922101643923933,0.31434184675834975,-0.272289156626506,-1.2592592592592586,-1.0,0.34811022116467283,0.0,1.0,0.0,0.0,0.0,0.0,3.39
STU-13673,0.0,-0.3128827764048566,-0.32534381139489205,-0.5108433734939759,-1.4691358024691357,-0.4,1.3249739743780404,0.0,0.0,0.0,0.0,1.0,0.0,4.84
STU-12892,-0.33750214151105096,0.0,-0.27662082514734776,-0.07228915662650598,-0.02469135802469083,0.2,1.0267734602392231,0.0,0.0,0.0,0.0,1.0,0.0,4.41
STU-11972,-1.856775740962824,-1.8820242827978944,-0.8141453831041259,0.05783132530120486,-1.1049382716049376,-1.0,-0.505360215853322,0.0,0.0,0.0,0.0,0.0,1.0,1.59
STU-10504,0.334075723830734,-0.9034060384656715,0.719842829076621,0.0,0.7530864197530868,1.4,0.33782744481505866,1.0,0.0,0.0,0.0,1.0,0.0,4.45
STU-14195,0.0551653246530747,0.4203287847856453,0.8660117878192536,0.2361445783132529,0.39506172839506204,-0.4,1.222146210881897,0.0,1.0,0.0,0.0,0.0,0.0,4.79
STU-11591,0.016789446633543967,-0.2604491243150318,-0.5469548133595287,-0.8819277108433734,-0.24691358024691323,0.0,-0.27913913616180464,0.0,0.0,0.0,0.0,1.0,0.0,3.12
STU-12485,0.74935754668494,0.5273450091329106,0.4542239685658155,-0.9253012048192771,-0.24691358024691323,-1.0,0.7902696041980924,0.0,0.0,0.0,1.0,0.0,0.0,5.55
STU-10931,-0.4231625835189317,0.2226281293649938,-0.7056974459724953,-0.6265060240963856,-0.030864197530864085,0.4,0.2761307867173727,0.0,0.0,0.0,0.0,1.0,0.0,4.19
STU-10261,0.0,-0.5037068872891372,0.1335952848722986,0.1879518072289155,-0.6419753086419747,1.6,-0.5156429922029362,1.0,1.0,0.0,0.0,0.0,0.0,2.99
STU-10818,0.9988007538118888,-0.07005479746427462,-0.6145383104125738,-0.4168674698795181,0.0,-1.0,0.3069791157662152,0.0,0.0,0.0,0.0,0.0,1.0,4.54
STU-14803,-2.045228713380162,-0.35070377135489467,-1.477406679764244,-0.5493975903614458,0.8024691358024695,0.2,-1.996362786547409,0.0,0.0,0.0,0.0,1.0,0.0,2.3
STU-14366,0.30803494946033855,0.5273450091329106,0.669548133595285,-0.6024096385542168,-0.1728395061728391,0.0,1.3249739743780404,1.0,0.0,0.0,0.0,0.0,1.0,4.91
STU-12320,0.005824910056535463,0.5273450091329106,0.4275049115913558,0.9662650602409637,0.8827160493827159,0.4,-0.26885635981219047,0.0,0.0,0.0,1.0,0.0,0.0,4.48
STU-14623,-0.13602878190851558,0.1504244117331041,-0.36620825147347746,-0.2867469879518073,0.39506172839506204,-0.4,-0.6184707556990797,0.0,0.0,0.0,0.0,1.0,0.0,3.39
STU-13976,-0.7541545314373829,0.5273450091329106,1.2479371316306485,0.725301204819277,1.9320987654320991,-1.0,0.7080073934011771,1.0,0.0,1.0,0.0,0.0,0.0,5.13
STU-11328,-0.4855233853006687,-0.19856022348769764,0.44793713163064836,0.021686746987951772,0.39506172839506204,-0.6,-0.5362085449021645,1.0,0.0,0.0,0.0,1.0,0.0,4.78
STU-11695,0.46016789446633466,0.5273450091329106,0.7371316306483301,1.1879518072289155,-0.604938271604938,-1.0,0.6874418407019479,0.0,0.0,0.0,0.0,0.0,1.0,5.41
STU-11736,0.0,0.5273450091329106,0.8251473477406684,-0.5156626506024097,-0.7098765432098761,0.6,0.5023518664088891,0.0,1.0,0.0,0.0,0.0,0.0,5.65
STU-13042,0.3930101079321559,0.5273450091329106,0.7292730844793712,0.0,0.0,-0.2,0.9445112494423078,0.0,0.0,0.0,0.0,1.0,0.0,4.99
STU-12936,-0.40603049511735556,-1.3344794240893953,-0.976031434184676,0.6409638554216868,-0.006172839506172707,-0.6,-0.5979052029998514,0.0,0.0,0.0,1.0,0.0,0.0,2.43
STU-11032,0.9988007538118888,-0.2256366175996562,-0.047151277013752296,0.3277108433734938,-0.5740740740740738,-0.6,0.3995241029127446,0.0,0.0,1.0,0.0,0.0,0.0,5.02
STU-12427,-0.9275312660613335,-0.13366283442570107,-0.35834970530451865,-0.0240963855421688,1.4444444444444442,-0.6,0.5023518664088891,0.0,0.0,0.0,1.0,0.0,0.0,3.54
STU-10899,0.9988007538118888,-0.45857956376920606,-0.20117878192534375,0.3132530120481927,0.5308641975308643,-0.8,-0.12489749091758927,0.0,0.0,0.0,0.0,0.0,1.0,3.87
STU-12998,0.7877334247044707,0.5273450091329106,1.7304518664047155,0.043373493975903545,-0.5308641975308638,-0.8,-0.1454630436168176,0.0,0.0,0.0,0.0,0.0,1.0,5.62
STU-10784,-0.8089772143224263,-0.5931019662619533,-0.5752455795677801,-0.21686746987951813,1.3333333333333333,-0.6,0.38924132656313043,0.0,0.0,0.0,0.0,1.0,0.0,4.01
STU-12219,0.16069898920678324,0.5019877511550443,-0.7559921414538311,0.14216867469879513,0.7962962962962968,0.2,0.07047525972508462,0.0,0.0,0.0,1.0,0.0,0.0,4.21
STU-13987,0.5787219462052419,0.48092833351240993,-0.6742632612966603,-0.07228915662650598,0.660493827160494,1.0,0.8005523805477066,0.0,0.0,0.0,0.0,1.0,0.0,4.78
STU-10268,-0.07709439780709365,0.0,0.1948919449901769,0.0,-0.22839506172839458,1.2,0.7182901697507914,1.0,0.0,0.0,0.0,0.0,1.0,4.58
STU-10107,-0.5848894980298105,-0.4847963898141185,-0.21060903732809433,-0.4891566265060241,-0.1296296296296296,0.8,-0.19687692536489032,0.0,0.0,0.0,0.0,0.0,1.0,3.63
STU-12278,0.8144594826109296,0.03481250671537563,-0.6994106090373282,1.5228915662650602,0.23456790123456836,-1.0,-0.8241262826913678,1.0,0.0,0.0,0.0,0.0,1.0,4.32
STU-10425,-0.38752783964365356,0.17793058987858604,-0.23104125736738718,1.3518072289156624,-0.6358024691358021,-0.8,0.5023518664088891,0.0,1.0,0.0,0.0,0.0,0.0,4.51
STU-14261,0.4430358060647585,0.40786504781347355,-0.900589390962672,0.8987951807228916,-1.0246913580246908,1.0,0.12188914147315641,0.0,0.0,0.0,0.0,1.0,0.0,3.83
STU-14942,-0.1730340928559195,-0.8247555603309337,-0.20432220039292717,0.36867469879518056,-0.9506172839506167,-0.6,-0.042635280120674045,1.0,0.0,1.0,0.0,0.0,0.0,3.0
STU-13423,-0.8124036320027423,0.14827549156548847,0.12888015717092344,1.289156626506024,-0.30864197530864196,0.4,0.6154624062546469,0.0,0.0,0.0,1.0,0.0,0.0,3.96
STU-13465,-0.09080006852835477,0.5273450091329106,0.16660117878192546,2.412048192771084,-0.19753086419753046,-0.6,-0.2585735834625763,1.0,0.0,0.0,1.0,0.0,0.0,4.22
STU-12487,0.5526811718348454,0.17234339744278462,0.08958742632612973,0.6819277108433734,-0.8148148148148144,0.0,-0.32027024156026224,0.0,0.0,0.0,0.0,0.0,1.0,4.46
STU-14253,0.9103991776597554,0.5273450091329106,1.5402750491159136,-0.5783132530120483,-0.339506172839506,0.8,0.0,0.0,0.0,0.0,1.0,0.0,0.0,5.57
STU-14279,0.8254240191879381,0.3528526915225097,-0.4683693516699412,-0.24337349397590355,-1.0061728395061726,0.6,0.0,0.0,1.0,0.0,0.0,0.0,0.0,3.62
STU-13093,0.19016618125749468,0.0,0.46365422396856604,-1.1325301204819276,-0.6728395061728394,-0.4,0.7491384987996348,1.0,0.0,0.0,0.0,0.0,1.0,5.11
STU-13755,0.9988007538118888,-0.18781562264961876,0.3724950884086446,-0.4457831325301205,0.0061728395061732555,-0.4,0.12188914147315641,1.0,0.0,1.0,0.0,0.0,0.0,4.42
STU-12435,0.2977556964193924,0.2458364671752444,0.40235756385068777,0.0,1.2345679012345678,0.4,-0.32027024156026224,1.0,0.0,0.0,0.0,1.0,0.0,4.83
STU-14778,0.1373993489806404,-0.02922531427957481,0.28447937131630663,0.9012048192771084,-0.8580246913580244,-0.4,-1.3279823238224733,1.0,0.0,1.0,0.0,0.0,0.0,3.95
STU-10709,0.9988007538118888,0.05243365208982482,-0.15245579567779974,0.13975903614457832,-0.06172839506172817,1.6,-0.21744247806411868,0.0,1.0,0.0,0.0,0.0,0.0,4.88
STU-12520,0.0544800411170113,-0.38852476630493205,-0.11473477406679773,1.1108433734939758,0.42592592592592615,-0.6,0.10132358877392715,0.0,0.0,0.0,0.0,0.0,1.0,4.22
STU-10249,0.8261093027240015,0.5273450091329106,0.33634577603143434,1.342168674698795,-1.4567901234567897,-1.0,-0.02206972742144478,1.0,0.0,0.0,0.0,1.0,0.0,4.26
STU-14255,0.03049511735480508,0.5273450091329106,0.4762278978388998,-0.8650602409638555,-0.4197530864197529,0.4,0.9136629203934643,0.0,0.0,0.0,1.0,0.0,0.0,5.3
STU-12671,0.47867054994003666,-0.1830879982808641,0.2609037328094303,-0.44337349397590364,-0.7037037037037035,0.2,0.15273747052199985,0.0,0.0,0.0,1.0,0.0,0.0,3.59
STU-14786,-0.06133287647764332,0.0,0.7261296660117879,-0.49397590361445787,1.8580246913580245,-0.4,-0.19687692536489032,1.0,0.0,0.0,0.0,1.0,0.0,4.74
STU-14660,-0.1161555593626868,0.0,-0.919449901768173,1.9325301204819274,1.1481481481481488,-1.0,-0.23800803076334703,0.0,1.0,0.0,0.0,0.0,0.0,3.96
STU-13993,-0.3573753640568797,-0.4443966906629421,-0.47465618860510805,-0.9590361445783133,-0.37654320987654283,-0.4,-1.2045890076271004,0.0,0.0,0.0,1.0,0.0,0.0,2.62
STU-12448,0.7102963851293469,0.5273450091329106,0.5390962671905698,0.0626506024096385,1.0925925925925923,-1.0,-0.0632008328199024,1.0,0.0,1.0,0.0,0.0,0.0,4.57
STU-13741,0.9878362172348804,0.1508541957666269,0.2797642436149312,-0.563855421686747,-0.6172839506172839,-1.0,-0.24829080711296211,0.0,0.0,0.0,0.0,1.0,0.0,4.51
STU-13593,0.35600479698475196,0.5273450091329106,-0.05343811394891944,-0.13012048192771083,-0.7222222222222221,0.8,-0.6184707556990797,0.0,0.0,0.0,0.0,0.0,1.0,3.78
STU-14017,-0.6780880589343847,0.5273450091329106,0.5783889980353635,0.0,0.2407407407407411,-0.8,0.2247169049693,0.0,0.0,0.0,0.0,0.0,1.0,3.6
STU-11813,0.450573924961452,0.5273450091329106,0.8644400785854621,0.29397590361445775,0.0,0.4,1.294125645329197,0.0,0.0,0.0,0.0,0.0,1.0,5.95
STU-12189,-0.5711838273085494,0.14741592349844174,0.07229862475442057,-0.6771084337349397,-1.3888888888888888,0.6,-0.6698846374471524,0.0,0.0,0.0,1.0,0.0,0.0,3.14
STU-10146,0.9720746959054299,0.5273450091329106,1.0106090373280947,-0.09638554216867477,0.4876543209876543,1.2,0.09104081242431297,1.0,0.0,0.0,1.0,0.0,0.0,5.11
STU-13626,0.0,-0.22649618566670293,0.6412573673870335,-0.0048192771084338455,1.3518518518518525,0.2,0.564048524506575,0.0,0.0,0.0,0.0,1.0,0.0,4.91
STU-10911,0.06818571183827242,-0.5333619856022354,0.5988212180746564,0.0,0.8024691358024695,-1.0,-0.09404916186874583,1.0,0.0,0.0,0.0,0.0,1.0,4.87
STU-11996,0.9988007538118888,0.5273450091329106,0.9351669941060907,-0.5349397590361445,0.3827160493827161,0.4,0.2761307867173727,0.0,1.0,0.0,0.0,0.0,0.0,5.25
STU-13918,0.9988007538118888,0.5273450091329106,0.9320235756385072,0.5469879518072288,-0.05555555555555546,-0.2,-0.042635280120674045,0.0,0.0,1.0,0.0,0.0,0.0,4.68
STU-11230,-0.2881617269145117,-0.5681744923176104,-0.5799607072691553,-0.9325301204819276,0.33950617283950657,1.2,-0.1146147145679751,1.0,1.0,0.0,0.0,0.0,0.0,4.62
STU-10876,-0.022271714922050163,0.024927473944342898,0.3237721021611003,-0.08192771084337346,0.5370370370370371,1.2,0.029344154326627007,0.0,0.0,0.0,0.0,1.0,0.0,4.69
STU-10349,-1.1296899091999324,0.0,-0.4510805500982318,-0.253012048192771,-0.8024691358024689,-0.8,0.7697040514988631,0.0,0.0,0.0,0.0,0.0,1.0,4.41
STU-11945,-0.7198903546342306,-0.9704523476952831,-0.4652259332023575,-0.7493975903614458,1.012345679012346,0.0,0.10132358877392715,0.0,0.0,0.0,1.0,0.0,0.0,3.19
STU-12142,-0.5101935925989383,-0.3988395831094876,-0.14616895874263258,-0.31807228915662655,-0.339506172839506,0.8,-1.5233550744651463,0.0,1.0,0.0,0.0,0.0,0.0,3.53
STU-14058,-0.09628233681685902,-0.13280326635865494,-0.8204322200392928,0.0,0.0,0.4,-0.2071597017145045,0.0,0.0,0.0,0.0,0.0,1.0,4.07
STU-13779,-0.4375535377762552,-0.2475556033093373,-0.3536345776031435,-0.21445783132530133,-1.0740740740740735,0.0,0.3686757738639021,1.0,0.0,0.0,1.0,0.0,0.0,4.34
STU-14528,-1.3613157443892416,0.0,-1.4051080550098234,-0.5493975903614458,-0.6234567901234567,-0.2,-1.0606301387324992,0.0,0.0,0.0,0.0,1.0,0.0,2.85
STU-14119,-1.1084461195819777,-1.1247448157300959,-0.707269155206287,0.6867469879518071,-0.4197530864197529,1.2,-1.8626866940024218,0.0,0.0,0.0,0.0,1.0,0.0,2.71
STU-10086,-0.9062874764433789,0.5273450091329106,0.3897838899803538,-0.08433734939759048,0.8888888888888896,-0.6,0.6257451826042619,0.0,0.0,0.0,0.0,1.0,0.0,4.17
STU-13662,0.007880760664724679,0.5273450091329106,0.4982318271119844,0.8433734939759036,0.8950617283950624,0.8,-0.7110157428456101,0.0,1.0,0.0,0.0,0.0,0.0,5.18
STU-14080,-0.0592770258694541,-0.082088750402923,-0.2593320235756386,0.0,0.0,1.2,-0.3511185706091057,0.0,0.0,0.0,1.0,0.0,0.0,3.51
STU-14235,-1.2530409456912803,-0.8479638981411843,0.04086444007858543,-0.8481927710843373,-1.3765432098765429,0.0,-0.6081879793494656,0.0,0.0,1.0,0.0,0.0,0.0,2.97
STU-10057,0.9988007538118888,0.5273450091329106,0.5768172888015718,2.621686746987952,-0.4629629629629629,0.0,0.6565935116531045,0.0,0.0,0.0,0.0,0.0,1.0,6.07
STU-13164,-0.9193078636285766,0.21747072096271636,0.6444007858546169,-0.25783132530120484,0.14197530864197555,-1.0,-0.6184707556990797,0.0,1.0,0.0,0.0,0.0,0.0,3.08
STU-13475,-0.44029467192050786,0.5273450091329106,0.6302554027504912,2.7060240963855415,-0.9753086419753081,-0.2,-0.5567740976013937,1.0,0.0,0.0,0.0,0.0,1.0,4.39
STU-14479,0.07503854719890249,0.23767057053830457,0.42278978388998034,-0.5783132530120483,-0.2901234567901233,0.6,0.358392997514287,0.0,0.0,0.0,0.0,0.0,1.0,4.43
STU-12822,0.9988007538118888,-0.532932201568712,-0.19174852652259344,1.2409638554216866,-0.32098765432098736,-0.2,-0.3614013469587199,0.0,1.0,0.0,0.0,0.0,0.0,4.06
STU-10000,0.49922905602192785,-0.2166111528956702,0.1241650294695483,2.1397590361445777,0.4382716049382721,1.0,0.16302024687161404,0.0,0.0,0.0,1.0,0.0,0.0,3.55
STU-13205,0.7849922905602181,0.5273450091329106,0.42121807465618866,-0.7060240963855422,-0.7530864197530862,0.0,-0.16602859631604688,0.0,0.0,0.0,0.0,0.0,1.0,5.66
STU-10474,-1.2475586774027763,-0.9515418502202644,-1.4286836935166995,-0.3493975903614458,0.7283950617283949,-0.6,-1.1223267968301853,0.0,0.0,0.0,0.0,1.0,0.0,3.06
STU-11151,0.19496316600993555,-0.2398194907059202,-0.05500982318271115,0.050602409638554204,-0.31481481481481466,0.2,-0.0632008328199024,0.0,0.0,0.0,1.0,0.0,0.0,3.34
STU-13574,-1.0207298269659077,-0.869453099817342,-1.0357563850687623,0.6120481927710841,0.10493827160493877,1.4,-1.029781809683656,0.0,0.0,0.0,0.0,0.0,1.0,2.59
STU-11542,-0.04420078807606717,-0.30815515203610194,-0.7324165029469549,0.4216867469879518,0.3333333333333333,-0.4,-0.505360215853322,1.0,0.0,0.0,0.0,0.0,1.0,3.55
STU-11628,-0.15316087031009173,-0.03051466638014432,0.4432220039292732,-0.616867469879518,0.0,0.6,0.564048524506575,0.0,0.0,0.0,1.0,0.0,0.0,4.76
STU-11846,0.793215692992975,-0.14913505963253462,0.7905697445972495,0.5590361445783133,0.0,1.2,0.2658480103677576,1.0,0.0,1.0,0.0,0.0,0.0,5.27
STU-14736,-0.9172520130203875,0.22434726549908668,-0.6554027504911593,-1.1180722891566266,-0.24074074074074053,0.6,-0.39224967600756333,1.0,0.0,0.0,1.0,0.0,0.0,4.19
STU-11346,0.30940551653246434,0.5273450091329106,0.4542239685658155,1.395180722891566,-0.9382716049382713,-0.4,-0.30998746521064807,0.0,0.0,0.0,0.0,1.0,0.0,4.67
STU-11941,-0.8823025526811727,-0.7791984527774798,0.0,-0.15421686746987964,-0.4320987654320983,-1.0,-0.3819668996579491,1.0,1.0,0.0,0.0,0.0,0.0,2.94
STU-12059,0.0,-0.30944450413667146,-0.30019646365422403,0.6048192771084336,-0.1358024691358023,0.6,-0.011786951071830606,0.0,0.0,0.0,0.0,0.0,1.0,3.88
STU-11148,0.2854205927702581,0.5273450091329106,0.9414538310412576,-0.9734939759036144,0.0802469135802474,-0.2,-0.08376638551913165,0.0,0.0,1.0,0.0,0.0,0.0,4.91
STU-13201,0.45742676032208207,0.5273450091329106,1.2982318271119844,0.18072289156626503,1.4629629629629635,-1.0,-0.6801674137967666,0.0,0.0,0.0,1.0,0.0,0.0,5.45
STU-11219,0.5382902175775219,-0.04770602772107014,0.20746561886051088,-0.8891566265060241,-0.32098765432098736,-0.6,0.5332001954577326,0.0,0.0,0.0,0.0,0.0,1.0,5.54
STU-13184,0.8096624978584878,-0.1770710218115399,-0.07072691552062858,0.2144578313253011,0.2407407407407411,-0.2,0.7491384987996348,0.0,0.0,1.0,0.0,0.0,0.0,4.41
STU-10974,0.9988007538118888,0.32577629741055114,-0.34734774066797636,-0.5542168674698795,-0.18518518518518506,1.0,0.0,1.0,0.0,0.0,0.0,0.0,1.0,3.7
STU-13745,0.6952201473359589,0.20070914365531328,-0.04086444007858543,1.467469879518072,1.425925925925926,-0.4,-0.37168412330833495,0.0,0.0,1.0,0.0,0.0,0.0,4.41
STU-11969,-1.154360116498202,-1.043945417427743,-1.7304518664047155,-0.14457831325301215,-0.2839506172839506,-0.2,-0.8446918353905971,1.0,0.0,0.0,0.0,0.0,1.0,2.96
STU-13012,-0.056535891725202465,0.5273450091329106,1.328094302554028,1.4481927710843372,0.3333333333333333,0.2,-0.906388493488283,0.0,0.0,1.0,0.0,0.0,0.0,5.76
STU-11272,-0.5540517389069732,-1.0568389384334373,-1.0860510805500985,-0.07228915662650598,-1.1172839506172836,-0.2,-0.46422911045486437,0.0,1.0,0.0,0.0,0.0,0.0,3.3
STU-13962,0.46976186397121733,0.2355216503706883,-0.009430255402750571,0.34698795180722874,-0.4012345679012342,-1.0,-0.9166712698378972,0.0,0.0,0.0,0.0,0.0,1.0,3.49
STU-12039,-0.06955627891040018,-0.08896529493929332,0.09115913555992144,-0.014457831325301323,-1.4691358024691357,1.0,0.48178631370965985,0.0,0.0,0.0,0.0,1.0,0.0,4.55
STU-13818,0.03323625149905672,-0.3395293864832924,-0.2719056974459726,-0.2819277108433735,1.1728395061728396,-1.0,0.6977246170515621,0.0,0.0,0.0,0.0,1.0,0.0,4.3
STU-11702,0.5348637998972069,-1.1389276888363602,0.3080550098231829,0.4265060240963854,-0.8148148148148144,0.6,1.3249739743780404,0.0,0.0,1.0,0.0,0.0,0.0,3.45
STU-13282,-0.9597395922562967,0.5273450091329106,0.40707269155206294,-0.5132530120481928,0.8703703703703703,-1.0,-0.47451188680447853,1.0,0.0,0.0,0.0,1.0,0.0,4.86
STU-13704,-0.49032037005311047,-0.5711829805522728,-0.2640471512770137,1.8361445783132526,-0.05555555555555546,0.2,0.09104081242431297,1.0,0.0,0.0,0.0,1.0,0.0,3.99
STU-11882,-0.2730854891211248,0.5273450091329106,0.34734774066797663,0.6674698795180721,-0.03703703703703679,-1.0,-0.2997046888610339,0.0,1.0,0.0,0.0,0.0,0.0,5.03
STU-12191,-1.5024841528182291,-1.2627054904910284,-0.5218074656188606,0.5204819277108433,-0.9999999999999994,-0.4,-0.5876224266502372,0.0,0.0,1.0,0.0,0.0,0.0,2.9
STU-12929,0.9988007538118888,0.5273450091329106,0.8015717092337918,0.2987951807228916,-0.9197530864197526,-1.0,0.8828145913446218,0.0,0.0,0.0,0.0,1.0,0.0,4.77
STU-14498,-0.33750214151105096,0.07822069410121385,0.22003929273084488,-0.5855421686746988,0.2222222222222224,0.0,-0.7418640718944526,0.0,1.0,0.0,0.0,0.0,0.0,3.94
STU-10373,0.20455713551481822,-1.0895025249811972,-0.994891944990177,0.07951807228915664,-1.3148148148148147,0.6,0.9753595784911512,0.0,0.0,1.0,0.0,0.0,0.0,3.77
STU-14023,-1.4826109302724009,-0.2518534436445686,0.3049115913555992,0.002409638554216816,0.27160493827160515,0.2,0.48178631370965985,1.0,0.0,0.0,0.0,0.0,1.0,4.3
STU-10760,-1.0145622751413401,0.0,-0.35992141453831034,-0.616867469879518,0.01851851851851867,1.0,-0.4025324523571775,0.0,0.0,1.0,0.0,0.0,0.0,3.59
STU-13986,-1.6415967106390277,-0.5140217040936933,-1.376817288801572,0.24578313253012035,-0.7654320987654316,0.0,-1.4102445346193886,0.0,0.0,0.0,1.0,0.0,0.0,2.03
STU-10423,0.9988007538118888,0.5273450091329106,1.320235756385069,0.0,-0.40740740740740694,1.0,0.4509379846608173,0.0,1.0,0.0,0.0,0.0,0.0,4.66
STU-12377,-0.008566044200789049,-0.5879445578596758,-0.7214145383104127,0.06024096385542168,0.19753086419753102,1.0,-0.3819668996579491,0.0,0.0,0.0,0.0,0.0,1.0,4.09
STU-10847,-0.16686654103135284,-0.35027398732137127,0.037721021611002006,2.1301204819277104,0.3148148148148152,0.2,-0.8549746117402113,0.0,1.0,0.0,0.0,0.0,0.0,4.1
STU-11801,0.6623265376049334,-0.988933061136779,-0.2577603143418469,-0.22650602409638562,0.7098765432098767,0.2,-0.32027024156026224,0.0,0.0,1.0,0.0,0.0,0.0,2.82
STU-14609,-0.9885215007709447,-0.5350811217363276,-0.9115913555992142,0.28433734939759026,0.0,0.6,-1.2457201130255582,1.0,0.0,0.0,1.0,0.0,0.0,3.68
STU-13636,0.9364399520301518,0.5273450091329106,1.6157170923379176,-0.6963855421686747,-0.5432098765432097,0.8,0.6874418407019479,0.0,0.0,0.0,0.0,0.0,1.0,5.63
STU-11106,0.5513106047627196,0.5273450091329106,1.7084479371316308,-1.0,0.2160493827160497,0.8,0.3686757738639021,0.0,0.0,0.0,0.0,0.0,1.0,5.58
STU-12923,0.2840500256981313,0.002578704201139026,0.49980353634577607,-0.8337349397590361,0.4753086419753089,0.2,0.1733030232212282,0.0,0.0,0.0,1.0,0.0,0.0,4.26
STU-12674,-0.585574781565874,0.5273450091329106,0.3724950884086446,1.0168674698795181,-1.2716049382716046,0.2,-0.1146147145679751,0.0,0.0,1.0,0.0,0.0,0.0,2.85
STU-13016,0.2778824738735647,0.44697539486408044,-0.39764243614931233,1.898795180722891,-1.3888888888888888,0.2,0.33782744481505866,1.0,0.0,0.0,0.0,0.0,1.0,4.29
STU-10714,0.7473016960767508,-0.4259159772214467,-0.12416502946954802,0.6481927710843371,0.9382716049382713,0.6,0.2761307867173727,0.0,0.0,1.0,0.0,0.0,0.0,3.72
STU-13819,0.8651704642795947,0.5273450091329106,-0.39921414538310407,1.342168674698795,-0.6543209876543207,2.4,-0.28942191251141974,0.0,0.0,0.0,1.0,0.0,0.0,4.22
STU-13167,0.49991433955799125,-0.37692059739980704,-0.37406679764243606,0.6433734939759035,0.5432098765432103,0.0,0.0,1.0,1.0,0.0,0.0,0.0,0.0,4.71
STU-14334,0.42521843412711896,0.5273450091329106,0.7984282907662084,2.7759036144578313,-1.8580246913580245,0.6,-0.28942191251141974,0.0,1.0,0.0,0.0,0.0,0.0,4.92
STU-11418,0.2785677574096271,0.42075856881916807,0.3787819253438115,-0.46746987951807234,0.16666666666666693,0.4,-0.41281522870679255,1.0,0.0,0.0,0.0,0.0,1.0,4.26
STU-11718,-0.8452972417337679,-2.1622434726549913,-1.5512770137524559,-0.6939759036144578,-0.10493827160493822,-1.0,-0.0015041747222164304,0.0,1.0,0.0,0.0,0.0,0.0,2.72
STU-11845,0.7603220832619485,0.0292253142795742,0.10530451866404716,1.175903614457831,0.19135802469135832,-0.4,0.6565935116531045,0.0,1.0,0.0,0.0,0.0,0.0,4.73
STU-14397,0.9988007538118888,0.011604168905125004,0.5532416502946955,-0.06987951807228916,0.19753086419753102,-0.4,0.48178631370965985,0.0,0.0,0.0,0.0,0.0,1.0,5.03
STU-10503,-2.2179201644680493,-1.1767486837863976,-1.4585461689587427,0.725301204819277,0.5246913580246917,-0.6,-1.0606301387324992,0.0,0.0,0.0,1.0,0.0,0.0,1.42
STU-11087,-0.5314373822168929,-0.9261845922423981,-0.619253438113949,0.22891566265060243,0.7345679012345686,0.8,0.11160636512354223,0.0,1.0,0.0,0.0,0.0,0.0,3.33
STU-12643,-0.36559876648963563,0.39454174277425563,0.15088408644400803,0.10602409638554204,1.1172839506172842,-1.0,-0.5464913212517796,0.0,0.0,0.0,1.0,0.0,0.0,4.29
STU-12844,0.18742504711324207,0.5273450091329106,0.7984282907662084,-0.7566265060240963,0.14197530864197555,-0.8,0.6360279589538761,1.0,0.0,1.0,0.0,0.0,0.0,5.16
STU-12234,0.9988007538118888,0.5273450091329106,0.870726915520629,0.8602409638554217,0.746913580246914,-0.8,0.37895855021351627,0.0,0.0,1.0,0.0,0.0,0.0,5.2
STU-10228,0.15316087031008976,0.3085849360696247,0.21846758349705317,-0.8987951807228916,-0.32098765432098736,0.2,1.3249739743780404,1.0,1.0,0.0,0.0,0.0,0.0,5.26
STU-12871,-1.343498372451603,-0.3528526915225103,-0.8392927308447938,0.5566265060240965,0.9938271604938278,0.6,-0.3614013469587199,0.0,0.0,0.0,0.0,0.0,1.0,3.33
STU-14282,-0.541716635257839,-0.7731814763081556,-1.2306483300589393,-0.7108433734939759,0.5802469135802472,-0.6,-0.7521468482440667,0.0,1.0,0.0,0.0,0.0,0.0,3.78
STU-12242,-0.3820455713551493,0.5273450091329106,-0.3426326129666012,2.1228915662650603,-0.5185185185185184,0.0,-0.7212985191952243,0.0,0.0,0.0,0.0,0.0,1.0,3.83
STU-14254,-0.17646051053623552,-0.7233265284194692,-0.6726915520628683,1.175903614457831,0.29629629629629656,0.2,-0.33055301790987734,0.0,0.0,0.0,0.0,1.0,0.0,3.44
STU-14593,0.3169436354291578,0.07693134200064435,-0.6444007858546169,-0.23855421686746991,1.1358024691358024,-0.2,0.12188914147315641,0.0,0.0,0.0,0.0,0.0,1.0,4.25
STU-11993,0.9988007538118888,0.07478242183302869,-0.02671905697445972,0.0,-0.5555555555555551,-0.2,0.38924132656313043,1.0,0.0,0.0,0.0,1.0,0.0,4.27
STU-14985,0.1675518245674143,-0.8960997098957778,-0.7166994106090374,0.125301204819277,-0.5370370370370365,0.0,0.2247169049693,0.0,0.0,0.0,1.0,0.0,0.0,3.49
STU-13969,-0.023642281994175986,0.3425378747179542,-0.004715127701375146,-0.13012048192771083,-0.20987654320987645,0.0,-0.47451188680447853,0.0,1.0,0.0,0.0,0.0,0.0,4.39
STU-11403,0.09285591913654204,-1.0598474266680995,-0.6962671905697446,0.3590361445783133,-0.6296296296296293,0.0,-0.2585735834625763,1.0,1.0,0.0,0.0,0.0,0.0,3.22
STU-13350,0.04214493746787698,0.5080047276243685,0.3599214145383106,-0.2987951807228916,-0.20987654320987645,-0.6,1.3249739743780404,0.0,1.0,0.0,0.0,0.0,0.0,5.7
STU-13903,-0.840500256981327,-0.20586655205759136,-0.3096267190569746,0.3108433734939759,0.39506172839506204,-0.6,0.564048524506575,0.0,0.0,0.0,0.0,1.0,0.0,3.88
STU-14871,-0.6321740620181605,-0.41946921671859916,0.3756385068762281,2.6192771084337347,-0.06172839506172817,0.4,-0.42309800505640677,1.0,0.0,0.0,0.0,0.0,1.0,3.86
STU-11174,-0.3073496659242771,-1.027613624153863,-0.2703339882121809,1.253012048192771,-0.14814814814814772,0.4,0.008778601627397745,0.0,0.0,0.0,0.0,1.0,0.0,3.89
STU-11122,-0.10039403803323745,-0.05931019662619576,-0.8314341846758351,0.6168674698795181,0.9567901234567905,-0.8,0.42008965561197387,0.0,0.0,0.0,0.0,0.0,1.0,3.88
STU-10515,0.11547027582662243,0.0395401310841303,0.09273084479371316,1.3204819277108433,0.901234567901235,-0.4,-0.32027024156026224,1.0,0.0,1.0,0.0,0.0,0.0,3.56
STU-12275,0.928216549597395,0.42505640915439996,-0.12573673870333973,0.1759036144578312,1.0864197530864195,-0.2,-0.6184707556990797,1.0,0.0,0.0,0.0,0.0,1.0,4.38
STU-14346,-1.9253040945691287,0.5273450091329106,0.20275049115913574,-0.0867469879518073,-0.2037037037037032,-0.6,-0.011786951071830606,0.0,0.0,0.0,0.0,0.0,1.0,4.36
STU-13240,-0.02843926674661684,0.25271301171161475,0.7387033398821221,1.0650602409638552,0.9691358024691359,0.8,-0.8446918353905971,0.0,1.0,0.0,0.0,0.0,0.0,4.47
STU-14700,0.5485694706184681,-0.5720425486193189,0.6082514734774069,0.1132530120481927,-0.1790123456790118,-1.0,0.8416834859461642,0.0,0.0,0.0,0.0,1.0,0.0,4.6
STU-10924,-1.0529381531608708,-0.49253250241753554,0.0,-0.7831325301204819,-0.08024691358024684,1.6,-0.032352503771059866,0.0,0.0,1.0,0.0,0.0,0.0,3.79
STU-11039,0.3169436354291578,0.5273450091329106,0.31277013752455807,0.12289156626506018,0.39506172839506204,0.0,0.20415135227007164,1.0,0.0,0.0,0.0,1.0,0.0,4.51
STU-11921,0.2586945348637993,-0.11217363274954334,-1.013752455795678,-0.28915662650602414,0.2283950617283951,-0.4,-1.1531751258790288,1.0,0.0,0.0,0.0,1.0,0.0,3.92
STU-11650,-0.5136200102792533,0.0,0.037721021611002006,0.09879518072289159,-1.0679012345679009,0.8,0.8005523805477066,0.0,0.0,0.0,0.0,0.0,1.0,4.96
STU-11899,0.32927873907829314,0.5273450091329106,0.6632612966601181,0.7855421686746987,0.049382716049382755,-1.0,0.7080073934011771,0.0,0.0,0.0,0.0,0.0,1.0,4.98
STU-10216,-0.42042144937467907,0.1934028150854196,0.28447937131630663,0.1493975903614458,-1.0246913580246908,0.2,-1.7598589305062777,0.0,0.0,0.0,1.0,0.0,0.0,3.41
STU-14967,0.1223231111872525,0.5273450091329106,0.583104125736739,-0.26746987951807233,-0.296296296296296,0.2,0.5229174191081175,1.0,0.0,0.0,0.0,0.0,1.0,4.59
STU-14085,0.46496487921877555,-0.3584398839583111,-0.3944990176817289,-0.9277108433734941,0.8950617283950624,-0.4,0.8416834859461642,0.0,0.0,0.0,0.0,1.0,0.0,3.9
STU-11497,-0.6157272571526478,-0.9781884602987002,-0.7292730844793713,1.4843373493975902,0.901234567901235,-0.8,-0.7007329664959949,0.0,1.0,0.0,0.0,0.0,0.0,3.09
STU-11858,-1.1152989549426078,0.3954013108413024,0.5139489194499018,0.0746987951807228,-1.2592592592592586,2.2,0.6463107353034903,0.0,0.0,0.0,0.0,0.0,1.0,4.15
STU-11888,-0.24841528182285516,-1.0465241216288816,0.08015717092337915,-0.050602409638554204,1.6543209876543208,-0.2,1.3249739743780404,1.0,0.0,0.0,0.0,1.0,0.0,5.04
STU-13726,0.0,-0.6622971956591818,-0.1964636542239686,0.0,-0.22222222222222185,0.0,-0.7315812955448384,0.0,0.0,0.0,0.0,0.0,1.0,3.07
STU-10391,-2.0150762377933873,-0.5969700225636618,-0.8015717092337918,0.10120481927710841,0.4506172839506175,-0.2,-0.7418640718944526,0.0,0.0,0.0,0.0,1.0,0.0,2.21
STU-10150,0.051738906972759666,-0.6193187923068663,0.02200392927308457,-0.5228915662650603,-0.37037037037037013,-0.4,-1.101761244130957,0.0,0.0,0.0,0.0,0.0,1.0,3.54
STU-10819,-0.8363885557649485,-0.6339314494466531,0.0,0.5228915662650602,-0.6172839506172839,0.0,-0.17631137266566105,1.0,1.0,0.0,0.0,0.0,0.0,3.88
STU-13044,0.22100394038033194,0.5273450091329106,-0.06601178781925343,0.13012048192771083,0.2469135802469138,1.8,-0.9372368225371265,1.0,0.0,0.0,0.0,1.0,0.0,4.14
STU-13150,-0.8548912112386505,-0.48694530998173413,-0.16188605108055001,0.44578313253012036,0.3580246913580247,-1.0,-1.2251545603263299,0.0,0.0,0.0,0.0,0.0,1.0,3.06
STU-13998,0.8864142538975492,0.07693134200064435,-0.35992141453831034,-0.2120481927710843,-0.8827160493827159,0.4,1.16044955278421,0.0,1.0,0.0,0.0,0.0,0.0,5.36
STU-14773,0.18948089772143129,0.5273450091329106,1.4396856581532422,1.0265060240963855,0.15432098765432098,0.2,0.7491384987996348,0.0,0.0,0.0,0.0,0.0,1.0,5.59
STU-10983,-0.3018673976357728,-0.4405286343612335,0.0,2.2048192771084336,0.3703703703703707,0.0,-0.8138435063417536,1.0,0.0,0.0,0.0,0.0,1.0,3.89
STU-12535,0.9988007538118888,0.5273450091329106,1.152062868369352,0.10120481927710841,0.5185185185185189,-0.8,0.0,1.0,0.0,1.0,0.0,0.0,0.0,5.58
STU-13433,0.6917937296556439,0.5273450091329106,1.5119842829076622,-0.08915662650602411,0.7839506172839503,0.4,0.7080073934011771,1.0,0.0,0.0,0.0,0.0,1.0,5.7
STU-13525,-0.5883159157101255,0.5273450091329106,-0.5249508840864441,-0.36626506024096395,1.0370370370370368,0.0,-0.6698846374471524,0.0,0.0,0.0,1.0,0.0,0.0,4.45
STU-12661,-0.34983724516018627,-1.1346298485011286,-1.3438113948919452,0.08192771084337346,-0.9259259259259258,0.0,0.008778601627397745,1.0,0.0,0.0,0.0,1.0,0.0,3.65
STU-14375,-0.20044543429844175,-0.929622864510584,0.25461689587426345,-0.7325301204819277,-0.32716049382716006,1.0,0.5434829718073467,1.0,0.0,0.0,0.0,1.0,0.0,3.58
STU-14895,-0.5519958882987841,0.5273450091329106,0.11159135559921429,0.7228915662650601,-1.4753086419753083,0.4,0.0807580360746988,0.0,0.0,0.0,1.0,0.0,0.0,4.1
STU-10569,0.4190508823025523,0.23294294616954989,0.8754420432220038,-0.2506024096385542,0.3765432098765434,0.4,0.0,0.0,0.0,0.0,0.0,0.0,1.0,4.36
STU-11512,-0.6198389583690262,0.07263350166541303,0.4196463654223969,-0.42891566265060244,-0.7160493827160489,-0.4,0.0,1.0,0.0,0.0,0.0,0.0,1.0,3.63
STU-14213,0.9988007538118888,0.5273450091329106,1.062475442043222,1.1927710843373491,-0.8271604938271604,1.0,0.7697040514988631,1.0,0.0,1.0,0.0,0.0,0.0,5.53
STU-13720,0.9069727599794404,0.5273450091329106,0.3677799607072692,-0.619277108433735,-0.48765432098765377,1.6,0.893097367694236,1.0,0.0,0.0,1.0,0.0,0.0,4.81
STU-10029,0.0,-0.21575158482862408,-0.2467583497053046,-0.04819277108433739,-0.2716049382716046,0.8,0.8416834859461642,1.0,1.0,0.0,0.0,0.0,0.0,5.46
STU-12412,0.21552167209182674,0.18953475878371107,-0.4306483300589392,0.6433734939759035,-0.24074074074074053,1.6,-0.906388493488283,0.0,0.0,0.0,1.0,0.0,0.0,3.64
STU-13213,0.8363885557649466,0.5273450091329106,0.9398821218074656,0.8650602409638554,0.16049382716049423,0.0,-0.011786951071830606,0.0,0.0,0.0,0.0,1.0,0.0,5.6
STU-12009,-0.5478841870824056,-0.08982486300633946,-0.4557956777996072,-1.033734939759036,-0.6296296296296293,-0.6,-0.052918056470288216,0.0,0.0,0.0,1.0,0.0,0.0,3.67
STU-11413,0.5842042144937462,-0.7259052326206082,-0.9477406679764244,-0.853012048192771,0.04320987654321005,-1.0,-0.9166712698378972,1.0,0.0,0.0,0.0,1.0,0.0,3.99
STU-11166,-0.5506253212266582,0.11131406468249659,0.4683693516699412,0.050602409638554204,0.4753086419753089,0.4,0.9136629203934643,1.0,0.0,0.0,0.0,1.0,0.0,4.71
STU-11681,0.9988007538118888,0.5273450091329106,1.1426326129666016,1.127710843373494,-1.141975308641975,-0.2,0.7285729461004056,1.0,0.0,0.0,0.0,1.0,0.0,5.58
STU-12452,0.8781908514647924,0.5273450091329106,0.34420432220039293,0.5542168674698792,0.17901234567901236,-0.6,1.088470118336909,1.0,0.0,0.0,0.0,0.0,1.0,5.51
STU-14924,-1.1468219976015084,-0.6261953368432366,-1.0294695481335954,-0.3204819277108434,0.15432098765432098,-1.0,-0.9372368225371265,1.0,0.0,0.0,1.0,0.0,0.0,2.29
STU-14579,-0.12369367825938028,-0.42978403352315464,-0.34106090373280945,0.4409638554216867,0.16049382716049423,-0.2,-0.41281522870679255,1.0,0.0,0.0,0.0,1.0,0.0,4.39
STU-14457,-0.5321226657529563,-0.9502524981196949,0.3944990176817289,-0.26024096385542167,-0.16049382716049368,-0.6,0.0,0.0,0.0,0.0,0.0,1.0,0.0,4.01
STU-14364,0.9988007538118888,-0.11045449661545106,-0.028290766208251432,0.0,0.0,0.2,-0.9680851515859699,0.0,1.0,0.0,0.0,0.0,0.0,5.0
STU-11055,0.9988007538118888,-0.5101536477919848,0.023575638506876287,0.24337349397590355,-0.6234567901234567,1.6,0.10132358877392715,0.0,1.0,0.0,0.0,0.0,0.0,3.99
STU-13064,-0.8165153332191197,0.07306328569893641,-0.4620825147347741,-0.32289156626506016,0.5679012345679016,0.8,0.1733030232212282,0.0,0.0,0.0,0.0,1.0,0.0,3.38
STU-11394,0.9988007538118888,0.5273450091329106,0.5139489194499018,0.0,0.0,0.8,0.0807580360746988,0.0,1.0,0.0,0.0,0.0,0.0,5.7
STU-11644,0.997430186739763,0.5273450091329106,1.2322200392927314,0.2771084337349396,0.7345679012345686,0.6,1.16044955278421,0.0,0.0,0.0,1.0,0.0,0.0,5.57
STU-14382,0.07915024841528093,0.5273450091329106,1.137917485265226,-0.9927710843373493,0.0802469135802474,0.6,0.11160636512354223,0.0,0.0,0.0,1.0,0.0,0.0,4.28
STU-12533,0.38958369025184086,0.5273450091329106,1.128487229862476,0.6554216867469881,-0.16666666666666638,0.0,-0.41281522870679255,0.0,0.0,0.0,0.0,1.0,0.0,4.14
STU-14602,0.9988007538118888,0.5273450091329106,0.7889980353634581,0.4265060240963854,-0.679012345679012,0.6,0.8108351568973208,1.0,0.0,0.0,0.0,0.0,1.0,5.23
STU-14563,0.18331334589686366,0.021489201676157733,0.7669941060903736,-0.5349397590361445,0.16049382716049423,0.4,0.759421275149249,0.0,0.0,0.0,0.0,0.0,1.0,4.97
STU-11186,-0.4259037176631843,-0.4383797141936179,0.10058939096267201,0.2361445783132529,0.01851851851851867,-0.6,-0.9475195988867406,0.0,0.0,0.0,0.0,1.0,0.0,4.21
STU-13173,-0.7692307692307697,-0.07349306973245978,-1.0467583497053048,1.7349397590361442,-0.5925925925925926,-0.2,0.5023518664088891,0.0,0.0,0.0,1.0,0.0,0.0,3.6
STU-11000,0.45400034264176703,-0.5462555066079299,-0.18546168958742631,0.7734939759036141,0.5308641975308643,0.6,0.8108351568973208,0.0,0.0,1.0,0.0,0.0,0.0,3.6
STU-12615,0.9988007538118888,0.5273450091329106,1.0388998035363461,-0.8168674698795181,-1.2716049382716046,-1.0,0.9856423548407653,0.0,0.0,0.0,0.0,0.0,1.0,5.3
STU-13043,-0.19222203186568487,-1.1101321585903088,-1.225933202357564,0.5373493975903613,-0.5061728395061724,0.0,-0.23800803076334703,0.0,0.0,0.0,1.0,0.0,0.0,2.26
STU-10604,-0.3292787390782941,-0.5402385301386057,-1.6172888015717093,-1.0674698795180722,-0.11728395061728364,0.0,-1.0503473623828843,0.0,0.0,0.0,0.0,1.0,0.0,3.1
STU-11332,-0.1161555593626868,-0.40055871924358044,0.0,0.11807228915662654,1.277777777777778,1.4,0.38924132656313043,0.0,0.0,0.0,0.0,0.0,1.0,4.9
STU-10937,0.6253212266575285,0.0,0.3803536345776032,0.06746987951807212,0.6358024691358032,0.6,0.2247169049693,0.0,0.0,0.0,0.0,0.0,1.0,5.22
STU-12933,0.3854719890354624,0.10701622434726529,0.6129666011787821,-0.7903614457831325,-0.35185185185185147,0.6,0.12188914147315641,0.0,0.0,0.0,0.0,1.0,0.0,3.54
STU-14079,-0.3148877848209706,0.5273450091329106,0.870726915520629,-0.5132530120481928,0.6728395061728394,1.8,0.1733030232212282,0.0,0.0,0.0,0.0,0.0,1.0,4.93
STU-12346,0.4485180743532628,0.5273450091329106,0.5092337917485267,0.43132530120481927,-0.6851851851851848,0.2,0.4509379846608173,0.0,0.0,0.0,1.0,0.0,0.0,4.58
STU-11829,0.9988007538118888,0.5273450091329106,0.8157170923379176,0.5373493975903613,-0.6975308641975307,1.8,0.9033801440438501,1.0,0.0,0.0,0.0,1.0,0.0,5.13
STU-12017,-0.5211581291759477,-1.0430858493606965,-1.7304518664047155,-0.007228915662650662,0.5679012345679016,-0.6,-0.6184707556990797,1.0,0.0,0.0,0.0,0.0,1.0,3.15
STU-14703,-0.3614870652732572,-0.11905017728591427,-0.3300589390962672,0.02891566265060243,-0.09876543209876497,0.4,-0.3614013469587199,0.0,0.0,0.0,0.0,1.0,0.0,3.82
STU-12576,0.5958540346068181,0.1697646932416462,-1.6880157170923382,0.525301204819277,0.746913580246914,1.0,-0.1454630436168176,0.0,0.0,1.0,0.0,0.0,0.0,3.83
STU-10271,0.4526297755696412,-0.04469753948640835,-1.1897838899803537,-0.5108433734939759,-0.7962962962962957,-0.2,-0.23800803076334703,0.0,0.0,0.0,1.0,0.0,0.0,3.04
STU-14384,0.724002055850607,0.5273450091329106,1.7383104125736741,0.272289156626506,-0.6419753086419747,-0.2,1.3249739743780404,0.0,0.0,0.0,0.0,1.0,0.0,5.82
STU-12479,-0.5149905773513801,0.08380788653701528,0.9335952848722987,1.619277108433735,0.41358024691358075,0.0,0.0,0.0,0.0,0.0,0.0,1.0,0.0,5.1
STU-14645,0.9988007538118888,0.5273450091329106,1.1489194499017685,0.0,-0.5679012345679012,0.2,0.6463107353034903,0.0,0.0,0.0,0.0,1.0,0.0,5.81
STU-14948,0.16275483981497246,0.114322552917159,0.49666011787819264,-0.5445783132530121,0.8024691358024695,1.0,0.6051796299050327,0.0,0.0,0.0,0.0,0.0,1.0,4.79
STU-13163,0.08257666609559595,-0.3674653486622971,-0.06286836935167,1.3710843373493973,-0.7654320987654316,-1.0,0.0,1.0,0.0,0.0,0.0,0.0,1.0,4.32
STU-14093,0.0,-0.872031804018481,-1.0058939096267192,0.6554216867469881,-0.5802469135802466,1.2,-1.0811956914317276,0.0,0.0,1.0,0.0,0.0,0.0,2.45
STU-12879,0.9988007538118888,0.11647147308477464,0.3332023575638509,-0.6530120481927711,0.8456790123456795,-1.0,0.0,0.0,0.0,1.0,0.0,0.0,0.0,5.12
STU-13389,-0.18605448004111821,-0.017621145374449806,-0.2231827111984283,-1.233734939759036,-0.6666666666666661,-0.6,0.7799868278484773,0.0,1.0,0.0,0.0,0.0,0.0,4.33
STU-12636,-0.5478841870824056,-0.11303320081659009,-0.2939096267190569,0.6554216867469881,-0.6172839506172839,0.0,-1.7392933778070494,0.0,0.0,0.0,0.0,0.0,1.0,3.23
STU-13747,0.15453143738221656,-0.6236166326420977,-0.5265225933202358,-0.38554216867469887,-0.3888888888888888,-1.0,-1.7084450487582061,0.0,1.0,0.0,0.0,0.0,0.0,3.03
STU-11240,-1.4318999486037354,0.062318684860857544,-0.22632612966601176,-0.6337349397590362,-0.27777777777777735,0.0,0.5846140772058044,0.0,0.0,0.0,0.0,1.0,0.0,3.82
STU-11992,0.25389755011135745,0.5273450091329106,0.7339882121807467,1.3662650602409636,0.14197530864197555,-1.0,0.5332001954577326,0.0,0.0,0.0,1.0,0.0,0.0,5.36
STU-13041,0.0,0.5273450091329106,0.9445972495088409,0.2867469879518071,-0.8456790123456784,1.4,-0.7110157428456101,1.0,0.0,0.0,0.0,0.0,1.0,5.49
STU-12922,0.4149391810861739,0.5273450091329106,0.550098231827112,0.24337349397590355,-0.10493827160493822,1.0,1.222146210881897,0.0,0.0,0.0,1.0,0.0,0.0,5.79
STU-10247,-0.5506253212266582,-0.3004190394326855,-0.42593320235756377,-0.39036144578313253,0.6172839506172839,-1.0,-0.3819668996579491,0.0,1.0,0.0,0.0,0.0,0.0,3.96
STU-13910,-0.10656158985780413,-0.1671859890405072,-0.2216110019646366,-0.0048192771084338455,0.0,-0.2,0.15273747052199985,0.0,0.0,1.0,0.0,0.0,0.0,3.45
STU-12667,-0.39369539146822025,0.3292145696787363,0.014145383104125716,0.05301204819277102,-0.45061728395061695,0.4,-1.8832522467016506,0.0,1.0,0.0,0.0,0.0,0.0,3.2
STU-11283,-0.523213979784136,-0.1843773503814336,0.08330058939096259,-0.30843373493975906,0.6728395061728394,-0.6,0.039626930676241186,0.0,0.0,0.0,1.0,0.0,0.0,3.29
STU-13611,-0.14767860202158747,0.5273450091329106,0.7151277013752455,1.5638554216867468,0.4074074074074075,-0.8,-0.2585735834625763,0.0,0.0,0.0,1.0,0.0,0.0,4.14
STU-13300,-0.45468562617783137,0.1848071344149564,0.21689587426326146,2.3132530120481927,-1.111111111111111,-1.0,0.5948968535554185,1.0,0.0,0.0,0.0,0.0,1.0,4.57
STU-12113,-0.46907658043515593,-0.19168367895132732,-0.913163064833006,0.4481927710843372,0.20370370370370375,0.2,-0.772712400943296,1.0,0.0,1.0,0.0,0.0,0.0,3.76
STU-11603,0.669864656501627,0.4319329536907703,1.1552062868369353,-0.16144578313253008,-1.6975308641975309,0.2,-0.0015041747222164304,1.0,1.0,0.0,0.0,0.0,0.0,5.13
STU-14963,-1.6066472502998124,-0.17621145374449376,-0.19332023575638516,-0.1253012048192772,-0.14197530864197502,2.6,-2.191735537190082,0.0,0.0,0.0,0.0,1.0,0.0,2.21
STU-13235,0.03871851978756097,0.5273450091329106,0.5249508840864441,-0.2506024096385542,-0.9259259259259258,0.4,0.5229174191081175,0.0,0.0,0.0,1.0,0.0,0.0,5.16
STU-10316,-0.12643481240363288,-0.9244654561083059,-0.13988212180746573,-0.3542168674698796,-1.9259259259259256,0.6,0.7388557224500197,0.0,1.0,0.0,0.0,0.0,0.0,4.64
STU-13393,-0.043515504540003774,-0.8608574191468789,-0.6601178781925345,-1.0096385542168675,1.4876543209876543,-0.8,0.20415135227007164,0.0,0.0,1.0,0.0,0.0,0.0,3.35
STU-14178,-0.3676546170978248,0.46502632427205304,-0.5658153241650296,-0.31807228915662655,1.8148148148148155,0.4,0.6154624062546469,1.0,0.0,0.0,0.0,0.0,1.0,4.68
STU-11082,-0.22237450745245874,-0.08552702267110816,0.15559921414538316,0.5566265060240965,-0.944444444444444,0.2,0.49206909005927496,1.0,0.0,0.0,0.0,0.0,1.0,4.69
STU-11054,0.5561075895151615,0.5273450091329106,0.7104125736738707,0.03614457831325288,-0.5246913580246911,-1.0,0.8314007095965491,0.0,0.0,0.0,0.0,1.0,0.0,5.31
STU-11661,0.03529210210724593,0.4637369721714835,0.5045186640471515,-0.26024096385542167,-0.8209876543209871,-1.0,0.11160636512354223,1.0,1.0,0.0,0.0,0.0,0.0,4.95
STU-11658,0.12712009593969434,0.5273450091329106,-0.059724950884086296,-0.5734939759036145,1.2345679012345678,0.4,-0.23800803076334703,1.0,0.0,0.0,0.0,1.0,0.0,5.22
STU-13002,0.3039232482439601,0.5273450091329106,0.5029469548133598,0.40481927710843363,0.209876543209877,-0.8,0.44065520831120225,0.0,0.0,0.0,0.0,0.0,1.0,4.79
STU-11422,0.056535891725200516,0.47706027721070143,1.3626719056974461,-0.527710843373494,-0.5987654320987652,1.2,1.3249739743780404,1.0,1.0,0.0,0.0,0.0,0.0,5.29
STU-10370,-0.7178345040260413,-0.23466208230364277,-0.12416502946954802,1.544578313253012,-1.111111111111111,-0.2,-0.7829951772929102,0.0,0.0,0.0,0.0,1.0,0.0,3.22
STU-13981,-0.7918451259208502,-1.0095626947458907,-0.1100196463654223,0.0,0.0,-1.0,-1.0709129150821135,0.0,0.0,0.0,0.0,0.0,1.0,2.81
STU-13827,0.0,-0.6395186418824546,-0.650687622789784,-0.09397590361445796,0.5679012345679016,0.6,0.2247169049693,1.0,0.0,0.0,1.0,0.0,0.0,4.63
STU-12603,0.33133458968648233,-0.4581497797356833,-0.33320235756385064,0.27951807228915665,-0.339506172839506,0.2,-0.6801674137967666,0.0,0.0,1.0,0.0,0.0,0.0,3.14
STU-11033,-0.31009080006852874,0.07220371763188967,-0.12259332023575631,-0.5590361445783133,-0.8024691358024689,2.0,-1.0503473623828843,0.0,0.0,0.0,1.0,0.0,0.0,3.49
STU-10996,-0.5163611444235059,-2.0573761684753413,-1.3296660117878196,0.23855421686746991,0.06790123456790143,-0.2,-1.0092162569844265,1.0,0.0,0.0,1.0,0.0,0.0,1.92
STU-14076,0.3854719890354624,-0.8350703771354898,-0.2687622789783889,1.392771084337349,1.1790123456790123,0.2,1.0576217892880664,1.0,0.0,0.0,0.0,0.0,1.0,4.43
STU-13222,-0.457426760322084,0.04942516385516242,-0.2907662082514735,0.019277108433734955,0.5185185185185189,0.6,-0.032352503771059866,1.0,0.0,0.0,0.0,0.0,1.0,4.01
STU-14381,0.9988007538118888,-0.22778553776727184,0.5218074656188606,-1.0433734939759036,-0.5246913580246911,0.4,0.7182901697507914,0.0,0.0,0.0,0.0,1.0,0.0,5.24
STU-14410,0.4060304951173536,-0.5608681637477166,-0.8707269155206289,0.36144578313253006,-1.3271604938271602,0.4,0.2658480103677576,1.0,0.0,0.0,0.0,0.0,1.0,3.75
STU-12755,-0.06612986123008514,-0.09412270334157077,0.24990176817288803,-0.9277108433734941,0.0,-0.6,0.09104081242431297,1.0,0.0,0.0,0.0,0.0,1.0,4.95
STU-12921,0.33064930615041893,0.5273450091329106,-0.028290766208251432,1.1590361445783133,0.11111111111111148,0.4,0.3275446684654445,0.0,0.0,0.0,1.0,0.0,0.0,4.04
STU-11331,0.9988007538118888,0.5273450091329106,1.111198428290766,0.10843373493975907,0.6913580246913585,0.2,-0.24829080711296211,0.0,1.0,0.0,0.0,0.0,0.0,5.41
STU-10421,-0.11272914168237178,-0.3936821747072101,-1.0860510805500985,-0.19277108433734935,0.5925925925925931,0.6,-1.5542034035139898,0.0,0.0,0.0,0.0,1.0,0.0,2.25
STU-14577,0.9988007538118888,0.5273450091329106,0.42436149312377236,-0.253012048192771,0.3148148148148152,-0.6,0.28641356306698684,1.0,0.0,0.0,1.0,0.0,0.0,4.62
STU-14238,-0.31077608360459213,-0.35371225958955643,-0.05500982318271115,-0.9277108433734941,0.7530864197530868,-0.4,-1.8626866940024218,1.0,0.0,0.0,0.0,0.0,1.0,2.97
STU-11600,-0.4875792359088579,0.5273450091329106,0.9037328094302558,0.45542168674698785,1.1296296296296295,-1.0,0.7902696041980924,0.0,0.0,0.0,1.0,0.0,0.0,4.88
STU-14943,0.6705499400376893,-0.2256366175996562,-0.4510805500982318,-0.4987951807228916,-0.4197530864197529,0.4,0.9753595784911512,1.0,0.0,0.0,0.0,1.0,0.0,4.16
STU-10619,0.639712180914853,-0.47706027721070204,-0.39921414538310407,-0.6867469879518072,0.5555555555555557,-0.8,0.0,1.0,0.0,0.0,1.0,0.0,0.0,4.03
STU-14433,0.9988007538118888,0.5273450091329106,1.1300589390962672,1.414457831325301,0.4814814814814816,-0.2,1.088470118336909,1.0,0.0,0.0,1.0,0.0,0.0,5.93
STU-13884,-1.1475072811375708,-0.7095734393467286,-0.42907662082514747,0.5951807228915663,0.746913580246914,0.2,-0.4025324523571775,0.0,0.0,0.0,0.0,0.0,1.0,2.39
STU-14729,-1.6306321740620187,-1.1324809283335127,-1.2589390962671907,0.272289156626506,-0.11728395061728364,1.4,-0.6287535320486948,0.0,0.0,1.0,0.0,0.0,0.0,2.11
STU-12467,-0.41973616583861667,0.5273450091329106,0.40707269155206294,-0.26024096385542167,0.40123456790123474,-0.2,-0.042635280120674045,0.0,0.0,0.0,0.0,0.0,1.0,3.9
STU-10101,-0.49717320541374055,-1.0001074460083812,-0.14145383104125744,-0.274698795180723,1.0246913580246915,0.2,-0.32027024156026224,0.0,0.0,0.0,1.0,0.0,0.0,2.76
STU-10528,0.7061846839129684,0.27506178145481863,1.0341846758349706,0.6939759036144575,-0.018518518518518122,-0.6,0.19386857592045748,1.0,0.0,0.0,1.0,0.0,0.0,5.2
STU-10020,-0.9343841014219636,-0.41860964865155303,-1.0907662082514735,0.9012048192771084,-0.2716049382716046,-1.0,0.0,1.0,0.0,0.0,0.0,1.0,0.0,2.66
STU-12955,-0.6849408942950148,0.0,0.8770137524557958,-0.7397590361445783,-1.4691358024691357,1.0,0.8314007095965491,1.0,0.0,0.0,0.0,0.0,1.0,4.56
STU-14925,-0.48141168408429025,-0.14225851509616427,-0.8188605108055012,-0.0240963855421688,-0.8271604938271604,0.2,-0.7315812955448384,1.0,0.0,0.0,0.0,0.0,1.0,4.01
STU-10460,0.03734795271543515,-0.005587192435801426,-0.48408644400785866,1.2554216867469876,0.506172839506173,0.6,-1.6261828379612908,0.0,0.0,0.0,0.0,0.0,1.0,3.68
STU-12723,-0.28405002569813326,0.0,0.4086444007858546,-0.8746987951807229,0.06790123456790143,0.4,-0.07348360916951749,0.0,0.0,0.0,1.0,0.0,0.0,3.84
STU-12794,-1.2921021072468746,-0.5935317502954767,-1.2479371316306485,1.1469879518072288,1.055555555555556,1.0,-0.7212985191952243,0.0,0.0,1.0,0.0,0.0,0.0,2.07
STU-11300,0.4478327908171994,0.48995379821639595,0.29233791748526516,1.2843373493975903,1.7777777777777781,-0.6,0.6668762880027196,0.0,0.0,1.0,0.0,0.0,0.0,4.48
STU-11654,-0.9460339215350355,-0.3408187385838619,-0.1100196463654223,0.2265060240963854,-0.24074074074074053,-0.2,-1.6878794960589767,0.0,0.0,0.0,1.0,0.0,0.0,3.57
STU-13722,-0.34572554394380783,0.022778553776727245,-0.9870333988212181,0.8554216867469876,0.5802469135802472,0.6,-0.47451188680447853,1.0,0.0,0.0,1.0,0.0,0.0,3.74
STU-13399,-0.5252698303923252,-0.8359299452025359,-0.5563850687622789,0.024096385542168586,0.3148148148148152,-0.8,-0.9269540461875123,0.0,0.0,0.0,0.0,0.0,1.0,2.95
STU-12588,-1.585403460681858,-0.9360696250134308,-0.8864440078585463,1.214457831325301,1.123456790123457,-0.2,-0.011786951071830606,0.0,0.0,0.0,1.0,0.0,0.0,2.63
STU-12027,-1.0392324824396098,-1.8927688836359733,-1.5214145383104127,-0.3012048192771084,0.7592592592592595,-0.6,-0.5464913212517796,1.0,1.0,0.0,0.0,0.0,0.0,2.07
STU-13832,-0.183998629432929,-0.07993983023530674,-0.43693516699410606,-0.45542168674698796,-0.7345679012345675,-1.0,0.13217191782277057,0.0,1.0,0.0,0.0,0.0,0.0,3.72
STU-13383,0.9988007538118888,0.5273450091329106,0.894302554027505,0.01445783132530111,-0.2592592592592592,2.2,0.18358579957084237,0.0,0.0,0.0,0.0,1.0,0.0,5.09
STU-10083,-1.0412883330477989,-0.10228859997851122,-1.1096267190569746,-0.6987951807228916,1.8765432098765435,0.6,-0.2071597017145045,0.0,0.0,0.0,1.0,0.0,0.0,3.62
STU-12205,-0.6116155559362694,-0.02019984957558822,-0.05500982318271115,0.3855421686746987,0.8641975308641977,-0.6,-0.3614013469587199,0.0,1.0,0.0,0.0,0.0,0.0,4.32
STU-12528,-1.3167723145451442,-0.27420221338777306,-0.8235756385068764,0.4674698795180721,0.4629629629629629,0.8,1.3249739743780404,1.0,0.0,0.0,0.0,1.0,0.0,4.36
STU-10129,-0.10861744046599334,0.007736112603416466,-0.14616895874263258,-0.4168674698795181,-0.6666666666666661,1.0,0.3275446684654445,1.0,1.0,0.0,0.0,0.0,0.0,4.47
STU-13907,0.15521672091827898,0.39153325453959387,1.0593320235756387,-0.47710843373493983,-0.3641975308641974,-1.0,0.10132358877392715,0.0,0.0,0.0,0.0,0.0,1.0,4.57
STU-12200,-1.4593112900462577,-1.5691415063930378,-0.8031434184675835,-0.1253012048192772,0.2407407407407411,0.8,0.15273747052199985,0.0,0.0,1.0,0.0,0.0,0.0,2.55
STU-14865,0.9988007538118888,0.5273450091329106,0.9131630648330061,0.10120481927710841,-0.5740740740740738,1.8,1.2529945399307394,0.0,0.0,0.0,1.0,0.0,0.0,5.98
STU-10640,-1.073496659242762,-0.49983883098742926,-0.4196463654223969,-0.9662650602409637,0.4506172839506175,0.0,-0.9578023752363548,1.0,0.0,1.0,0.0,0.0,0.0,3.41
STU-14297,0.28816172691450975,-0.44009885032771073,-0.4165029469548135,0.5180722891566263,-0.46913580246913567,0.4,-0.27913913616180464,1.0,0.0,1.0,0.0,0.0,0.0,3.39
STU-13846,-0.0935412026726064,-0.6068550553346945,-0.38506876227897835,0.6771084337349398,-0.5246913580246911,-0.2,1.3249739743780404,1.0,0.0,0.0,0.0,1.0,0.0,3.98
STU-10221,-0.2429330135343509,-0.10486730417964964,-0.5642436149312378,0.34216867469879514,0.7530864197530868,-0.6,-1.184023454927872,0.0,0.0,1.0,0.0,0.0,0.0,2.83
STU-12941,0.9988007538118888,0.5273450091329106,0.5548133595284872,-0.5469879518072289,1.7098765432098761,0.2,1.2015806581826676,1.0,0.0,1.0,0.0,0.0,0.0,6.17
STU-11935,0.4862086688367301,0.5273450091329106,0.7104125736738707,0.4144578313253011,0.6481481481481486,-0.8,0.9445112494423078,0.0,0.0,0.0,1.0,0.0,0.0,5.64
STU-10821,-1.5175603906116162,-1.2867733963683252,-1.4271119842829079,-0.10602409638554225,-0.5432098765432097,0.2,-0.8446918353905971,0.0,0.0,0.0,1.0,0.0,0.0,2.62
STU-10244,-0.9110844611958208,-0.5178897603954012,-1.4412573673870337,-0.5084337349397591,0.3209876543209879,2.2,-0.10433193821836001,0.0,0.0,1.0,0.0,0.0,0.0,2.61
STU-11446,-0.6753469247901331,-0.4641667562050069,-0.22789783889980347,1.0722891566265058,-0.6666666666666661,0.4,0.2761307867173727,1.0,0.0,0.0,0.0,0.0,1.0,4.85
STU-11875,-1.4147678602021592,0.0,-0.9461689587426327,-0.17590361445783143,-0.15432098765432098,0.0,-0.7932779536425244,1.0,1.0,0.0,0.0,0.0,0.0,3.6
STU-10834,-0.3964365256124729,-0.20242827978940617,-0.3489194499017683,0.0,0.7654320987654322,-0.4,-0.4436635577556351,1.0,0.0,1.0,0.0,0.0,0.0,3.49
STU-14856,-1.2763405859174242,-1.1062641022886002,-1.2762278978389,-0.3373493975903615,0.16049382716049423,0.6,-1.3896789819201594,0.0,1.0,0.0,0.0,0.0,0.0,1.63
STU-11592,-0.4032893609731029,-0.4792091973783177,0.0,0.2819277108433735,0.4074074074074075,-1.0,0.0,1.0,1.0,0.0,0.0,0.0,0.0,4.29
STU-13379,0.9988007538118888,0.5273450091329106,2.008644400785855,-1.1325301204819276,0.41358024691358075,1.4,0.4509379846608173,0.0,0.0,0.0,0.0,0.0,1.0,5.96
STU-12756,0.9988007538118888,0.4856559578811646,0.0,0.7638554216867469,-0.05555555555555546,-0.4,-0.07348360916951749,1.0,0.0,1.0,0.0,0.0,0.0,5.05
STU-13634,0.43549768716806503,-0.3287847856452136,-0.8848722986247546,1.848192771084337,0.0864197530864201,0.4,-0.8138435063417536,1.0,0.0,0.0,0.0,0.0,1.0,4.52
STU-10054,-0.3203700531094748,-0.15257333190071978,-1.5889980353634579,-0.4168674698795181,-0.16049382716049368,0.0,-1.307416771123244,0.0,1.0,0.0,0.0,0.0,0.0,3.87
STU-14040,0.0,-1.2369184484796392,-0.2813359528487229,0.7493975903614456,0.8888888888888896,0.4,0.7285729461004056,1.0,0.0,0.0,0.0,0.0,1.0,3.63
STU-13307,-0.006510193592599833,0.5273450091329106,-0.2829076620825146,0.3373493975903613,-0.14197530864197502,-0.6,-0.0015041747222164304,0.0,1.0,0.0,0.0,0.0,0.0,4.0
STU-12397,0.8939523727942427,0.0,0.1948919449901769,1.544578313253012,0.2469135802469138,0.4,0.7080073934011771,0.0,0.0,0.0,0.0,0.0,1.0,4.62
STU-10851,-0.1627548398149744,0.5273450091329106,0.9115913555992141,-1.086746987951807,-0.5493827160493825,0.2,0.5948968535554185,1.0,0.0,0.0,1.0,0.0,0.0,5.33
STU-14889,0.9988007538118888,0.5273450091329106,2.362278978388998,-1.1180722891566266,-0.5246913580246911,0.6,1.3249739743780404,0.0,0.0,0.0,1.0,0.0,0.0,5.82
STU-13479,0.869282165495973,0.5273450091329106,0.0,0.35662650602409623,-0.2654320987654319,1.2,-0.2071597017145045,1.0,0.0,0.0,0.0,1.0,0.0,4.4
STU-10201,0.12780537947575774,0.5273450091329106,0.21846758349705317,-0.4843373493975904,-1.3209876543209873,0.6,0.9445112494423078,0.0,0.0,0.0,0.0,0.0,1.0,5.46
STU-10155,-0.42179201644680586,-0.012893521005694518,-0.18860510805500974,2.453012048192771,0.5000000000000002,0.8,-0.8138435063417536,1.0,0.0,0.0,0.0,0.0,1.0,3.94
STU-11902,-0.5143052938153168,-1.8639733533899219,-1.5889980353634579,0.4385542168674697,-0.23456790123456783,0.2,-1.29713399477363,0.0,0.0,0.0,0.0,0.0,1.0,3.04
STU-14216,0.2052424190508816,0.48092833351240993,-0.906876227897839,-0.19759036144578318,0.38888888888888934,0.4,-0.6493190847479232,0.0,0.0,1.0,0.0,0.0,0.0,3.0
STU-14326,-0.22305979098852213,0.5273450091329106,0.22789783889980375,-0.2240963855421688,0.6296296296296293,0.4,0.5023518664088891,0.0,0.0,0.0,1.0,0.0,0.0,4.52
STU-14553,-0.8829878362172352,0.0,0.0,0.08915662650602411,0.012345679012345963,-0.6,-0.2997046888610339,0.0,0.0,0.0,0.0,0.0,1.0,3.06
STU-13001,0.9988007538118888,0.2535725797786609,0.4793713163064835,0.03614457831325288,-0.6666666666666661,0.6,0.8211179332469349,0.0,0.0,0.0,0.0,0.0,1.0,4.73
STU-13645,-0.6890525955113933,0.0,-0.015717092337917432,0.378313253012048,0.024691358024691377,0.4,-0.10433193821836001,0.0,0.0,0.0,0.0,0.0,1.0,3.39
STU-11856,0.9988007538118888,0.231223810035457,0.4825147347740669,-0.6819277108433734,0.5987654320987658,0.4,0.6257451826042619,0.0,0.0,0.0,0.0,0.0,1.0,5.26
STU-10957,-1.0810347781394556,-0.17535188567744703,-0.5186640471512769,-0.8578313253012048,1.5555555555555551,-0.4,0.7799868278484773,1.0,0.0,0.0,0.0,1.0,0.0,4.61
STU-13536,0.0,0.5273450091329106,1.2055009823182714,-0.5397590361445783,-0.1728395061728391,1.4,1.3249739743780404,0.0,0.0,1.0,0.0,0.0,0.0,5.86
STU-11349,-0.1737193763919829,-0.11389276888363623,0.5296660117878195,1.7975903614457827,-0.37654320987654283,0.2,-0.17631137266566105,1.0,0.0,0.0,0.0,0.0,1.0,4.12
STU-13499,-0.5773513791331171,-0.23337273020307325,-0.5045186640471512,-0.5686746987951807,-1.0617283950617282,-0.2,0.23499968131891508,0.0,1.0,0.0,0.0,0.0,0.0,3.25
STU-11556,0.30255268117183426,-0.08165896636939962,0.9414538310412576,-0.04337349397590376,-0.604938271604938,-0.4,1.0267734602392231,0.0,0.0,0.0,1.0,0.0,0.0,4.81
STU-10977,-0.5588487236594151,0.07134414956484353,0.6286836935166998,-0.8,-0.4012345679012342,-0.8,-0.052918056470288216,1.0,0.0,0.0,0.0,1.0,0.0,4.12
STU-10406,0.9988007538118888,0.5273450091329106,1.4318271119842834,0.0,-0.6358024691358021,0.8,0.4303724319615881,0.0,0.0,0.0,1.0,0.0,0.0,5.13
STU-10253,0.4156244646222363,0.34382722681852373,0.9335952848722987,1.5228915662650602,-0.5061728395061724,0.2,1.0267734602392231,0.0,0.0,1.0,0.0,0.0,0.0,4.23
STU-14201,-0.7383930101079325,-0.805845062855915,0.6019646365422398,-0.4626506024096386,-0.32716049382716006,1.0,-0.5876224266502372,0.0,0.0,1.0,0.0,0.0,0.0,4.01
STU-13951,-1.5518245674147684,-1.5089717416997963,-0.4903732809430255,0.6433734939759035,-0.6728395061728394,0.2,0.759421275149249,1.0,0.0,0.0,1.0,0.0,0.0,2.83
STU-12082,0.07640911427102928,0.0,0.9257367387033398,-0.23614457831325308,-0.5802469135802466,0.4,0.0,1.0,0.0,0.0,0.0,1.0,0.0,4.15
STU-14719,-0.8206270344354982,0.07650155796712158,0.0,0.3204819277108434,-1.1975308641975304,-1.0,-0.47451188680447853,1.0,1.0,0.0,0.0,0.0,0.0,4.41
STU-13085,-0.17714579407229794,-0.12205866552057607,-1.0609037328094304,-0.9975903614457832,0.814814814814815,0.0,-0.7007329664959949,0.0,0.0,0.0,0.0,1.0,0.0,2.82
STU-10933,0.5376049340414586,-0.3519931234554636,-0.6805500982318272,-1.0168674698795181,-0.8888888888888885,-0.4,0.5846140772058044,0.0,0.0,1.0,0.0,0.0,0.0,4.25
STU-10487,0.1449374678773339,0.5273450091329106,0.6428290766208256,-0.1855421686746989,0.2530864197530865,0.0,0.7182901697507914,0.0,0.0,0.0,1.0,0.0,0.0,4.8
STU-14928,0.48826451944491933,0.45428172343397416,-0.3049115913555992,-0.4120481927710843,0.5740740740740744,-1.0,-0.6081879793494656,0.0,0.0,0.0,0.0,0.0,1.0,5.29
STU-12906,-1.426417680315231,-0.9708821317288064,-0.5579567779960707,-0.672289156626506,0.14814814814814828,0.8,-0.9372368225371265,1.0,0.0,0.0,0.0,0.0,1.0,3.25
STU-10388,0.5280109645365759,0.5273450091329106,-0.6113948919449904,-0.636144578313253,-1.2222222222222219,0.2,-0.37168412330833495,1.0,0.0,0.0,0.0,0.0,1.0,4.2
STU-12324,0.3731368853863281,0.0,-1.0593320235756387,0.012048192771084293,0.8765432098765431,1.0,0.564048524506575,1.0,0.0,0.0,0.0,1.0,0.0,4.1
STU-10648,0.12712009593969434,0.38293757386913063,0.1964636542239686,-0.04337349397590376,1.2345679012345678,0.4,1.3249739743780404,0.0,0.0,0.0,0.0,1.0,0.0,4.98
STU-13259,0.6308034949460328,-1.3164284946814229,-0.30333988212180746,-0.23132530120481926,0.15432098765432098,0.8,-0.18659414901527524,0.0,0.0,0.0,0.0,1.0,0.0,3.31
STU-14330,0.9988007538118888,-0.10615665628021916,0.4432220039292732,-0.13253012048192767,0.5370370370370371,0.2,0.3686757738639021,0.0,0.0,1.0,0.0,0.0,0.0,4.7
STU-12681,-0.3827308548912118,0.278070269689481,-0.17445972495088402,0.6409638554216868,-0.34567901234567877,1.2,0.2658480103677576,0.0,1.0,0.0,0.0,0.0,0.0,4.85
STU-11975,0.9988007538118888,0.0,-1.0357563850687623,0.4867469879518071,0.5432098765432103,0.0,-1.0811956914317276,0.0,0.0,0.0,0.0,1.0,0.0,3.61
STU-14274,0.0,0.5273450091329106,-0.9414538310412576,-0.26024096385542167,-0.06172839506172817,0.4,-1.1223267968301853,0.0,0.0,0.0,0.0,0.0,1.0,3.19
STU-12350,0.6479355833476089,0.0,-0.6585461689587426,0.3108433734939759,-1.0555555555555554,-0.8,0.5332001954577326,0.0,1.0,0.0,0.0,0.0,0.0,3.98
STU-11964,0.2909028610587624,0.5273450091329106,0.2860510805500983,0.05783132530120486,1.012345679012346,0.2,-0.4539463341052502,0.0,0.0,0.0,0.0,0.0,1.0,4.53
STU-11617,-0.41425389755011244,0.5273450091329106,0.30019646365422403,-0.32289156626506016,0.13580246913580285,0.2,0.0,0.0,0.0,0.0,1.0,0.0,0.0,4.35
STU-14088,0.6890525955113923,0.5273450091329106,0.7795677799607073,-0.636144578313253,-1.1481481481481477,-0.8,0.33782744481505866,0.0,0.0,0.0,0.0,1.0,0.0,5.37
STU-10841,0.02569813260236325,0.2724830772536796,0.35520628683693517,0.0,-0.5061728395061724,-0.4,1.3249739743780404,1.0,0.0,0.0,1.0,0.0,0.0,4.5
STU-10509,0.7541545314373819,0.2604491243150318,-0.3457760314341846,0.8337349397590359,0.012345679012345963,-0.6,-0.8035607299921395,0.0,1.0,0.0,0.0,0.0,0.0,4.82
STU-11876,0.1565872879904048,0.34339744278500034,0.11316306483300602,0.45783132530120463,-1.1604938271604937,-0.2,0.6565935116531045,1.0,0.0,0.0,0.0,1.0,0.0,4.21
STU-12143,-0.4313859859516886,-1.0766090039755025,-0.25147347740667975,0.2265060240963854,-0.16666666666666638,-0.4,-0.5156429922029362,0.0,0.0,1.0,0.0,0.0,0.0,3.1
STU-12120,0.09628233681685708,-0.12119909745352993,0.10373280943025544,-0.014457831325301323,-0.296296296296296,1.0,-0.30998746521064807,1.0,0.0,0.0,0.0,1.0,0.0,3.98
STU-14909,0.17440465992804435,0.37992908563446826,0.36306483300589404,-0.01686746987951814,-0.14814814814814772,0.0,0.19386857592045748,1.0,0.0,0.0,0.0,1.0,0.0,4.62
STU-13063,-0.06887099537433679,-0.3231975932094127,-0.1964636542239686,0.4120481927710843,0.049382716049382755,-0.4,-0.6493190847479232,0.0,0.0,0.0,0.0,1.0,0.0,3.58
STU-13938,0.9988007538118888,-0.012033952938648378,0.059724950884086574,-0.19277108433734935,0.0802469135802474,-0.2,0.8108351568973208,0.0,0.0,0.0,0.0,0.0,1.0,5.0
STU-14160,-0.9905773513791339,-0.40614591167938124,-0.5312377210216109,0.9012048192771084,-0.987654320987654,-0.4,-1.6467483906605191,0.0,0.0,1.0,0.0,0.0,0.0,2.53
STU-10314,0.8418708240534508,0.26431718061673976,0.8502946954813364,1.344578313253012,0.7098765432098767,1.4,-0.02206972742144478,1.0,0.0,0.0,0.0,0.0,1.0,5.3
STU-14997,0.5629604248757916,0.5273450091329106,0.8172888015717096,0.8939759036144576,0.0,-0.8,0.13217191782277057,0.0,0.0,0.0,0.0,1.0,0.0,5.33
STU-13723,-0.35257837930443786,0.2604491243150318,0.6506876227897838,0.6843373493975903,0.4506172839506175,-0.4,1.3249739743780404,1.0,0.0,0.0,1.0,0.0,0.0,5.35
STU-10858,-1.1968476957341112,-0.4495540990652201,-0.6208251473477406,0.27951807228915665,-0.14197530864197502,-1.0,-0.5567740976013937,0.0,0.0,0.0,0.0,0.0,1.0,3.5
STU-14322,0.8829878362172342,0.5273450091329106,0.8157170923379176,0.16867469879518074,0.10493827160493877,0.2,0.6360279589538761,1.0,0.0,0.0,0.0,0.0,1.0,4.94
STU-10682,-0.07092684598252601,-0.23810035457182793,-1.439685658153242,-0.6048192771084338,0.11111111111111148,0.6,0.28641356306698684,0.0,0.0,0.0,0.0,0.0,1.0,2.89
STU-10318,-0.7109816686654112,-0.06360803696142706,-0.47308447937131637,-1.1397590361445784,-0.7962962962962957,-1.0,-0.0015041747222164304,0.0,0.0,0.0,0.0,0.0,1.0,4.02
STU-12616,0.8062360801781727,0.49253250241753493,0.06129666011787829,-0.3831325301204819,0.4814814814814816,0.2,-0.17631137266566105,0.0,0.0,0.0,1.0,0.0,0.0,5.21
STU-11488,-0.6691793729655655,-0.6674546040614592,-0.40078585461689575,0.9349397590361442,-0.6728395061728394,0.2,-0.6390363083983089,0.0,0.0,0.0,0.0,1.0,0.0,3.09
STU-14590,-0.8233681685797508,0.5273450091329106,-1.1724950884086447,0.10120481927710841,-0.45061728395061695,0.4,0.0,1.0,0.0,1.0,0.0,0.0,0.0,2.81
STU-13622,-1.3188281651533325,-1.747501880305147,-1.0499017681728882,0.24096385542168672,0.0,0.2,-0.9269540461875123,0.0,0.0,1.0,0.0,0.0,0.0,2.28
STU-12579,-0.21483638855576528,-0.1272160739228541,0.17445972495088402,0.3734939759036144,0.8518518518518523,0.6,0.039626930676241186,1.0,0.0,0.0,0.0,0.0,1.0,4.54
STU-10066,0.0,-0.005157408402278052,-0.006286836935166861,-1.1831325301204818,0.34567901234567927,0.0,-0.042635280120674045,0.0,0.0,0.0,0.0,0.0,1.0,4.12
STU-13358,-0.4916909371252363,-0.15472225206833604,-0.5893909626719058,1.450602409638554,-0.6172839506172839,0.2,-0.3408357942594915,1.0,0.0,0.0,0.0,1.0,0.0,3.21
STU-10285,-0.8596881959910924,-0.6601482754915655,-1.33909626719057,0.2674698795180721,-1.9135802469135799,-1.0,-1.4513756400178461,0.0,0.0,0.0,1.0,0.0,0.0,2.25
STU-14181,-1.4236765461709786,-0.8097131191576235,-1.0451866404715129,-0.9349397590361445,-0.08641975308641955,0.4,-0.3819668996579491,0.0,0.0,0.0,0.0,0.0,1.0,2.58
STU-12777,0.18262806236080123,0.14612657139787222,0.06286836935167,0.2987951807228916,-0.48765432098765377,-0.6,-0.15574581996643272,1.0,0.0,0.0,0.0,1.0,0.0,3.74
STU-11861,-0.5424019187939013,-1.5493714408509727,-0.8172888015717094,-0.5734939759036145,0.7901234567901241,-1.0,1.3249739743780404,0.0,0.0,0.0,1.0,0.0,0.0,4.23
STU-12972,-1.6306321740620187,-0.988933061136779,-1.4475442043222009,0.0,-0.7654320987654316,-0.2,-0.4025324523571775,1.0,0.0,0.0,0.0,0.0,1.0,3.01
STU-14391,-1.024156244646223,-0.3674653486622971,-0.048722986247544293,0.6939759036144575,-0.5925925925925926,0.4,-0.4539463341052502,1.0,0.0,0.0,1.0,0.0,0.0,3.06
STU-11381,0.12506424533150512,0.15730095626947446,0.746561886051081,-0.5903614457831325,-0.4012345679012342,1.6,0.060192483375469535,1.0,1.0,0.0,0.0,0.0,0.0,5.38
STU-14671,-0.6445091656672959,-0.33866981841624627,0.40707269155206294,1.4867469879518072,-1.3888888888888888,-1.0,-0.9886507042851983,1.0,0.0,0.0,0.0,1.0,0.0,4.74
STU-13522,0.9988007538118888,0.5273450091329106,0.5563850687622792,0.7542168674698793,0.3580246913580247,0.4,0.19386857592045748,0.0,0.0,1.0,0.0,0.0,0.0,5.32
STU-14441,-0.9090286105876316,-1.1853443644568606,-1.0451866404715129,0.09638554216867457,0.34567901234567927,0.4,-0.042635280120674045,0.0,0.0,1.0,0.0,0.0,0.0,2.79
STU-12782,-0.585574781565874,0.526055657032341,-0.15559921414538316,-0.1734939759036146,0.05555555555555601,0.6,0.8416834859461642,1.0,0.0,0.0,0.0,1.0,0.0,4.48
STU-12629,0.3820455713551474,0.0,1.7980353634577606,0.0,-0.3024691358024687,0.8,-0.2585735834625763,0.0,0.0,0.0,1.0,0.0,0.0,4.6
STU-12090,0.47867054994003666,0.5273450091329106,0.6239685658153243,-0.4867469879518072,0.05555555555555601,-0.6,0.24528245766852924,1.0,0.0,0.0,0.0,0.0,1.0,3.66
STU-13489,0.9988007538118888,0.5273450091329106,0.9618860510805501,0.25542168674698784,-0.5617283950617279,1.4,0.6463107353034903,0.0,0.0,0.0,1.0,0.0,0.0,5.14
STU-12531,0.11067329107418158,-0.37219297303105237,-0.10058939096267201,0.8554216867469876,0.0,-1.0,0.2144341286196858,0.0,0.0,0.0,1.0,0.0,0.0,3.82
STU-14468,-0.48141168408429025,-0.6068550553346945,-0.4432220039292732,0.2240963855421686,-0.09259259259259225,-1.0,-0.7829951772929102,1.0,0.0,0.0,0.0,1.0,0.0,2.91
STU-14429,0.8891553880418018,0.35543139572364874,0.9666011787819255,-0.3783132530120482,0.09876543209876551,-0.6,0.29669633941660106,1.0,1.0,0.0,0.0,0.0,0.0,4.99
STU-10273,0.3936953914682193,-0.1654668529064149,-0.07544204322200401,0.1638554216867469,-1.2222222222222219,0.4,0.48178631370965985,0.0,0.0,0.0,1.0,0.0,0.0,4.18
STU-10130,-0.7000171320884028,0.5273450091329106,0.3724950884086446,-0.24578313253012057,-0.08641975308641955,0.6,-0.26885635981219047,0.0,0.0,0.0,0.0,1.0,0.0,3.29
STU-12428,0.9988007538118888,0.5273450091329106,1.8546168958742635,0.5975903614457831,-0.018518518518518122,0.2,-0.47451188680447853,1.0,0.0,0.0,0.0,1.0,0.0,5.28
STU-13067,-0.24772999828679176,-0.1319436982916088,0.11787819253438116,-0.43373493975903615,0.5123456790123457,1.8,-0.08376638551913165,1.0,0.0,0.0,0.0,1.0,0.0,4.53
STU-12988,-0.6890525955113933,0.17363274954335414,-0.7371316306483301,-0.40481927710843385,-0.6419753086419747,0.6,-0.32027024156026224,0.0,0.0,1.0,0.0,0.0,0.0,3.69
STU-12305,-0.8322768545485701,-0.3231975932094127,-0.8377210216110021,-0.8216867469879517,-0.16049382716049368,-0.4,-0.5567740976013937,1.0,0.0,0.0,0.0,0.0,1.0,3.31
STU-12245,-1.3003255096796305,0.5273450091329106,-0.08330058939096259,0.650602409638554,0.6419753086419758,0.8,-1.369113429220931,1.0,0.0,0.0,1.0,0.0,0.0,3.33
STU-12653,-1.3078636285763239,-0.7796282368110026,-0.594106090373281,0.9204819277108434,-0.9814814814814813,-1.0,-1.029781809683656,1.0,0.0,0.0,0.0,0.0,1.0,3.08
STU-14472,0.0,-0.5724723326528423,0.3897838899803538,-0.47228915662650606,0.1234567901234569,1.2,0.6977246170515621,0.0,0.0,0.0,0.0,1.0,0.0,4.64
STU-10194,0.12026726057906427,0.5273450091329106,1.3453831041257371,-0.10361445783132543,0.660493827160494,-1.0,1.2015806581826676,1.0,0.0,0.0,0.0,0.0,1.0,5.35
STU-13047,-0.40877162926160815,0.036961426882991276,0.0,-0.6650602409638554,-0.0432098765432095,0.4,1.3249739743780404,0.0,0.0,1.0,0.0,0.0,0.0,4.26
STU-10786,0.08531780023984857,-0.33136348984635255,-0.587819253438114,0.28915662650602414,-0.19753086419753046,9.4,1.0267734602392231,0.0,0.0,1.0,0.0,0.0,0.0,4.62
STU-14327,0.1798869282165486,0.5273450091329106,1.6911591355599216,-0.4240963855421687,-0.5432098765432097,-0.6,-0.3511185706091057,0.0,0.0,0.0,0.0,1.0,0.0,4.46
STU-10990,0.3943806750042827,-0.20672612012463748,0.4275049115913558,-0.09397590361445796,1.0432098765432105,0.4,1.2427117635811253,0.0,0.0,0.0,0.0,0.0,1.0,4.66
STU-12896,0.2134658214836385,-0.015902009240356917,-0.6742632612966603,-0.9783132530120482,-0.6172839506172839,-0.4,0.8005523805477066,0.0,0.0,1.0,0.0,0.0,0.0,4.22
STU-10864,0.9988007538118888,0.5019877511550443,0.6726915520628683,-0.8771084337349397,1.1975308641975315,-0.4,1.3249739743780404,1.0,0.0,0.0,0.0,1.0,0.0,6.07
STU-10138,-0.6589001199246194,-0.4504136671322662,-0.875442043222004,0.41686746987951795,-0.648148148148148,0.6,-0.6801674137967666,0.0,1.0,0.0,0.0,0.0,0.0,3.1
STU-13299,0.25526811718348424,-0.7435263779950574,-0.6129666011787821,0.39277108433734936,1.166666666666667,-0.6,0.12188914147315641,0.0,0.0,1.0,0.0,0.0,0.0,4.54
STU-14926,-0.7144080863457263,-0.7014075427097887,-0.5752455795677801,0.0,-0.43827160493827155,-1.0,0.42008965561197387,0.0,0.0,0.0,0.0,0.0,1.0,3.93
STU-10424,-0.047627205756382206,0.11002471258192768,-0.4573673870333989,-0.11084337349397588,-0.6975308641975307,0.0,1.3249739743780404,1.0,0.0,1.0,0.0,0.0,0.0,4.77
STU-13191,-0.504711324310434,-0.14096916299559478,0.028290766208251432,0.6289156626506022,-0.5493827160493825,2.2,1.3249739743780404,1.0,0.0,0.0,0.0,1.0,0.0,5.26
STU-10967,0.8665410313517204,0.5273450091329106,1.020039292730845,1.0650602409638552,-1.3024691358024687,0.8,1.3249739743780404,0.0,0.0,0.0,0.0,1.0,0.0,5.25
STU-12396,0.6746616412540678,0.5273450091329106,1.450687622789784,-0.3638554216867469,-0.493827160493827,0.4,1.0987528946865242,0.0,0.0,0.0,1.0,0.0,0.0,5.96
STU-14414,0.08257666609559595,-0.18394756634791024,0.0,-0.7421686746987951,0.6234567901234567,-1.0,0.07047525972508462,0.0,0.0,1.0,0.0,0.0,0.0,4.62
STU-11697,0.9988007538118888,0.5273450091329106,1.103339882121808,0.8795180722891567,-0.648148148148148,1.0,0.5229174191081175,1.0,0.0,1.0,0.0,0.0,0.0,5.77
STU-12101,-0.9761863971218094,0.17191361340926187,0.2090373280943026,-0.7807228915662651,1.2160493827160497,-0.2,-0.7418640718944526,0.0,1.0,0.0,0.0,0.0,0.0,4.36
STU-14715,0.1785163611444228,-0.28623616632642146,-0.31434184675834975,-0.274698795180723,0.3580246913580247,0.6,-0.1454630436168176,1.0,1.0,0.0,0.0,0.0,0.0,4.86
STU-12974,-0.22511564159671135,-0.7387987536263028,-0.7732809430255404,0.9108433734939757,0.7222222222222221,2.0,0.29669633941660106,0.0,0.0,0.0,1.0,0.0,0.0,3.65
STU-12549,-0.9665924276169277,-0.8402277855377672,-0.37406679764243606,1.0361445783132526,-0.4320987654320983,0.6,-0.8241262826913678,0.0,0.0,0.0,0.0,0.0,1.0,2.59
STU-10701,-0.33681685797498756,-0.49983883098742926,-0.8267190569744598,-0.17108433734939757,-0.6234567901234567,1.6,-0.505360215853322,0.0,1.0,0.0,0.0,0.0,0.0,3.45
STU-11881,0.0,0.5273450091329106,0.7512770137524558,-0.1855421686746989,-0.5925925925925926,-0.2,0.5743313008561892,0.0,0.0,0.0,0.0,0.0,1.0,4.99
STU-11490,-0.6232653760493413,0.5273450091329106,0.4196463654223969,-0.708433734939759,0.27160493827160515,-0.2,-0.6184707556990797,0.0,0.0,0.0,0.0,1.0,0.0,3.8
STU-14174,0.3327051567586081,0.5273450091329106,0.4825147347740669,-0.23614457831325308,-0.03703703703703679,0.0,0.2144341286196858,0.0,0.0,0.0,0.0,1.0,0.0,4.39
STU-10149,-0.7322254582833658,-0.6975394864080802,-0.8361493123772102,-1.0072289156626504,-0.9691358024691353,-0.2,-0.5362085449021645,1.0,1.0,0.0,0.0,0.0,0.0,2.9
STU-11421,0.0,-0.1289352100569464,-0.09115913555992144,0.0,0.0,2.0,-0.49507743950370686,0.0,0.0,0.0,0.0,0.0,1.0,3.96
STU-13107,-1.3414425218434138,0.0,-0.33948919449901777,0.08674698795180709,1.0061728395061733,0.8,-1.2457201130255582,1.0,0.0,1.0,0.0,0.0,0.0,2.5
STU-10202,-0.6575295528524936,-0.5092940797249387,-0.4306483300589392,-0.05542168674698805,0.18518518518518562,-0.4,-0.08376638551913165,0.0,1.0,0.0,0.0,0.0,0.0,4.56
STU-13535,0.0,0.3816482217685611,0.47151277013752463,-1.0891566265060242,-0.05555555555555546,-1.0,0.4509379846608173,0.0,0.0,1.0,0.0,0.0,0.0,4.58
STU-11597,-1.8067500428302214,-1.1952293972278931,-1.7304518664047155,-0.3132530120481927,-0.06172839506172817,0.0,-0.08376638551913165,1.0,0.0,0.0,0.0,0.0,1.0,2.04
STU-10414,-0.08668836731197634,0.41474159234984387,0.3536345776031435,1.718072289156626,-1.3950617283950615,0.2,0.0,0.0,0.0,0.0,0.0,0.0,1.0,4.44
STU-11740,0.9988007538118888,-1.819705597937037,-0.550098231827112,0.20963855421686747,0.27777777777777785,1.0,-0.33055301790987734,1.0,0.0,0.0,1.0,0.0,0.0,3.77
STU-14709,0.39163954086003006,0.3421080906844308,0.36306483300589404,-0.7710843373493975,-0.07407407407407358,0.4,0.8314007095965491,0.0,0.0,1.0,0.0,0.0,0.0,4.74
STU-14847,0.0,-1.1827656602557217,-1.3375245579567783,1.2433734939759036,0.0,-1.0,-0.6184707556990797,0.0,0.0,0.0,1.0,0.0,0.0,1.79
STU-14116,0.5204728456398824,-0.03825077898356079,0.7481335952848724,0.0,1.123456790123457,0.4,0.6154624062546469,0.0,0.0,0.0,0.0,0.0,1.0,4.7
STU-11721,0.25184169950316826,0.3133125604383794,0.40078585461689603,-0.9349397590361445,0.12962962962963015,0.8,1.2427117635811253,0.0,0.0,0.0,0.0,0.0,1.0,5.12
STU-12623,0.604077437039574,0.37692059739980643,0.5390962671905698,0.0,-0.7160493827160489,0.6,0.954794025791922,1.0,0.0,0.0,0.0,0.0,1.0,5.45
STU-11094,0.10382045571355054,0.5273450091329106,0.6601178781925346,0.24096385542168672,0.3271604938271606,-1.0,-0.8858229407890547,0.0,0.0,0.0,1.0,0.0,0.0,4.25
STU-14938,0.7630632174062011,-0.0893950789728161,0.7261296660117879,0.7132530120481925,0.26543209876543244,-0.6,0.23499968131891508,0.0,0.0,0.0,0.0,1.0,0.0,5.12
STU-10047,0.7836217234880923,-0.6812076931342005,-0.3064833005893909,-0.1855421686746989,-0.6111111111111106,0.6,-0.3819668996579491,0.0,0.0,0.0,0.0,1.0,0.0,4.12
STU-14353,-1.7868768202843932,-1.9000752122058668,-1.7304518664047155,0.48192771084337344,-0.5493827160493825,0.4,-1.8112728122543496,0.0,1.0,0.0,0.0,0.0,0.0,1.6
STU-11939,-1.7032722288847018,-1.8450628559149032,-1.6848722986247546,0.14457831325301196,-1.0740740740740735,-0.2,-1.6775967197093626,0.0,1.0,0.0,0.0,0.0,0.0,1.58
STU-12967,0.10861744046599237,0.21403244869453059,0.48408644400785866,-0.7132530120481928,-0.22839506172839458,-0.2,0.2247169049693,0.0,0.0,0.0,0.0,1.0,0.0,4.92
STU-12797,0.0,-1.0929407972493825,-0.48565815324165035,-0.8048192771084337,-1.4444444444444442,-0.6,-1.8626866940024218,0.0,0.0,0.0,0.0,1.0,0.0,2.93
STU-13579,-0.7822511564159674,-0.8574191468786937,-0.2939096267190569,0.2506024096385542,0.27160493827160515,0.4,1.0781873419872947,0.0,0.0,0.0,0.0,0.0,1.0,4.69
STU-14877,0.9988007538118888,0.5273450091329106,-0.27662082514734776,-0.8891566265060241,1.0864197530864195,0.6,-0.10433193821836001,0.0,0.0,1.0,0.0,0.0,0.0,5.15
STU-11387,0.9988007538118888,0.5273450091329106,1.6424361493123776,0.3108433734939759,-0.9938271604938267,-1.0,1.3249739743780404,1.0,0.0,0.0,0.0,0.0,1.0,6.61
STU-12220,-0.15864313859859597,0.11389276888363561,-0.16817288801571717,-0.30602409638554223,-0.5061728395061724,-0.6,-0.052918056470288216,1.0,0.0,0.0,0.0,0.0,1.0,4.11
STU-13189,-0.04077437039575214,0.5273450091329106,0.16817288801571717,-0.43373493975903615,0.19135802469135832,-0.2,0.0,1.0,0.0,0.0,1.0,0.0,0.0,5.09
STU-11314,-0.2648620866883679,-0.02621682604491241,0.4809430255402752,1.4072289156626505,0.8765432098765431,0.0,-0.6801674137967666,0.0,0.0,0.0,0.0,1.0,0.0,4.45
STU-14570,-0.4026040774370405,0.5273450091329106,0.0,-0.7975903614457831,-0.10493827160493822,0.2,-0.3408357942594915,0.0,1.0,0.0,0.0,0.0,0.0,5.01
STU-13674,-0.9151961624121993,-1.1879230686579996,-0.6145383104125738,0.20240963855421681,-0.16666666666666638,-0.4,-1.7084450487582061,0.0,0.0,0.0,0.0,1.0,0.0,2.56
STU-11304,0.9988007538118888,0.5273450091329106,1.1850687622789788,1.3831325301204818,0.25925925925925974,0.0,1.1193184473857525,0.0,0.0,1.0,0.0,0.0,0.0,5.75
STU-12798,0.9988007538118888,0.5273450091329106,-0.5296660117878192,0.7156626506024097,-0.4012345679012342,0.6,-0.8961057171386688,0.0,0.0,0.0,0.0,1.0,0.0,4.53
STU-11838,-0.3539489463765637,-1.3078328140109599,-0.707269155206287,1.4939759036144575,0.901234567901235,-0.2,-0.5156429922029362,1.0,0.0,0.0,0.0,0.0,1.0,3.55
STU-10345,-0.5979098852150082,-1.4268829912968735,-1.6534381139489196,-0.03132530120481925,1.7407407407407407,0.0,-1.7598589305062777,0.0,0.0,0.0,0.0,1.0,0.0,2.92
STU-10044,0.03871851978756097,0.0,-0.3174852652259332,-0.24819277108433738,-0.11728395061728364,2.0,-0.906388493488283,0.0,0.0,0.0,1.0,0.0,0.0,2.89
STU-12294,-0.5588487236594151,-1.0912216611152896,-1.6597249508840868,-1.0313253012048194,-0.679012345679012,-0.4,0.33782744481505866,1.0,1.0,0.0,0.0,0.0,0.0,3.49
STU-12154,0.9988007538118888,-0.677339636832492,0.18703339882121803,-0.11566265060240973,0.14197530864197555,-0.2,-0.3614013469587199,0.0,0.0,0.0,0.0,0.0,1.0,4.34
STU-11703,0.9988007538118888,0.5273450091329106,0.4667976424361495,-0.7927710843373493,0.17283950617283964,-0.4,0.5332001954577326,1.0,0.0,0.0,0.0,0.0,1.0,5.37
STU-11016,-0.6890525955113933,-0.8836359729236061,-0.6428290766208252,0.14457831325301196,-0.20987654320987645,0.4,-0.5670568739510079,0.0,1.0,0.0,0.0,0.0,0.0,3.53
STU-10909,-0.1627548398149744,0.5273450091329106,0.16188605108055001,0.6819277108433734,-0.04938271604938221,-0.8,-0.16602859631604688,0.0,0.0,1.0,0.0,0.0,0.0,4.27
STU-13516,-0.6959054308720243,0.5273450091329106,0.18546168958742631,-0.43132530120481927,-0.4135802469135802,0.8,0.8725318149950068,0.0,0.0,0.0,0.0,1.0,0.0,4.47
STU-11045,0.4012335103649127,0.5273450091329106,0.7025540275049118,-0.5060240963855421,-1.1543209876543203,1.6,0.48178631370965985,0.0,0.0,0.0,0.0,0.0,1.0,5.67
STU-11405,-0.8082919307863639,-1.6039540131084136,-1.3941060903732811,0.10843373493975907,-1.9691358024691354,0.8,-0.4436635577556351,1.0,0.0,0.0,0.0,0.0,1.0,2.38
STU-10234,-0.3779338701387709,-0.908563446867949,-0.24990176817288803,1.2289156626506021,-0.21604938271604915,-1.0,0.039626930676241186,1.0,0.0,0.0,0.0,1.0,0.0,4.03
STU-10225,0.012677745417165534,0.5273450091329106,0.0,-0.050602409638554204,-0.944444444444444,-0.6,0.4303724319615881,1.0,1.0,0.0,0.0,0.0,0.0,5.47
STU-13145,-0.0256981326023652,0.3425378747179542,-0.37092337917485263,-0.763855421686747,1.1481481481481488,0.0,-0.834409059040982,0.0,1.0,0.0,0.0,0.0,0.0,4.86
STU-14229,0.11958197704300087,-0.013753089072741266,-0.5422396856581532,0.2506024096385542,0.06790123456790143,0.0,0.5434829718073467,0.0,0.0,0.0,0.0,1.0,0.0,8.007299994402032
STU-11534,-1.132431043344184,-0.7860749973138501,-1.3799607072691553,0.7518072289156624,0.8024691358024695,-0.2,-2.757288236418874,0.0,0.0,0.0,0.0,0.0,1.0,1.95
STU-12451,-0.15247558677402834,-1.4436445686042767,-1.6990176817288805,0.980722891566265,0.4629629629629629,0.2,-0.5773396503006221,0.0,0.0,1.0,0.0,0.0,0.0,3.49
STU-14897,-0.9542573239677924,-0.9218867519071668,-0.9288801571709235,-0.2,-0.6975308641975307,0.0,-0.7418640718944526,0.0,0.0,0.0,0.0,1.0,0.0,2.2
STU-10968,-0.3751927359945183,0.5273450091329106,0.9225933202357565,-0.3301204819277108,-0.1728395061728391,0.8,0.4098068792623597,0.0,1.0,0.0,0.0,0.0,0.0,5.21
STU-11013,0.9988007538118888,0.345546362952616,0.15559921414538316,1.0819277108433734,-0.06172839506172817,0.0,-0.6801674137967666,0.0,0.0,0.0,0.0,1.0,0.0,4.38
STU-11095,-1.4298440979955462,-0.9309122166111534,-1.0153241650294698,0.0,0.7098765432098767,0.4,0.060192483375469535,0.0,0.0,0.0,0.0,1.0,0.0,3.13
STU-12114,-0.1696076751756045,-0.20285806382292895,-0.2530451866404715,-1.0626506024096385,2.0802469135802473,0.4,-0.3614013469587199,0.0,0.0,0.0,0.0,0.0,1.0,4.07
STU-13566,0.23882131231797052,-0.9635758031589128,-0.03614931237721029,0.0,0.6111111111111112,0.4,0.6051796299050327,0.0,0.0,1.0,0.0,0.0,0.0,5.1
STU-11067,-1.6840842898749364,-0.7946706779843133,-1.2086444007858548,-1.0891566265060242,0.6728395061728394,-1.0,-1.3279823238224733,0.0,0.0,1.0,0.0,0.0,0.0,2.22
STU-10547,-0.07846496487921947,-0.7095734393467286,-0.8518664047151279,-0.6096385542168675,1.123456790123457,-0.6,0.6771590643523338,0.0,0.0,0.0,0.0,0.0,1.0,3.94
STU-14663,0.015418879561418146,0.13409261845922382,-0.025147347740668003,0.2240963855421686,0.0,0.8,-1.0914784677813418,0.0,0.0,1.0,0.0,0.0,0.0,3.92
STU-12745,0.0,-0.6335016654131304,-1.2385068762278981,0.8987951807228916,0.07407407407407414,0.0,-0.9578023752363548,0.0,0.0,0.0,1.0,0.0,0.0,2.9
STU-14763,0.9988007538118888,0.0,0.2797642436149312,-0.5349397590361445,-0.2901234567901233,-1.0,-0.3614013469587199,0.0,0.0,0.0,0.0,0.0,1.0,5.76
STU-11189,0.7048141168408416,-0.021489201676157733,0.5799607072691553,1.2795180722891566,-0.20987654320987645,0.2,1.3249739743780404,0.0,0.0,0.0,1.0,0.0,0.0,5.45
STU-14251,0.1675518245674143,0.06489738906199596,0.743418467583497,0.8795180722891567,-0.4629629629629629,1.4,0.358392997514287,1.0,0.0,0.0,0.0,0.0,1.0,4.65
STU-11739,-0.29090286105876334,-0.8638659073815412,-0.4243614931237721,0.15421686746987942,0.17283950617283964,0.0,-0.23800803076334703,0.0,0.0,0.0,0.0,0.0,1.0,3.13
STU-12758,0.12026726057906427,0.242827978940582,0.3174852652259332,-0.20481927710843384,0.833333333333333,-1.0,-0.10433193821836001,0.0,1.0,0.0,0.0,0.0,0.0,4.92
STU-12918,-0.07777968134315608,0.5273450091329106,1.020039292730845,-0.7614457831325301,1.1913580246913578,1.4,0.29669633941660106,1.0,1.0,0.0,0.0,0.0,0.0,5.04
STU-10410,-0.27034435497687215,-0.45299237133340525,-0.5736738703339883,-0.23132530120481926,0.7592592592592595,0.0,-1.636465614310905,0.0,0.0,0.0,0.0,1.0,0.0,2.95
STU-14879,-1.1584718177145803,0.03524229074889839,0.24361493123772118,0.35180722891566263,-0.48765432098765377,-0.4,1.1398840000849817,0.0,0.0,0.0,0.0,0.0,1.0,4.81
STU-10912,-0.3614870652732572,-0.6700333082625982,-1.0656188605108057,0.9301204819277106,-0.9320987654320986,0.0,-0.9886507042851983,0.0,0.0,0.0,0.0,1.0,0.0,2.84
STU-13331,0.0,0.5273450091329106,-0.12730844793713172,1.4650602409638553,1.2283950617283952,1.0,0.16302024687161404,1.0,0.0,0.0,0.0,1.0,0.0,4.95
STU-11038,0.9556278910399172,-0.26990437305254117,-0.7779960707269157,-0.7228915662650601,-0.6296296296296293,-1.0,0.19386857592045748,0.0,0.0,0.0,0.0,1.0,0.0,4.04
STU-14121,0.8363885557649466,0.5273450091329106,1.8326129666011794,-0.6530120481927711,-2.364197530864197,2.0,1.3249739743780404,0.0,0.0,0.0,1.0,0.0,0.0,4.76
STU-12594,-0.48963508651704707,-0.2754915654883426,-0.5186640471512769,0.40722891566265046,-1.5061728395061724,0.4,0.029344154326627007,1.0,0.0,0.0,0.0,1.0,0.0,4.19
STU-12469,0.2771971903375013,0.01418287310626403,-0.2907662082514735,-0.30361445783132524,0.0864197530864201,0.6,0.38924132656313043,1.0,0.0,0.0,0.0,1.0,0.0,4.48
STU-14304,-0.10793215692993093,0.5273450091329106,0.18074656188605118,-0.9156626506024096,0.15432098765432098,-0.2,-0.3614013469587199,0.0,1.0,0.0,0.0,0.0,0.0,5.27
STU-13224,-0.6472502998115475,0.5273450091329106,1.225933202357564,-0.3253012048192772,1.2037037037037044,0.4,0.29669633941660106,0.0,0.0,0.0,1.0,0.0,0.0,4.75
STU-14166,-0.17166352578379368,0.40012893521005705,0.7166994106090375,-0.6578313253012049,0.4074074074074075,0.6,-0.21744247806411868,1.0,0.0,0.0,1.0,0.0,0.0,5.26
STU-14369,0.9988007538118888,0.5273450091329106,1.6110019646365428,-0.6626506024096385,0.9259259259259258,-1.0,0.7697040514988631,0.0,0.0,1.0,0.0,0.0,0.0,5.8
STU-10623,-0.28473530923419665,0.43537122595895544,0.8047151277013752,-0.9855421686746987,0.049382716049382755,0.6,0.44065520831120225,0.0,0.0,0.0,0.0,1.0,0.0,4.65
STU-12430,-0.05722117526126489,0.05759106049210226,-0.10687622789783888,1.0674698795180722,-0.45061728395061695,-0.8,0.039626930676241186,0.0,0.0,0.0,0.0,1.0,0.0,4.14
STU-14053,0.11067329107418158,0.5273450091329106,0.4416502946954815,-0.2915662650602409,-0.6111111111111106,-1.0,-0.07348360916951749,0.0,0.0,1.0,0.0,0.0,0.0,5.08
STU-14745,0.1456227514133963,0.18910497475018767,0.5108055009823184,-0.03373493975903628,-0.4012345679012342,0.6,0.8108351568973208,1.0,0.0,0.0,1.0,0.0,0.0,5.34
STU-13186,-0.4183655987664909,-1.0430858493606965,-1.0923379174852654,-0.7301204819277108,0.13580246913580285,9.4,-1.2045890076271004,0.0,0.0,0.0,0.0,0.0,1.0,2.95
STU-13029,0.8637998972074689,0.5273450091329106,1.0310412573673873,-0.2963855421686748,0.8024691358024695,-0.2,1.2427117635811253,0.0,1.0,0.0,0.0,0.0,0.0,6.0
STU-10357,0.7500428302210034,-0.2724830772536802,0.012573673870334002,2.6602409638554216,-0.43827160493827155,-1.0,0.4715035373600457,1.0,0.0,1.0,0.0,0.0,0.0,4.63
STU-14068,0.014048312489291353,0.5273450091329106,0.6836935166994107,-0.8578313253012048,0.34567901234567927,2.2,-0.8035607299921395,0.0,0.0,0.0,0.0,0.0,1.0,4.59
STU-13529,-1.3345896864827826,-0.841087353604814,-0.881728880157171,-0.5253012048192771,0.3765432098765434,0.2,-1.1428923495294145,0.0,1.0,0.0,0.0,0.0,0.0,3.47
STU-13385,-0.7843070070241567,-0.664016331793274,-0.6962671905697446,0.4963855421686746,-1.0493827160493823,0.6,-1.4205273109690026,0.0,0.0,0.0,0.0,1.0,0.0,1.74
STU-10095,-1.99314716463937,-0.7306328569893629,-0.21846758349705317,-0.4120481927710843,0.5802469135802472,-0.2,-0.1146147145679751,0.0,0.0,0.0,1.0,0.0,0.0,3.43
STU-11359,0.9988007538118888,0.5273450091329106,0.8251473477406684,0.012048192771084293,0.049382716049382755,-0.4,0.8314007095965491,0.0,0.0,0.0,0.0,1.0,0.0,5.64
STU-13902,-2.1603563474387535,0.5273450091329106,0.037721021611002006,-0.7421686746987951,0.4629629629629629,0.0,-0.9886507042851983,0.0,0.0,0.0,0.0,1.0,0.0,3.56
STU-14524,-1.1433955799211935,-0.11088428064897382,-0.7732809430255404,-0.019277108433734955,-0.5617283950617279,-1.0,-2.3151288533854553,1.0,0.0,0.0,1.0,0.0,0.0,2.37
STU-13180,0.21003940380332248,0.02320833781025001,0.4809430255402752,-0.36144578313253006,0.07407407407407414,0.2,-0.39224967600756333,0.0,0.0,0.0,0.0,1.0,0.0,4.05
STU-11793,-0.002398492376221401,0.03739121091651404,-0.4620825147347741,0.5277108433734938,0.814814814814815,-0.2,-0.9475195988867406,0.0,0.0,0.0,0.0,0.0,1.0,2.4
STU-10293,-0.862429330135344,-0.07091436553132076,-0.4683693516699412,-0.5421686746987951,-0.23456790123456783,-0.8,-0.6904501901463808,0.0,0.0,0.0,0.0,0.0,1.0,3.54
STU-12560,0.5307520986808285,0.5273450091329106,1.9332023575638508,-0.5903614457831325,0.6728395061728394,0.2,0.6565935116531045,0.0,0.0,0.0,0.0,1.0,0.0,5.93
STU-13947,0.2347096111015921,-0.6218974965080047,0.03929273084479372,-0.4409638554216867,0.2839506172839511,0.0,-0.19687692536489032,0.0,0.0,1.0,0.0,0.0,0.0,4.01
STU-11469,0.5047113243104331,0.439239282260664,0.2640471512770137,-0.026506024096385618,1.0493827160493834,1.4,1.3249739743780404,0.0,0.0,0.0,0.0,0.0,1.0,5.61
STU-14293,-0.15521672091828093,0.5273450091329106,-0.18703339882121803,-0.6819277108433734,0.6172839506172839,1.2,-1.7392933778070494,0.0,1.0,0.0,0.0,0.0,0.0,3.32
STU-12577,0.04077437039575019,-0.05286343612334819,1.0090373280943028,-0.6843373493975904,-1.111111111111111,1.2,-0.21744247806411868,0.0,0.0,0.0,0.0,0.0,1.0,3.84
STU-11830,-0.4176803152304275,0.0,0.09744597249508859,0.0746987951807228,0.6296296296296293,-0.2,-0.5156429922029362,0.0,0.0,1.0,0.0,0.0,0.0,4.57
STU-12417,-0.7870481411684093,0.5273450091329106,0.5438113948919452,0.5108433734939759,1.6358024691358026,-0.4,-0.9372368225371265,0.0,0.0,0.0,0.0,0.0,1.0,4.33
STU-12319,-0.6260065101935929,0.37735038143332983,-0.5956777996070727,-0.436144578313253,0.4938271604938276,0.0,-0.4436635577556351,0.0,0.0,0.0,0.0,0.0,1.0,3.47
STU-10160,0.9261606989892057,0.5273450091329106,0.050294695481336006,0.8819277108433734,0.3703703703703707,-0.2,0.0,1.0,0.0,0.0,0.0,0.0,1.0,5.68
STU-14214,0.2785677574096271,-0.22477704953261005,0.09115913555992144,0.8506024096385539,0.3333333333333333,0.4,0.2247169049693,0.0,0.0,0.0,0.0,1.0,0.0,4.0
STU-11978,0.09422648620866786,-0.33007413774578304,0.48565815324165035,0.8674698795180721,-0.19135802469135776,-0.2,-0.9989334806348125,1.0,0.0,0.0,0.0,1.0,0.0,4.1
STU-14572,-0.25047113243104435,-0.5406683141721285,-1.2793713163064837,0.0,-0.2654320987654319,0.0,0.0807580360746988,0.0,1.0,0.0,0.0,0.0,0.0,3.98
STU-11361,0.4402946719205059,0.42505640915439996,0.29862475442043235,-0.7927710843373493,-0.8395061728395058,-1.0,1.1810151054834392,0.0,0.0,0.0,1.0,0.0,0.0,5.26
STU-11202,-0.37998972074696014,-1.1281830879982813,-0.6349705304518665,0.41927710843373495,0.11728395061728418,0.0,0.2144341286196858,0.0,0.0,0.0,1.0,0.0,0.0,3.38
STU-10401,-0.5643309919479194,-0.1009992478779417,-0.8282907662082516,0.4361445783132529,-0.7469135802469135,0.4,0.15273747052199985,1.0,0.0,0.0,0.0,0.0,1.0,4.15
STU-11090,-1.0673291074181954,-0.4366605780595256,-0.4620825147347741,0.13253012048192767,0.4444444444444448,0.2,0.5948968535554185,1.0,0.0,0.0,0.0,0.0,1.0,4.43
STU-10297,0.9988007538118888,0.5273450091329106,1.2353634577603148,0.20240963855421681,-0.14814814814814772,-1.0,0.7491384987996348,1.0,1.0,0.0,0.0,0.0,0.0,5.63
STU-12148,0.0,0.40227785537767274,-0.15402750491159145,0.0,0.0,-1.0,0.3995241029127446,0.0,0.0,1.0,0.0,0.0,0.0,4.05
STU-12211,-0.23196847695734144,-1.2962286451058345,-0.22946954813359519,-0.37108433734939755,-0.5123456790123452,-0.8,-0.16602859631604688,0.0,0.0,0.0,0.0,0.0,1.0,3.38
STU-12662,-0.7548398149734462,0.5273450091329106,0.971316306483301,-0.3831325301204819,1.1728395061728396,0.0,-0.12489749091758927,1.0,0.0,0.0,0.0,1.0,0.0,4.74
STU-14324,0.8103477813945511,-0.8376490813366287,-1.0106090373280945,0.007228915662650447,-0.5987654320987652,-1.0,0.20415135227007164,0.0,0.0,0.0,0.0,0.0,1.0,3.83
STU-11350,-0.46085317800239906,-1.7689910819813046,-1.2479371316306485,0.1132530120481927,0.09876543209876551,-0.2,-1.574768956213219,0.0,0.0,1.0,0.0,0.0,0.0,2.13
STU-12209,-0.8446119581977054,0.3984097990759642,0.16188605108055001,-0.17831325301204823,0.5555555555555557,0.8,1.0781873419872947,1.0,0.0,1.0,0.0,0.0,0.0,4.28
STU-13824,-0.2634915196162421,-1.3349092081229184,-1.5937131630648333,-0.07228915662650598,1.0185185185185186,-0.6,-1.4616584163674604,0.0,0.0,0.0,0.0,0.0,1.0,2.08
STU-10386,-0.5787219462052429,-0.2836574621252824,-0.5516699410609038,1.9831325301204819,-0.9938271604938267,-0.4,-0.5156429922029362,0.0,0.0,1.0,0.0,0.0,0.0,3.29
STU-14092,-0.7096111015932854,-0.908563446867949,-0.46994106090373294,0.0,-0.34567901234567877,1.6,-0.6698846374471524,0.0,0.0,0.0,0.0,0.0,1.0,3.15
STU-14257,0.39095425732396666,0.5273450091329106,6.008568957182914,-0.15903614457831328,-1.2098765432098764,-0.4,0.039626930676241186,1.0,0.0,0.0,1.0,0.0,0.0,4.43
STU-10741,0.04831248929244365,0.5273450091329106,1.0907662082514735,0.15421686746987942,-0.20987654320987645,1.4,-0.12489749091758927,0.0,0.0,0.0,0.0,1.0,0.0,4.9
STU-12102,-0.7507281137570678,0.30213817556677774,0.0,-0.45783132530120485,0.549382716049383,-0.4,-0.5259257685525504,0.0,1.0,0.0,0.0,0.0,0.0,4.41
STU-14024,0.047627205756381234,0.25830020414741556,0.03143418467583514,0.7132530120481925,1.0246913580246915,1.0,0.04990970702585536,0.0,0.0,0.0,1.0,0.0,0.0,4.48
STU-13519,-0.24772999828679176,0.5273450091329106,0.24990176817288803,0.1277108433734938,0.6666666666666666,0.4,0.15273747052199985,0.0,0.0,0.0,0.0,1.0,0.0,5.16
STU-14894,-1.426417680315231,-1.5850435156333944,-1.0907662082514735,-1.0746987951807228,-0.5864197530864192,0.4,0.23499968131891508,1.0,0.0,0.0,0.0,1.0,0.0,1.93
STU-13663,0.9008052081548727,0.39153325453959387,0.7874263261296661,-0.4891566265060241,-0.0432098765432095,1.0,1.3249739743780404,0.0,0.0,0.0,0.0,0.0,1.0,5.43
STU-13387,0.46633544629090234,0.450843451165789,1.3642436149312382,-0.7566265060240963,-0.4012345679012342,-0.2,0.6154624062546469,1.0,0.0,0.0,0.0,0.0,1.0,5.8
STU-11092,-0.12300839472331786,0.3244869453099816,-0.06129666011787829,-0.7518072289156627,0.8641975308641977,1.0,-0.5670568739510079,0.0,0.0,1.0,0.0,0.0,0.0,3.84
STU-14619,-1.4442350522528706,-0.9906521972708714,-0.6428290766208252,0.2819277108433735,0.12962962962963015,0.4,-0.5362085449021645,0.0,0.0,1.0,0.0,0.0,0.0,2.51
STU-10340,0.9988007538118888,0.5273450091329106,2.0982318271119844,-0.5879518072289157,-0.2716049382716046,-0.8,0.0,0.0,1.0,0.0,0.0,0.0,0.0,5.84
STU-10807,-0.8706527325681008,0.2062963360911141,-0.5783889980353635,-0.6506024096385542,0.1234567901234569,-0.6,0.04990970702585536,1.0,0.0,0.0,1.0,0.0,0.0,4.1
STU-12107,0.2559534007195467,-0.15944987643709072,0.17760314341846772,0.0,0.0,0.6,0.2555652340181434,0.0,0.0,0.0,1.0,0.0,0.0,3.98
STU-13445,0.0,-1.075749435908456,-0.3929273084479372,-0.7710843373493975,0.3827160493827161,0.6,-0.4436635577556351,0.0,0.0,0.0,0.0,1.0,0.0,3.24
STU-11443,0.9988007538118888,0.21145374449339216,0.46051080550098233,1.4915662650602408,0.0,-1.0,0.7902696041980924,0.0,1.0,0.0,0.0,0.0,0.0,5.86
STU-12374,-0.004454342984410617,0.5273450091329106,-0.39764243614931233,-0.3783132530120482,0.0802469135802474,1.8,-0.42309800505640677,0.0,0.0,0.0,0.0,0.0,1.0,3.47
STU-12997,0.8603734795271538,0.5273450091329106,0.2467583497053046,0.24096385542168672,0.4814814814814816,-0.2,0.4098068792623597,1.0,0.0,0.0,1.0,0.0,0.0,4.9
STU-12960,-0.231283193421279,0.5273450091329106,0.37092337917485263,0.4674698795180721,0.6481481481481486,0.4,-0.2071597017145045,1.0,0.0,0.0,1.0,0.0,0.0,4.34
STU-14520,0.07229741305465084,-0.0893950789728161,0.45893909626719065,-0.050602409638554204,0.5679012345679016,0.8,-0.3408357942594915,0.0,0.0,0.0,0.0,0.0,1.0,3.38
STU-14052,-0.012677745417167482,-0.06919522939722787,0.08487229862475458,-0.8867469879518072,0.38888888888888934,1.4,0.2144341286196858,0.0,0.0,0.0,0.0,0.0,1.0,3.7
STU-14352,-0.8494089429501462,-0.4422477704953264,-0.3787819253438115,0.7710843373493974,1.0864197530864195,0.0,0.3275446684654445,1.0,0.0,0.0,1.0,0.0,0.0,4.32
STU-12874,0.8055507966421103,0.5273450091329106,0.6789783889980352,1.7903614457831323,0.5864197530864198,0.8,1.3249739743780404,1.0,0.0,0.0,1.0,0.0,0.0,5.77
STU-12455,0.4498886414253886,0.5273450091329106,-0.3756385068762281,0.9927710843373492,0.4567901234567902,-0.6,-1.0194990333340417,0.0,0.0,0.0,0.0,0.0,1.0,3.39
STU-11543,0.0654445776940198,0.45428172343397416,0.43379174852652264,0.0,0.0,-0.2,-0.12489749091758927,1.0,0.0,0.0,0.0,1.0,0.0,4.5
STU-12800,0.02158643138598482,0.28451703019232794,0.3457760314341849,0.2144578313253011,-0.1296296296296296,1.2,0.6771590643523338,0.0,0.0,0.0,0.0,0.0,1.0,4.89
STU-13125,-0.3210553366455382,-0.2428279789405826,-0.4510805500982318,-0.6240963855421687,-0.3950617283950615,-0.6,-0.7624296245936818,0.0,0.0,1.0,0.0,0.0,0.0,3.7
STU-10310,0.29432927873907744,0.17148382937573847,0.15402750491159145,0.10120481927710841,0.8086419753086422,-0.2,0.11160636512354223,0.0,1.0,0.0,0.0,0.0,0.0,3.96
STU-11238,0.03597738564330933,0.0,0.2216110019646366,-0.4867469879518072,-0.3024691358024687,-1.0,0.7491384987996348,0.0,0.0,0.0,0.0,0.0,1.0,5.17
STU-12000,-0.21209525441151364,0.05372300419039433,0.10373280943025544,0.01445783132530111,0.14197530864197555,0.4,1.2632773162803546,1.0,0.0,0.0,1.0,0.0,0.0,4.96
STU-13560,0.33133458968648233,0.5273450091329106,0.27347740667976433,0.8385542168674699,0.26543209876543244,0.2,-0.21744247806411868,1.0,0.0,1.0,0.0,0.0,0.0,3.88
STU-10098,-0.6308034949460347,-0.7224669603524231,-0.6632612966601179,-0.09397590361445796,1.9259259259259265,-0.4,-1.112044020480571,0.0,0.0,0.0,0.0,0.0,1.0,3.63
STU-11594,-0.1161555593626868,-0.6034167830665094,-0.969744597249509,-0.436144578313253,-0.35802469135802417,1.0,1.3249739743780404,0.0,0.0,0.0,0.0,0.0,1.0,4.06
STU-12523,-1.444920335788933,-0.2948318469968841,-1.3595284872298627,1.3518072289156624,-0.2716049382716046,1.2,-1.04006458603327,1.0,0.0,0.0,0.0,1.0,0.0,2.88
STU-11722,0.5622751413397282,0.2595895562479851,0.5673870333988212,0.15903614457831328,0.5679012345679016,0.8,0.0,0.0,1.0,0.0,0.0,0.0,0.0,5.03
STU-12035,-0.19016618125749565,-0.2647469646502637,0.46051080550098233,-0.3349397590361447,-1.4259259259259256,0.8,0.2658480103677576,0.0,0.0,0.0,1.0,0.0,0.0,4.39
STU-10816,0.1003940380332355,0.02621682604491241,-0.07072691552062858,-1.0433734939759036,0.0,0.0,1.0781873419872947,0.0,0.0,0.0,0.0,0.0,1.0,4.13
STU-14541,-1.0221003940380335,0.0,-0.8172888015717094,-1.1036144578313252,0.03703703703703734,-0.2,-0.9166712698378972,0.0,0.0,1.0,0.0,0.0,0.0,2.48
STU-12436,0.0,-0.24239819490705924,-1.2165029469548136,-0.4843373493975904,0.09876543209876551,0.0,-0.17631137266566105,0.0,0.0,0.0,0.0,1.0,0.0,2.88
STU-13028,-0.7363371594997433,0.005587192435800815,-0.5013752455795678,-0.7927710843373493,0.3765432098765434,-0.6,-0.8138435063417536,0.0,1.0,0.0,0.0,0.0,0.0,2.83
STU-13584,0.70207298269659,0.5273450091329106,1.0609037328094306,-0.7228915662650601,-0.20987654320987645,-1.0,1.3249739743780404,1.0,0.0,0.0,1.0,0.0,0.0,5.76
STU-10775,0.21689223916395353,0.07392285376598255,0.1210216110019646,-0.4650602409638554,1.537037037037037,-0.6,0.6360279589538761,0.0,0.0,1.0,0.0,0.0,0.0,4.33
STU-14862,0.9988007538118888,0.5273450091329106,0.7371316306483301,-0.4506024096385542,-0.296296296296296,0.8,0.0,0.0,0.0,0.0,1.0,0.0,0.0,4.47
STU-10776,-0.06750042830221097,-0.035672074782421764,0.8471512770137524,2.0096385542168673,-1.0370370370370368,0.4,0.6977246170515621,0.0,0.0,0.0,0.0,0.0,1.0,4.87
STU-14784,0.46633544629090234,0.5273450091329106,-0.088015717092338,1.2795180722891566,-0.6913580246913575,1.4,0.8005523805477066,0.0,0.0,0.0,0.0,1.0,0.0,4.98
STU-10601,-0.8137741990748681,0.49511120661867397,1.0656188605108057,0.3855421686746987,-0.9753086419753081,1.6,0.039626930676241186,0.0,0.0,0.0,0.0,0.0,1.0,4.1
STU-12711,-0.1490491690937133,-0.23165359406898037,-0.31434184675834975,-0.6144578313253012,0.0,0.4,-0.32027024156026224,0.0,1.0,0.0,0.0,0.0,0.0,3.54
STU-13406,0.0,0.5273450091329106,0.6082514734774069,-1.0265060240963855,0.7222222222222221,-0.2,0.8725318149950068,1.0,0.0,0.0,1.0,0.0,0.0,5.33
STU-11110,0.5581634401233497,0.17320296550983136,0.9100196463654227,-0.2915662650602409,0.10493827160493877,1.6,0.6257451826042619,0.0,0.0,0.0,0.0,1.0,0.0,5.05
STU-10546,0.0,-0.6567100032233804,0.744990176817289,-0.5108433734939759,0.0,0.8,-0.6801674137967666,0.0,0.0,0.0,0.0,0.0,1.0,3.27
STU-14755,0.17303409285591853,0.41775008058450624,-0.029862475442043148,0.4024096385542168,0.8765432098765431,-0.6,-0.2071597017145045,1.0,0.0,1.0,0.0,0.0,0.0,3.61
STU-12787,-0.6959054308720243,-0.2445471150746749,-0.6491159135559922,0.0,-0.30864197530864196,-1.0,-0.3819668996579491,1.0,1.0,0.0,0.0,0.0,0.0,3.85
STU-13472,-0.30323796470789866,-0.13409261845922443,0.10530451866404716,0.669879518072289,-1.1172839506172836,0.6,-0.41281522870679255,0.0,0.0,0.0,0.0,0.0,1.0,2.82
STU-10526,-0.04214493746787795,0.5273450091329106,1.321807465618861,-0.7180722891566266,-0.06172839506172817,-0.2,0.4715035373600457,1.0,1.0,0.0,0.0,0.0,0.0,4.76
STU-14666,-2.0116498201130724,-1.3293220156871177,-1.6880157170923382,0.10602409638554204,0.26543209876543244,0.0,-0.834409059040982,0.0,0.0,0.0,1.0,0.0,0.0,1.98
STU-13253,0.37039575124207547,-0.16030944450413687,-0.13202357563850686,1.014457831325301,1.7716049382716055,1.0,-0.19687692536489032,0.0,0.0,0.0,1.0,0.0,0.0,4.02
STU-14731,0.7438752783964357,0.32706564951112066,0.43693516699410606,-0.38072289156626504,0.7962962962962968,0.0,0.6051796299050327,0.0,0.0,0.0,0.0,0.0,1.0,4.33
STU-14783,0.8754497173205408,-0.8041259267218227,-0.7292730844793713,0.04819277108433739,0.33950617283950657,-0.8,-0.6801674137967666,0.0,0.0,0.0,0.0,1.0,0.0,3.42
STU-13648,0.10450573924961394,-0.32104867304179646,-0.4322200392927309,-0.6987951807228916,1.1728395061728396,0.0,0.38924132656313043,1.0,1.0,0.0,0.0,0.0,0.0,5.62
STU-10205,0.5376049340414586,-0.02621682604491241,0.7025540275049118,-0.7759036144578313,-1.253086419753086,0.6,-0.33055301790987734,0.0,1.0,0.0,0.0,0.0,0.0,5.1
STU-10121,0.3532636628404993,-0.7710325561405393,-0.881728880157171,-0.20240963855421681,-0.07407407407407358,0.4,-0.6081879793494656,0.0,0.0,0.0,0.0,0.0,1.0,3.7
STU-11518,0.21620695562789013,0.2093048243257759,-0.594106090373281,-0.8867469879518072,-1.0246913580246908,-0.6,-0.2071597017145045,0.0,1.0,0.0,0.0,0.0,0.0,3.71
STU-11500,-0.4026040774370405,-0.18652627054904927,-0.33948919449901777,-0.49638554216867464,0.7716049382716049,-1.0,-0.7829951772929102,0.0,0.0,0.0,0.0,0.0,1.0,3.48
STU-10541,-0.06475929415795835,-2.001074460083808,-1.4554027504911593,0.08433734939759027,0.4938271604938276,0.0,-0.9269540461875123,0.0,0.0,0.0,1.0,0.0,0.0,2.72
STU-14242,-1.176289189652219,-0.7628666595035994,-0.8990176817288803,0.5349397590361444,0.04320987654321005,0.2,-0.8446918353905971,0.0,1.0,0.0,0.0,0.0,0.0,3.05
STU-14200,0.7527839643652551,0.5273450091329106,1.4161100196463656,-0.24819277108433738,-0.35185185185185147,-0.6,1.1398840000849817,0.0,0.0,0.0,0.0,0.0,1.0,5.53
STU-14603,0.7801953058077773,0.5273450091329106,0.9555992141453833,0.04096385542168673,-0.2592592592592592,0.0,0.8828145913446218,1.0,0.0,0.0,0.0,1.0,0.0,5.83
STU-14025,-1.1557306835703278,0.0,0.03929273084479372,0.6265060240963854,-0.5925925925925926,0.0,0.0,0.0,0.0,1.0,0.0,0.0,0.0,4.1
STU-14221,-0.10861744046599334,0.48393682174707175,-0.47151277013752463,0.2987951807228916,0.5802469135802472,-0.4,0.8416834859461642,0.0,0.0,0.0,0.0,0.0,1.0,4.71
STU-10684,-0.742504711324311,-0.36531642849468143,0.11473477406679773,0.20481927710843364,0.6481481481481486,1.2,0.4098068792623597,1.0,0.0,0.0,1.0,0.0,0.0,4.22
STU-13576,0.29501456227514083,0.5217578166971097,0.16345776031434203,-0.4602409638554217,1.0370370370370368,-1.0,1.2735600926299686,0.0,0.0,0.0,0.0,0.0,1.0,4.94
STU-10636,-0.759636799725887,-0.149564843666058,-0.6538310412573676,0.0,-0.4135802469135802,2.2,-2.0477766682954806,0.0,0.0,1.0,0.0,0.0,0.0,2.42
STU-12672,0.9988007538118888,0.39583109487482515,0.3017681728880158,-0.3204819277108434,-0.09876543209876497,0.8,1.2015806581826676,1.0,0.0,0.0,1.0,0.0,0.0,5.36
STU-12905,0.0,-0.271623509186634,0.18860510805501002,0.4626506024096385,0.0061728395061732555,0.2,-0.5670568739510079,0.0,1.0,0.0,0.0,0.0,0.0,3.43
STU-12307,0.6068185711838265,0.5273450091329106,-0.35206286836935174,2.3710843373493975,0.5123456790123457,1.2,0.5434829718073467,0.0,0.0,0.0,1.0,0.0,0.0,4.61
STU-14436,-0.4718177145794075,-0.764156011604169,-1.0546168958742634,-0.31807228915662655,0.5864197530864198,0.4,-0.4436635577556351,0.0,0.0,0.0,0.0,1.0,0.0,4.17
STU-13450,-0.45468562617783137,0.5273450091329106,-0.08172888015717086,-0.46987951807228917,1.2222222222222223,0.0,-0.49507743950370686,0.0,0.0,0.0,0.0,1.0,0.0,3.03
STU-13091,0.7952715436011643,0.005587192435800815,0.36149312377210235,-0.2843373493975905,-0.09876543209876497,1.0,0.0,0.0,0.0,0.0,1.0,0.0,0.0,5.01
STU-14737,-0.06750042830221097,-0.3992693671430109,-0.8565815324165031,0.0,-0.19753086419753046,-0.4,0.4715035373600457,1.0,0.0,1.0,0.0,0.0,0.0,3.5
STU-13528,0.4087716292616062,0.07521220586655206,0.7544204322200393,1.7349397590361442,0.5370370370370371,-0.4,1.1398840000849817,0.0,0.0,0.0,1.0,0.0,0.0,5.07
STU-10825,-0.24772999828679176,-0.5320726335016659,-0.7952848722986249,-0.5734939759036145,-0.987654320987654,1.6,-1.6570311670101343,0.0,1.0,0.0,0.0,0.0,0.0,2.81
STU-12887,-1.6340585917423343,-1.1694423552165039,-1.21335952848723,-0.6048192771084338,0.660493827160494,0.8,-0.9886507042851983,0.0,0.0,0.0,0.0,1.0,0.0,2.66
STU-12597,-0.8850436868254243,0.0,-0.13831041257367374,-0.16144578313253008,0.9444444444444451,-1.0,-0.011786951071830606,1.0,0.0,0.0,0.0,0.0,1.0,3.87
STU-10842,-0.7342813088915551,-0.9300526485441066,-1.2369351669941062,-0.6024096385542168,0.549382716049383,1.4,-1.8626866940024218,0.0,1.0,0.0,0.0,0.0,0.0,2.73
STU-13553,-0.7390782936439959,0.0,-0.7088408644400787,-1.0265060240963855,0.4753086419753089,-0.8,-0.7624296245936818,0.0,0.0,0.0,0.0,0.0,1.0,2.33
STU-12228,-0.9686482782251159,-0.5625872998818096,-0.7685658153241651,-0.8891566265060241,0.364197530864198,-0.2,0.3995241029127446,1.0,0.0,0.0,0.0,0.0,1.0,3.59
STU-13530,0.545143052938152,0.5273450091329106,1.1819253438113952,-0.9879518072289157,-0.4629629629629629,-0.4,0.5023518664088891,0.0,1.0,0.0,0.0,0.0,0.0,5.66
STU-10012,-1.0419736165838624,-1.0344901686902335,0.04086444007858543,1.7325301204819274,0.41975308641975345,-0.2,-0.39224967600756333,0.0,0.0,0.0,1.0,0.0,0.0,3.15
STU-11442,-0.7061846839129694,0.5273450091329106,0.34420432220039293,0.125301204819277,0.2839506172839511,1.0,-0.16602859631604688,1.0,0.0,1.0,0.0,0.0,0.0,4.47
STU-14451,-0.6623265376049344,-1.1797571720210596,-1.2243614931237723,-0.42891566265060244,-0.37037037037037013,1.2,0.0,0.0,0.0,0.0,0.0,1.0,0.0,2.05
STU-13161,-0.6609559705328086,0.5273450091329106,0.3111984282907663,0.9710843373493974,-1.6604938271604934,0.2,0.11160636512354223,1.0,1.0,0.0,0.0,0.0,0.0,4.34
STU-12105,0.2127805379475751,0.4241968410873532,-0.1964636542239686,0.26506024096385533,-1.2777777777777772,1.4,1.2632773162803546,1.0,0.0,0.0,0.0,0.0,1.0,4.53
STU-14081,0.37793387013876895,0.13108413022456206,-1.3972495088408647,-0.43132530120481927,-0.30864197530864196,1.6,1.3249739743780404,1.0,1.0,0.0,0.0,0.0,0.0,4.68
STU-11448,-0.25047113243104435,-1.2240249274739445,-0.4935166994106092,1.5228915662650602,-1.0864197530864195,0.0,-0.772712400943296,0.0,1.0,0.0,0.0,0.0,0.0,3.26
STU-10559,-0.20661298612300938,-0.6485441065864405,-0.7811394891944992,1.012048192771084,0.6172839506172839,0.6,-0.23800803076334703,1.0,0.0,0.0,1.0,0.0,0.0,4.54
STU-12255,0.318999486037347,0.0,-0.028290766208251432,0.34457831325301197,0.3148148148148152,-0.4,0.039626930676241186,0.0,0.0,0.0,0.0,0.0,1.0,4.99
STU-11271,-0.5485694706184691,-0.7323519931234558,-0.5296660117878192,-0.1855421686746989,-0.48765432098765377,0.8,-0.5670568739510079,1.0,0.0,0.0,0.0,1.0,0.0,3.31
STU-14944,-0.8377591228370743,-1.0680133233050393,-1.5229862475442044,0.5734939759036142,0.012345679012345963,0.8,-0.5259257685525504,0.0,0.0,0.0,0.0,0.0,1.0,1.81
STU-13395,-0.4327565530238144,-0.37863973353389935,1.0388998035363461,0.5566265060240965,0.01851851851851867,-1.0,0.5948968535554185,1.0,0.0,0.0,1.0,0.0,0.0,4.52
STU-10708,-0.7555250985095087,-0.11733104115182139,-0.7229862475442044,-0.5783132530120483,-0.8580246913580244,0.0,0.5846140772058044,0.0,0.0,0.0,0.0,0.0,1.0,3.94
STU-13695,0.9988007538118888,0.5273450091329106,0.35834970530451865,1.5469879518072287,0.209876543209877,-0.6,1.232428987231511,1.0,0.0,0.0,0.0,0.0,1.0,5.76
STU-13481,0.0,0.18394756634791024,-0.16974459724950888,0.6963855421686748,1.8580246913580245,0.2,-0.5979052029998514,0.0,0.0,0.0,1.0,0.0,0.0,3.96
STU-10301,-1.8218262806236085,-1.0387880090254649,-1.6785854616895877,2.178313253012048,1.012345679012346,0.6,-1.7598589305062777,0.0,0.0,0.0,0.0,0.0,1.0,1.9
STU-13086,-0.5321226657529563,-0.9876437090362096,-0.14616895874263258,-0.21927710843373496,-0.9814814814814813,0.2,0.008778601627397745,1.0,0.0,0.0,1.0,0.0,0.0,4.47
STU-13066,0.7836217234880923,-0.8716020199849577,0.0,-0.45542168674698796,0.6172839506172839,0.6,-1.0914784677813418,1.0,0.0,0.0,0.0,1.0,0.0,3.37
STU-11206,0.65478841870824,-1.0912216611152896,-0.28762278978389005,-0.5180722891566265,-0.8209876543209871,-1.0,0.15273747052199985,0.0,0.0,0.0,1.0,0.0,0.0,3.87
STU-13420,-0.21620695562789208,-0.7521220586655206,-0.2829076620825146,-0.944578313253012,-0.09876543209876497,1.2,-1.04006458603327,0.0,0.0,1.0,0.0,0.0,0.0,3.69
STU-11417,0.0,-0.2948318469968841,-1.0734774066797645,1.2795180722891566,0.7962962962962968,1.0,-0.6493190847479232,0.0,0.0,0.0,0.0,1.0,0.0,3.37
STU-10629,-1.6278910399177664,-1.9615343289996778,0.0,0.9228915662650602,-1.2777777777777772,0.0,-0.8652573880898254,0.0,0.0,0.0,0.0,0.0,1.0,2.24
STU-12809,0.9988007538118888,0.5273450091329106,1.843614931237721,1.5397590361445783,0.8827160493827159,-0.4,0.5434829718073467,0.0,0.0,0.0,0.0,0.0,1.0,5.75
STU-10646,-0.4334418365598778,-0.8728913720855271,-0.19960707269155203,-0.2819277108433735,-1.6234567901234567,-0.4,-0.9166712698378972,0.0,1.0,0.0,0.0,0.0,0.0,3.19
STU-10666,0.5197875621038199,-0.7426668099280113,-1.582711198428291,-0.15903614457831328,-0.40740740740740694,1.8,-0.5876224266502372,0.0,1.0,0.0,0.0,0.0,0.0,3.41
STU-13940,0.4848381017646043,0.4289244654561079,1.3595284872298627,0.021686746987951772,-0.24691358024691323,-0.4,0.6565935116531045,1.0,0.0,0.0,0.0,0.0,1.0,5.71
STU-11081,0.20866883673119666,-0.37992908563446887,-0.631827111984283,0.07951807228915664,-0.07407407407407358,0.6,1.3249739743780404,1.0,0.0,0.0,1.0,0.0,0.0,4.37
STU-10111,-0.4457769402090121,-1.233050392177931,-0.650687622789784,-0.2819277108433735,0.3271604938271606,0.0,-0.2071597017145045,0.0,0.0,1.0,0.0,0.0,0.0,3.86
STU-12750,-0.8583176289189656,0.3476952831202316,-0.006286836935166861,1.2337349397590358,-1.4320987654320982,0.2,0.060192483375469535,0.0,0.0,0.0,1.0,0.0,0.0,4.07
STU-14476,0.5492547541545305,0.1796497260126783,0.13831041257367402,0.4120481927710843,1.141975308641975,-0.2,0.3275446684654445,0.0,0.0,0.0,1.0,0.0,0.0,4.47
STU-13194,-0.6883673119753309,0.5273450091329106,-0.42593320235756377,-0.47228915662650606,0.5740740740740744,1.2,0.14245469417238477,1.0,0.0,0.0,1.0,0.0,0.0,4.55
STU-12495,0.5492547541545305,0.5273450091329106,0.03300589390962686,0.0,-0.3641975308641974,-0.6,-1.3896789819201594,0.0,0.0,1.0,0.0,0.0,0.0,3.95
STU-11367,0.9988007538118888,0.5273450091329106,1.295088408644401,0.6867469879518071,0.19135802469135832,2.0,-0.24829080711296211,1.0,0.0,0.0,0.0,1.0,0.0,5.08
STU-13825,0.28747644337844735,0.13495218652627058,-0.06444007858546172,0.1277108433734938,0.34567901234567927,0.2,0.4098068792623597,1.0,0.0,0.0,0.0,0.0,1.0,4.87
STU-11062,-0.1140997087544976,-1.3413559686257657,-0.2609037328094303,1.050602409638554,0.06172839506172872,-0.2,1.1912978818330535,0.0,0.0,1.0,0.0,0.0,0.0,3.57
STU-14638,0.05585060818913712,-0.024497689910820134,-0.0848722986247543,-0.3373493975903615,-0.790123456790123,0.2,0.2555652340181434,1.0,0.0,0.0,1.0,0.0,0.0,4.57
STU-11005,-1.5244132259722467,0.0,-1.7304518664047155,0.050602409638554204,0.17283950617283964,0.2,-0.9269540461875123,0.0,0.0,0.0,0.0,0.0,1.0,2.25
STU-14323,-0.5519958882987841,-1.6469324164607289,-1.5292730844793716,-0.012048192771084293,-1.1975308641975304,0.4,-0.7521468482440667,1.0,0.0,0.0,1.0,0.0,0.0,3.16
STU-13784,-0.021586431385986767,-0.752551842699044,-0.5406679764243615,-0.47951807228915666,0.0,0.2,-0.7829951772929102,0.0,0.0,1.0,0.0,0.0,0.0,3.2
STU-13068,0.06475929415795738,0.17793058987858604,0.20117878192534375,-0.980722891566265,-0.33333333333333276,0.0,0.0,0.0,0.0,0.0,0.0,0.0,1.0,4.64
STU-11580,-0.7294843241391132,0.3584398839583105,0.15245579567779974,0.0,-1.0432098765432094,-1.0,0.20415135227007164,0.0,0.0,0.0,0.0,0.0,1.0,4.66
STU-14062,-0.32516703786191564,0.5273450091329106,0.4353634577603143,1.014457831325301,0.2530864197530865,-0.2,-1.4822239690666896,0.0,0.0,0.0,0.0,0.0,1.0,4.48
STU-10085,0.0,-0.5376598259374666,-0.8314341846758351,1.014457831325301,0.43209876543209885,1.2,0.7285729461004056,1.0,0.0,0.0,0.0,1.0,0.0,3.9
STU-10433,0.30186739763577086,0.31675083270656457,0.15245579567779974,0.050602409638554204,1.1296296296296295,0.4,-0.011786951071830606,1.0,0.0,1.0,0.0,0.0,0.0,3.91
STU-11260,0.9988007538118888,0.19512195121951187,0.25461689587426345,-0.5855421686746988,0.11111111111111148,0.2,-0.7110157428456101,0.0,0.0,0.0,0.0,1.0,0.0,4.59
STU-12816,-0.8007538118896704,-0.02019984957558822,-0.17917485265225946,0.07951807228915664,1.450617283950617,-1.0,-0.052918056470288216,0.0,0.0,0.0,0.0,0.0,1.0,4.06
STU-14941,-0.7945862600651028,-1.2437949930160097,-0.05500982318271115,2.048192771084337,-0.5308641975308638,0.0,0.008778601627397745,1.0,0.0,0.0,0.0,0.0,1.0,4.12
STU-13524,0.1778310776083594,0.25228322767809136,0.3206286836935169,0.05542168674698784,-0.1296296296296296,-1.0,0.8725318149950068,0.0,0.0,1.0,0.0,0.0,0.0,4.26
STU-14489,0.9878362172348804,0.0,1.9803536345776034,-0.46987951807228917,-0.32098765432098736,-0.2,1.3249739743780404,0.0,0.0,0.0,0.0,0.0,1.0,6.02
STU-11554,-0.09491176974473223,-0.8367895132695821,-0.5422396856581532,-0.1734939759036146,-0.2716049382716046,0.2,-0.6801674137967666,0.0,0.0,1.0,0.0,0.0,0.0,2.96
STU-14576,-0.2628062360801787,-0.7319222090899324,-0.3269155206286838,-0.11566265060240973,-1.1851851851851851,0.6,0.2761307867173727,0.0,0.0,0.0,0.0,1.0,0.0,4.1
STU-14287,-0.20661298612300938,-1.7719995702159668,0.034577603143418574,-0.5662650602409638,0.26543209876543244,-0.2,-0.042635280120674045,1.0,0.0,0.0,0.0,1.0,0.0,3.05
STU-13471,0.5403460681857112,0.009455248737509353,0.11001964636542258,0.043373493975903545,-0.7530864197530862,0.4,1.1193184473857525,1.0,1.0,0.0,0.0,0.0,0.0,5.36
STU-12792,-0.5382902175775239,-0.9455248737509402,-0.6868369351669943,0.45783132530120463,0.29629629629629656,-1.0,-0.08376638551913165,0.0,0.0,0.0,0.0,0.0,1.0,3.9
STU-10163,0.4368682542401909,0.2956914150639302,0.05186640471512772,1.2819277108433735,0.6296296296296293,-0.6,0.33782744481505866,0.0,1.0,0.0,0.0,0.0,0.0,6.1
STU-12363,-1.259208497515848,0.08552702267110755,-0.23889980353634574,0.5228915662650602,-0.34567901234567877,-1.0,-1.9552316811489512,0.0,1.0,0.0,0.0,0.0,0.0,3.14
STU-12985,0.19770430015418816,0.5273450091329106,12.768803780701091,-0.3638554216867469,-1.3333333333333328,0.4,-0.2585735834625763,0.0,0.0,0.0,0.0,1.0,0.0,5.15
STU-13024,-0.43412712009594023,-0.8883635972923607,-1.7304518664047155,-0.3301204819277108,0.19753086419753102,1.2,-1.2868512184240157,0.0,0.0,0.0,0.0,0.0,1.0,3.43
STU-13847,0.0,-0.037820994950038024,-0.8565815324165031,-0.15662650602409645,-0.25308641975308593,0.2,-0.9578023752363548,0.0,0.0,0.0,0.0,1.0,0.0,2.98
STU-12656,0.8439266746616401,0.3476952831202316,1.2086444007858548,-0.7373493975903614,0.43209876543209885,0.6,-0.011786951071830606,1.0,0.0,0.0,0.0,1.0,0.0,4.89
STU-10444,0.6170978242247727,-0.5200386805630175,-0.06758349705304516,-0.42891566265060244,0.03703703703703734,-1.0,0.23499968131891508,0.0,0.0,0.0,0.0,1.0,0.0,4.57
STU-10543,0.9988007538118888,0.5273450091329106,0.6774066797642438,0.0,0.5185185185185189,0.0,1.3249739743780404,1.0,0.0,0.0,0.0,0.0,1.0,5.48
STU-10119,0.6506767174918615,-0.08251853443644576,1.2793713163064833,1.6602409638554216,0.6234567901234567,0.6,0.9239456967430795,0.0,0.0,0.0,0.0,1.0,0.0,4.38
STU-11244,-0.8925818057221179,0.03352315461480611,0.34106090373280945,2.2746987951807225,-1.6728395061728394,0.4,0.3069791157662152,1.0,0.0,0.0,0.0,0.0,1.0,3.88
STU-10376,-0.6033921535035125,-0.29354249489631457,0.3159135559921415,0.2626506024096385,-0.9382716049382713,0.6,-0.1146147145679751,0.0,0.0,0.0,0.0,0.0,1.0,3.84
STU-12738,0.2847353092341947,0.5273450091329106,-0.28919449901768174,0.14457831325301196,-0.14197530864197502,1.2,0.0,1.0,0.0,0.0,0.0,1.0,0.0,5.1
STU-14690,0.9988007538118888,-0.1624583646717525,-0.6601178781925345,0.09156626506024093,0.01851851851851867,0.2,0.029344154326627007,0.0,0.0,0.0,1.0,0.0,0.0,3.4
STU-12743,0.08326194963165935,0.5273450091329106,1.221218074656189,0.2120481927710843,-1.1604938271604937,0.8,-0.49507743950370686,0.0,0.0,0.0,0.0,1.0,0.0,4.83
STU-12132,0.18262806236080123,-0.6971097023745568,0.0,-0.6409638554216868,0.6049382716049385,0.6,-1.29713399477363,0.0,0.0,0.0,0.0,0.0,1.0,3.58
STU-12752,0.9988007538118888,0.5273450091329106,1.4695481335952851,0.30361445783132524,0.41975308641975345,-0.4,0.5846140772058044,1.0,0.0,1.0,0.0,0.0,0.0,5.42
STU-12065,0.4615384615384605,0.5273450091329106,0.8722986247544204,-0.3831325301204819,0.23456790123456836,-0.6,0.6257451826042619,0.0,0.0,0.0,1.0,0.0,0.0,5.1
STU-10305,0.8034949460339211,-0.7830665090791877,-1.0027504911591356,-0.6409638554216868,0.5432098765432103,1.4,-0.28942191251141974,0.0,0.0,0.0,0.0,1.0,0.0,3.84
STU-13207,0.15384615384615316,0.15214354786719642,-0.047151277013752296,-0.6771084337349397,0.5987654320987658,0.4,0.3172618921158294,1.0,0.0,0.0,0.0,0.0,1.0,4.9
STU-11645,0.24156244646222313,-0.24626625120876777,0.2719056974459726,-0.3156626506024097,0.9135802469135804,-0.2,0.34811022116467283,1.0,0.0,1.0,0.0,0.0,0.0,5.48
STU-10210,-0.8617440465992815,0.027076394111958547,0.20275049115913574,-0.8457831325301205,-0.7654320987654316,0.4,-0.505360215853322,1.0,0.0,0.0,1.0,0.0,0.0,3.4
STU-13019,-0.5033407572383082,-0.09885032771032545,0.0,-0.46746987951807234,1.0864197530864195,-0.2,0.38924132656313043,0.0,0.0,1.0,0.0,0.0,0.0,3.96
STU-13872,0.36902518416994967,-0.2312238100354576,-0.7245579567779961,0.3204819277108434,0.4567901234567902,-0.2,-0.37168412330833495,0.0,1.0,0.0,0.0,0.0,0.0,4.48
STU-14291,-1.8602021586431392,0.0,-1.7304518664047155,-0.6843373493975904,-0.48148148148148107,0.8,-2.675026025621959,0.0,0.0,0.0,1.0,0.0,0.0,1.0
STU-14442,0.9988007538118888,0.5273450091329106,0.6491159135559924,-0.4891566265060241,-0.43827160493827155,0.4,-0.0015041747222164304,0.0,0.0,0.0,1.0,0.0,0.0,4.97
STU-12542,0.4300154188795608,-0.502847319222091,-0.017288801571709148,1.5325301204819275,0.4938271604938276,1.4,0.5434829718073467,0.0,0.0,0.0,0.0,0.0,1.0,4.76
STU-11962,0.7630632174062011,0.5273450091329106,-0.17603143418467573,0.0,1.3395061728395061,0.4,-0.032352503771059866,0.0,1.0,0.0,0.0,0.0,0.0,4.37
STU-14308,-0.3971218091485363,0.1478457075319651,9.146653057021277,0.06024096385542168,0.679012345679012,-0.4,-0.8652573880898254,0.0,0.0,0.0,0.0,1.0,0.0,3.75
STU-13097,-0.19976015076237835,-0.2299344579348881,-0.004715127701375146,-0.5614457831325301,0.20370370370370375,-1.0,-0.10433193821836001,0.0,0.0,1.0,0.0,0.0,0.0,3.62
STU-11770,0.5842042144937462,-0.8651552594821107,-0.10530451866404716,0.34216867469879514,0.0,-0.8,-0.49507743950370686,0.0,0.0,0.0,0.0,0.0,1.0,4.18
STU-10408,0.0,-1.223165359406898,-1.7304518664047155,0.3855421686746987,-1.2098765432098764,-0.6,-1.636465614310905,0.0,0.0,0.0,0.0,0.0,1.0,1.48
STU-14460,0.764433784478327,0.5273450091329106,0.28919449901768174,-0.8554216867469879,0.5308641975308643,2.2,1.0062079075399946,0.0,1.0,0.0,0.0,0.0,0.0,6.04
STU-13563,0.9988007538118888,0.0,1.677013752455796,1.1156626506024092,-0.15432098765432098,0.6,1.3249739743780404,0.0,0.0,0.0,0.0,1.0,0.0,5.99
STU-14204,-0.42795956827137255,-1.464274202213388,-0.7151277013752456,0.007228915662650447,-0.6419753086419747,0.2,-0.16602859631604688,0.0,0.0,0.0,0.0,0.0,1.0,3.01
STU-13373,-0.2662326537604937,0.2913935747286989,0.5139489194499018,0.5493975903614455,-0.5864197530864192,0.6,-0.3819668996579491,0.0,0.0,0.0,0.0,1.0,0.0,3.24
STU-14971,-0.21278053794757704,-1.1225958955624802,-1.7304518664047155,-0.7542168674698795,-0.5185185185185184,1.0,-0.4436635577556351,0.0,1.0,0.0,0.0,0.0,0.0,2.52
STU-14947,0.40054822682884933,0.4981196948533358,0.7795677799607073,0.20722891566265045,1.0864197530864195,1.4,0.33782744481505866,0.0,0.0,0.0,1.0,0.0,0.0,5.25
STU-11595,0.1572725715264682,-0.9970989577737189,0.004715127701375146,0.009638554216867478,0.41975308641975345,0.2,-0.5567740976013937,0.0,0.0,0.0,0.0,1.0,0.0,3.99
STU-11280,-0.3217406201816006,0.058020844525625635,0.35520628683693517,-0.17108433734939757,0.6358024691358032,-1.0,0.1733030232212282,0.0,0.0,0.0,1.0,0.0,0.0,5.03
STU-10114,-1.5100222717149228,-0.6910927259052326,-0.6176817288801573,-0.944578313253012,0.7716049382716049,2.0,-0.3408357942594915,1.0,0.0,0.0,0.0,1.0,0.0,3.4
STU-12044,0.5170464279595673,-0.05888041259267238,1.1127701375245582,0.9277108433734939,-0.7654320987654316,0.6,1.1912978818330535,0.0,0.0,0.0,0.0,0.0,1.0,5.78
STU-13606,0.4492033578893262,0.4774900612442248,-0.5988212180746564,0.4915662650602409,0.0,-0.6,1.0267734602392231,1.0,0.0,0.0,0.0,0.0,1.0,6.12
STU-11064,0.7157786534178511,0.5273450091329106,0.8062868369351672,0.0,-0.18518518518518506,0.6,0.9136629203934643,0.0,0.0,0.0,1.0,0.0,0.0,6.11
STU-14962,0.563645708411855,0.5273450091329106,1.403536345776032,0.39036144578313253,1.0925925925925923,0.0,1.1193184473857525,1.0,0.0,0.0,1.0,0.0,0.0,5.13
STU-14189,0.5458283364742155,0.5273450091329106,1.3265225933202358,0.3156626506024095,1.2592592592592597,-1.0,0.49206909005927496,1.0,0.0,0.0,0.0,1.0,0.0,5.97
STU-11694,0.052424190508822084,0.21876007306328524,-0.29233791748526516,0.6168674698795181,-0.09259259259259225,2.0,-0.8138435063417536,0.0,0.0,0.0,0.0,0.0,1.0,4.11
STU-14507,0.2120952544115117,0.0,0.23732809430255403,1.0024096385542167,-1.28395061728395,-1.0,-0.5362085449021645,0.0,1.0,0.0,0.0,0.0,0.0,3.6
STU-12199,0.9988007538118888,0.06188890082733417,0.51237721021611,0.9975903614457832,0.7716049382716049,0.2,0.5229174191081175,0.0,1.0,0.0,0.0,0.0,0.0,5.09
STU-11131,-0.3546342299126271,-0.79424089395079,-0.6051080550098232,1.775903614457831,-0.6234567901234567,-0.8,-0.7315812955448384,0.0,0.0,0.0,1.0,0.0,0.0,3.56
STU-10176,-0.02706869967449102,0.4302138175566774,0.946168958742633,1.2048192771084336,-0.8086419753086417,1.0,0.6051796299050327,0.0,0.0,1.0,0.0,0.0,0.0,4.62
STU-11779,0.9988007538118888,0.5273450091329106,0.9304518664047152,1.4289156626506023,1.296296296296296,-1.0,0.7388557224500197,0.0,0.0,1.0,0.0,0.0,0.0,5.58
STU-13279,-0.3984923762206621,-2.295046739013646,-1.6502946954813362,0.4891566265060239,-0.6358024691358021,0.6,-0.19687692536489032,0.0,0.0,0.0,0.0,0.0,1.0,1.76
STU-14000,0.5773513791331151,0.5273450091329106,0.7245579567779964,0.6819277108433734,-1.0555555555555554,1.2,0.24528245766852924,0.0,1.0,0.0,0.0,0.0,0.0,4.98
STU-13959,0.023642281994174036,0.4774900612442248,0.0,0.0,0.0,-1.0,-1.4822239690666896,0.0,1.0,0.0,0.0,0.0,0.0,3.33
STU-11231,-0.5862600651019364,0.12936499409046917,-0.6742632612966603,-0.5783132530120483,0.33950617283950657,0.8,-0.8858229407890547,0.0,0.0,0.0,1.0,0.0,0.0,3.59
STU-11904,-1.1954771286619843,0.0,-1.1426326129666013,-0.1734939759036146,0.024691358024691377,0.2,-0.011786951071830606,0.0,0.0,0.0,0.0,1.0,0.0,3.31
STU-13400,-0.24772999828679176,-1.725582894595466,-1.4098231827111984,1.5036144578313253,-0.7654320987654316,1.8,-0.5876224266502372,0.0,0.0,0.0,1.0,0.0,0.0,2.49
STU-13048,0.639712180914853,-0.14870527559901184,0.7764243614931238,0.6746987951807226,-0.6851851851851848,1.8,-0.08376638551913165,0.0,0.0,0.0,0.0,0.0,1.0,4.23
STU-10562,0.6904231625835181,-0.14096916299559478,-0.09587426326129658,1.3325301204819275,-0.2037037037037032,-0.6,1.222146210881897,0.0,0.0,0.0,0.0,0.0,1.0,4.48
STU-10358,0.1661812574952875,0.5273450091329106,0.6506876227897838,-0.09397590361445796,-0.8456790123456784,-0.6,0.8519662622957784,1.0,0.0,0.0,0.0,0.0,1.0,5.15
STU-11878,-0.6493061504197367,-0.10228859997851122,1.1803536345776033,-0.10843373493975907,-0.4197530864197529,0.6,0.7182901697507914,1.0,0.0,0.0,0.0,1.0,0.0,4.38
STU-11731,-0.8487236594140829,-0.40614591167938124,-0.543811394891945,0.15903614457831328,0.9444444444444451,0.4,0.09104081242431297,0.0,0.0,0.0,1.0,0.0,0.0,4.19
STU-14730,0.9988007538118888,-0.17492210164392427,0.550098231827112,0.3879518072289155,0.07407407407407414,0.2,1.3249739743780404,0.0,0.0,0.0,0.0,1.0,0.0,5.15
STU-10508,0.22237450745245776,-0.22477704953261005,0.6161100196463655,0.8843373493975902,0.26543209876543244,1.0,-0.18659414901527524,0.0,0.0,0.0,1.0,0.0,0.0,3.7
STU-11593,-0.007880760664725652,0.5273450091329106,-0.15402750491159145,0.35662650602409623,-0.7160493827160489,1.6,-0.18659414901527524,0.0,0.0,0.0,0.0,1.0,0.0,4.36
STU-14994,0.13534349837245122,-1.4724400988503281,-1.1332023575638508,-0.19277108433734935,-0.8024691358024689,1.0,-0.4025324523571775,0.0,0.0,0.0,0.0,1.0,0.0,2.99
STU-11782,0.32311118725372545,-0.05372300419039433,-0.3111984282907663,-0.5493975903614458,0.4814814814814816,1.2,-0.3511185706091057,1.0,0.0,0.0,0.0,0.0,1.0,4.74
STU-10449,-1.7101250642453323,-1.5063930374986572,0.0,0.06987951807228916,-0.35802469135802417,0.2,-0.6801674137967666,0.0,1.0,0.0,0.0,0.0,0.0,2.28
STU-10620,0.9988007538118888,0.44267755452884916,0.13831041257367402,0.6144578313253009,-0.8395061728395058,1.0,-0.0632008328199024,0.0,0.0,0.0,1.0,0.0,0.0,4.94
STU-12040,-0.2299126263491532,0.5273450091329106,1.2306483300589393,0.14216867469879513,-0.9938271604938267,0.0,0.008778601627397745,0.0,1.0,0.0,0.0,0.0,0.0,7.628340680206097
STU-12028,0.523213979784135,0.3360911142151066,0.2970530451866406,0.7421686746987951,0.5432098765432103,0.8,-0.41281522870679255,0.0,0.0,0.0,0.0,0.0,1.0,4.78
STU-14970,-0.47592941579578596,-0.06360803696142706,0.32534381139489205,2.079518072289156,0.9135802469135804,1.2,-1.04006458603327,0.0,0.0,1.0,0.0,0.0,0.0,3.31
STU-10518,-1.2866198389583694,-1.288922316535941,-1.2888015717092338,-0.7783132530120482,-0.030864197530864085,0.0,-1.4616584163674604,1.0,0.0,1.0,0.0,0.0,0.0,1.96
STU-12447,-0.7993832448175436,0.0034382722681851638,-0.40235756385068777,0.0746987951807228,0.4567901234567902,0.8,-1.0811956914317276,0.0,0.0,0.0,0.0,0.0,1.0,3.65
STU-12553,0.2038718519787558,-0.983775652734501,-0.2530451866404715,0.10602409638554204,0.39506172839506204,1.8,0.8005523805477066,0.0,0.0,1.0,0.0,0.0,0.0,3.65
STU-10963,0.9988007538118888,-0.0777909100676911,-0.017288801571709148,0.2867469879518071,1.580246913580247,0.8,0.6977246170515621,0.0,0.0,0.0,1.0,0.0,0.0,4.63
STU-14678,-1.2352235737536408,-1.0529708821317292,-0.7795677799607074,-0.19759036144578318,-0.7530864197530862,0.6,0.0,1.0,0.0,0.0,1.0,0.0,0.0,3.07
STU-13802,-1.839643652561248,-0.462877404104438,-1.3595284872298627,0.11084337349397588,1.4567901234567908,-0.2,-1.2045890076271004,0.0,0.0,0.0,0.0,0.0,1.0,2.68
STU-12292,0.9988007538118888,0.5273450091329106,0.5563850687622792,0.4915662650602409,0.6419753086419758,-1.0,0.6360279589538761,1.0,0.0,1.0,0.0,0.0,0.0,5.28
STU-10258,-0.0716121295185894,0.0,-0.1587426326129666,-0.1253012048192772,-1.1049382716049376,0.0,0.6874418407019479,0.0,0.0,0.0,0.0,1.0,0.0,3.52
STU-14190,0.0,0.5273450091329106,1.013752455795678,0.21686746987951794,0.46913580246913617,0.0,1.3249739743780404,0.0,0.0,0.0,0.0,1.0,0.0,5.63
STU-13378,0.0,-0.06704630922961222,0.40707269155206294,-0.7253012048192771,-0.5370370370370365,1.0,0.11160636512354223,0.0,0.0,1.0,0.0,0.0,0.0,3.87
STU-14898,-0.003083775912284798,-1.2717309551950147,-0.7465618860510806,-0.8,-0.8518518518518517,0.2,-0.49507743950370686,0.0,0.0,0.0,0.0,1.0,0.0,3.12
STU-10068,0.3539489463765627,-0.2608789083485552,-0.3206286836935166,0.45783132530120463,-0.5617283950617279,0.0,0.4715035373600457,0.0,0.0,1.0,0.0,0.0,0.0,4.41
STU-12289,-0.8055507966421113,-1.55581820135382,0.0,-0.18072289156626503,0.38888888888888934,-1.0,0.0,0.0,0.0,0.0,0.0,0.0,1.0,3.47
STU-13594,-1.4031180400890872,-1.0658644031374238,0.5956777996070729,-0.6072289156626506,-0.759259259259259,0.6,0.37895855021351627,0.0,0.0,0.0,1.0,0.0,0.0,3.67
STU-10166,0.39712180914853434,0.18996454281723443,0.6051080550098232,0.20722891566265045,-0.08641975308641955,0.4,0.5126346427585032,0.0,0.0,0.0,0.0,0.0,1.0,5.4
STU-10978,0.9001199246188103,0.5273450091329106,0.671119842829077,-0.4,0.09259259259259281,-0.4,-0.1454630436168176,0.0,0.0,0.0,1.0,0.0,0.0,4.8
STU-11938,0.0,-0.9184484796389817,-0.9053045186640473,-0.31807228915662655,-0.14814814814814772,0.8,-0.7624296245936818,0.0,0.0,0.0,1.0,0.0,0.0,2.88
STU-13354,0.9988007538118888,0.5191791124959707,-0.045579567779960584,-0.4867469879518072,0.41975308641975345,1.0,-0.0632008328199024,0.0,1.0,0.0,0.0,0.0,0.0,4.32
STU-13848,0.08463251670378517,0.5273450091329106,0.20432220039292745,-0.09397590361445796,0.19753086419753102,-0.2,-0.5362085449021645,0.0,0.0,0.0,0.0,0.0,1.0,3.88
STU-13682,0.7479869796128142,-0.6317825292790374,0.5359528487229863,0.6096385542168673,0.15432098765432098,-0.2,0.564048524506575,0.0,0.0,0.0,1.0,0.0,0.0,5.06
STU-13684,-0.23470961110159405,-0.5178897603954012,0.1477406679764243,0.506024096385542,-0.08024691358024684,-1.0,-0.6184707556990797,0.0,1.0,0.0,0.0,0.0,0.0,4.78
STU-13073,0.9988007538118888,0.0,0.5422396856581535,-0.9951807228915661,-0.38271604938271553,0.0,1.16044955278421,0.0,1.0,0.0,0.0,0.0,0.0,4.8
STU-14496,0.8603734795271538,0.3820780058020845,-0.8612966601178783,-0.5855421686746988,0.5925925925925931,1.8,-0.8035607299921395,0.0,0.0,0.0,0.0,0.0,1.0,4.32
STU-12501,0.04694192222031784,0.5273450091329106,0.3111984282907663,0.5879518072289155,0.7407407407407414,-0.6,-0.16602859631604688,0.0,0.0,0.0,1.0,0.0,0.0,3.97
STU-12572,0.39712180914853434,0.24927473944342957,-0.1823182711198429,-1.0289156626506024,-1.574074074074074,-0.2,-0.1146147145679751,0.0,1.0,0.0,0.0,0.0,0.0,4.8
STU-10024,-1.0090800068528358,-0.5647362200494253,-1.2542239685658154,0.3734939759036144,0.06790123456790143,1.0,-1.9243833521001084,1.0,0.0,0.0,0.0,1.0,0.0,2.42
STU-14106,-1.0947404488607166,-1.672719458472118,-0.5831041257367386,-0.6963855421686747,-1.0185185185185182,1.0,-0.5876224266502372,1.0,0.0,0.0,0.0,0.0,1.0,2.53
STU-11851,0.2264862086688362,-0.38422692596970015,-0.32848722986247547,-0.7831325301204819,0.4444444444444448,-0.6,-0.3408357942594915,1.0,0.0,1.0,0.0,0.0,0.0,3.82
STU-14502,-1.2208326194963173,-0.3532824755560331,-0.2719056974459726,-0.6,0.6851851851851859,0.4,0.0,1.0,0.0,0.0,0.0,0.0,1.0,4.95
STU-10563,0.5903717663183138,0.2832276780917585,0.6223968565815327,-0.9542168674698794,-0.5617283950617279,0.2,1.0679045656376807,1.0,0.0,0.0,0.0,1.0,0.0,4.98
STU-13486,-0.9206784307007034,-1.2429354249489633,-1.1332023575638508,0.6650602409638553,0.27160493827160515,0.2,-0.8961057171386688,1.0,0.0,0.0,0.0,0.0,1.0,2.28
STU-14230,-0.2305979098852156,0.5273450091329106,0.45893909626719065,0.38072289156626504,-0.2716049382716046,1.4,0.42008965561197387,1.0,0.0,0.0,0.0,0.0,1.0,4.74
STU-10398,0.0,-0.11604168905125188,-0.25461689587426317,0.8674698795180721,-0.1790123456790118,-0.6,-0.3511185706091057,0.0,0.0,0.0,0.0,1.0,0.0,3.94
STU-14618,-0.3299640226143575,-0.2961211990974536,-0.5280943025540275,0.6987951807228916,0.4876543209876543,1.8,-0.3408357942594915,0.0,0.0,0.0,1.0,0.0,0.0,4.15
STU-14337,0.3806750042830216,0.22348769743204053,0.3426326129666012,-0.7253012048192771,0.9814814814814813,-0.2,-0.9680851515859699,0.0,0.0,0.0,1.0,0.0,0.0,5.18
STU-13128,-0.8521500770943988,-0.7486837863973355,-0.11316306483300602,1.0433734939759036,-0.5617283950617279,0.0,0.33782744481505866,0.0,0.0,0.0,0.0,0.0,1.0,3.19
STU-10754,0.9892067843070061,0.4843666057805951,-0.24833005893909632,-0.5927710843373495,-0.7777777777777776,-0.2,-0.6390363083983089,0.0,0.0,0.0,1.0,0.0,0.0,4.34
STU-10412,0.5389755011135854,0.5273450091329106,1.0876227897838902,0.019277108433734955,0.13580246913580285,-0.2,1.3249739743780404,0.0,0.0,0.0,0.0,0.0,1.0,6.06
STU-12284,0.4142538975501105,0.5273450091329106,0.5060903732809432,0.18554216867469867,0.703703703703704,-0.4,-0.24829080711296211,0.0,1.0,0.0,0.0,0.0,0.0,4.38
STU-11513,0.11889669350693748,-0.2647469646502637,-1.4679764243614934,-0.4024096385542168,0.8827160493827159,0.6,0.18358579957084237,0.0,0.0,1.0,0.0,0.0,0.0,3.58
STU-13474,-0.1949631660099375,0.28494681422585133,0.48565815324165035,0.09397590361445775,0.16666666666666693,0.0,-0.1454630436168176,0.0,0.0,1.0,0.0,0.0,0.0,4.56
STU-12645,0.5396607846496477,0.5273450091329106,1.85147347740668,-0.4626506024096386,0.4382716049382721,0.0,1.2735600926299686,0.0,0.0,0.0,1.0,0.0,0.0,5.91
STU-11948,-1.5360630460853186,-0.7228967443859464,-0.5092337917485267,-0.11084337349397588,0.6851851851851859,-0.2,-1.0709129150821135,0.0,0.0,1.0,0.0,0.0,0.0,2.4
STU-11199,0.8425561075895143,0.5273450091329106,0.7528487229862478,0.4,-0.2839506172839506,0.2,-0.2071597017145045,0.0,0.0,1.0,0.0,0.0,0.0,4.79
STU-13062,0.9988007538118888,0.009885032771032117,1.0326129666011787,-0.12771084337349403,1.7037037037037035,1.0,0.5023518664088891,0.0,0.0,0.0,0.0,1.0,0.0,5.07
STU-12677,0.8103477813945511,0.5273450091329106,0.176031434184676,0.2265060240963854,-0.9197530864197526,8.4,0.564048524506575,0.0,0.0,0.0,0.0,0.0,1.0,4.24
STU-11581,0.4485180743532628,0.37262275706457515,0.5390962671905698,0.31807228915662633,0.364197530864198,-0.8,0.0807580360746988,0.0,0.0,0.0,1.0,0.0,0.0,4.28
STU-12444,0.1120438581463074,-0.5806382292897821,-0.7402750491159137,-0.13253012048192767,-0.8148148148148144,0.8,0.2658480103677576,0.0,1.0,0.0,0.0,0.0,0.0,3.78
STU-14608,-0.37382216892239245,0.5208982486300631,-0.059724950884086296,2.1686746987951806,0.030864197530864633,-1.0,-0.8241262826913678,1.0,1.0,0.0,0.0,0.0,0.0,4.44
STU-14400,0.6143566900805201,0.4048565595788117,0.27662082514734776,-0.34216867469879514,-0.7160493827160489,0.4,0.6360279589538761,0.0,0.0,0.0,0.0,1.0,0.0,4.41
STU-10749,0.4094569127976696,0.21575158482862347,1.2667976424361496,-0.7710843373493975,0.2160493827160497,-1.0,1.088470118336909,0.0,0.0,0.0,1.0,0.0,0.0,5.73
STU-13627,-0.049683056364571425,0.5273450091329106,1.5339882121807469,0.9710843373493974,-1.1049382716049376,0.2,0.0,0.0,0.0,0.0,0.0,0.0,1.0,5.29
STU-12491,0.36559876648963463,0.14354786719673318,-0.0974459724950883,0.24337349397590355,0.4506172839506175,0.2,0.7182901697507914,0.0,0.0,0.0,0.0,0.0,1.0,4.27
STU-10904,0.5842042144937462,0.5273450091329106,0.9603143418467587,0.33253012048192765,0.0,-0.2,1.0370562365888372,1.0,0.0,0.0,1.0,0.0,0.0,5.72
STU-11006,-0.17714579407229794,-0.5196088965294942,-0.12730844793713172,0.619277108433735,0.4444444444444448,0.0,-0.33055301790987734,1.0,0.0,0.0,1.0,0.0,0.0,3.51
STU-10236,0.7363371594997423,0.5273450091329106,-0.012573673870334002,0.09879518072289159,0.9938271604938278,0.6,0.4509379846608173,0.0,1.0,0.0,0.0,0.0,0.0,5.01
STU-12870,0.09559705328079368,0.36144837219297293,0.49980353634577607,0.0746987951807228,0.7962962962962968,1.4,1.3249739743780404,0.0,0.0,0.0,1.0,0.0,0.0,4.86
STU-13854,-0.025012849066301805,0.0,0.8895874263261301,-0.7204819277108434,-0.19753086419753046,-0.8,0.5537657481569609,1.0,0.0,1.0,0.0,0.0,0.0,5.69
STU-11112,-1.3743361315744393,-0.0004297840335233745,0.743418467583497,-0.19518072289156638,1.1913580246913578,-0.6,-0.02206972742144478,1.0,0.0,0.0,0.0,1.0,0.0,5.02
STU-12881,-0.20524241905088259,-0.7706027721070166,-0.5689587426326129,-0.13012048192771083,1.3518518518518525,0.4,-0.02206972742144478,0.0,0.0,0.0,0.0,1.0,0.0,2.95
STU-12446,-0.6123008394723327,0.5273450091329106,13.377600207002878,-0.3734939759036144,-1.0432098765432094,0.6,-0.13518026726720345,0.0,0.0,1.0,0.0,0.0,0.0,3.89
STU-14175,-0.4999143395579932,-0.015042441173310779,0.5139489194499018,0.525301204819277,-1.37037037037037,1.0,-0.8652573880898254,1.0,0.0,0.0,0.0,0.0,1.0,4.0
STU-12939,-0.22785677574096397,0.3717631889975284,0.29862475442043235,-0.6240963855421687,1.475308641975309,-0.8,-0.042635280120674045,0.0,0.0,0.0,1.0,0.0,0.0,4.59
STU-10062,0.28610587630632056,-0.12549693778876123,-0.3944990176817289,1.2072289156626503,-0.4629629629629629,-1.0,0.0,1.0,0.0,0.0,0.0,0.0,1.0,5.15
STU-11247,-0.7102963851293478,-0.8157300956269476,-1.2589390962671907,0.3277108433734938,-0.493827160493827,-0.2,-0.3614013469587199,1.0,0.0,0.0,0.0,0.0,1.0,2.69
STU-10112,-0.5211581291759477,-0.9180186956054583,0.18546168958742631,-0.35180722891566263,0.351851851851852,0.2,0.7697040514988631,1.0,0.0,0.0,0.0,0.0,1.0,3.98
STU-12449,-0.15453143738221753,0.47491135704308574,-0.056581532416502864,-0.708433734939759,0.0,0.6,-0.0632008328199024,1.0,0.0,0.0,0.0,0.0,1.0,4.47
STU-10003,-0.16138427274284858,-0.5617277318147634,0.09273084479371316,-0.2626506024096385,-0.7160493827160489,-0.2,-0.8549746117402113,1.0,0.0,0.0,0.0,1.0,0.0,3.36
STU-12026,-0.28199417508994407,-0.10056946384441834,-0.26561886051080547,-0.5108433734939759,1.469135802469136,0.4,-1.0811956914317276,0.0,1.0,0.0,0.0,0.0,0.0,3.8
STU-13074,0.0,0.37219297303105175,0.30019646365422403,1.1927710843373491,1.3333333333333333,-0.4,0.34811022116467283,1.0,0.0,0.0,0.0,1.0,0.0,5.16
STU-10078,0.563645708411855,0.5273450091329106,0.8314341846758353,-0.5108433734939759,0.6111111111111112,0.6,1.3249739743780404,1.0,0.0,1.0,0.0,0.0,0.0,5.97
STU-10251,0.815144766146992,-0.40743526377995076,-0.004715127701375146,-0.6265060240963856,-0.31481481481481466,0.2,1.0576217892880664,0.0,0.0,0.0,0.0,0.0,1.0,4.52
STU-12977,-0.2182628062360813,0.5273450091329106,0.3206286836935169,0.13975903614457832,-0.790123456790123,-1.0,-0.0632008328199024,1.0,0.0,0.0,0.0,1.0,0.0,4.71
STU-12103,-0.3416138427274294,-0.630493177178468,-0.12573673870333973,-0.24819277108433738,-0.5925925925925926,0.8,-0.5259257685525504,1.0,0.0,0.0,0.0,0.0,1.0,3.95
STU-13822,-0.6164125406887102,0.5273450091329106,0.04243614931237715,0.24578313253012035,0.4506172839506175,0.8,1.088470118336909,1.0,0.0,0.0,0.0,1.0,0.0,4.68
STU-12628,0.3395579921192382,0.18867519071666491,0.6349705304518667,2.4939759036144573,0.4629629629629629,-1.0,0.6360279589538761,1.0,0.0,0.0,0.0,1.0,0.0,5.58
STU-11727,0.6780880589343828,0.5153110561942622,0.744990176817289,-0.05542168674698805,-0.0432098765432095,0.6,0.4303724319615881,0.0,0.0,0.0,1.0,0.0,0.0,4.63
STU-14787,-0.3772485866027075,-0.6137315998710648,-0.3677799607072692,-0.4120481927710843,-0.02469135802469083,-0.2,-0.3511185706091057,0.0,0.0,0.0,1.0,0.0,0.0,3.43
STU-14488,0.9988007538118888,-0.3167508327065652,-0.16188605108055001,1.4048192771084336,-1.1666666666666663,-0.4,1.3249739743780404,0.0,0.0,0.0,1.0,0.0,0.0,5.04
STU-13452,-0.7952715436011661,-0.708284087246159,0.5076620825147349,0.7084337349397588,0.4444444444444448,-0.6,0.0,1.0,0.0,1.0,0.0,0.0,0.0,3.62
STU-11171,0.37793387013876895,0.0,-0.8471512770137526,0.05542168674698784,1.3271604938271606,-0.2,-0.02206972742144478,1.0,0.0,0.0,1.0,0.0,0.0,3.46
STU-14574,0.007195477128661282,-0.9034060384656715,-1.7304518664047155,0.0,0.0,1.4,0.3069791157662152,1.0,1.0,0.0,0.0,0.0,0.0,3.63
STU-11059,-0.541716635257839,-1.441925432470184,-0.9053045186640473,-0.9373493975903614,-0.5123456790123452,0.2,-0.8241262826913678,1.0,0.0,0.0,1.0,0.0,0.0,2.55
STU-14597,0.7048141168408416,0.5273450091329106,1.3375245579567783,0.43373493975903604,0.9135802469135804,1.4,-0.6698846374471524,0.0,0.0,0.0,0.0,0.0,1.0,4.69
STU-14547,-0.27034435497687215,-1.6808853551090581,-0.6648330058939097,-0.6530120481927711,-0.18518518518518506,0.2,0.6977246170515621,1.0,0.0,0.0,0.0,0.0,1.0,3.85
STU-12387,0.9008052081548727,0.5273450091329106,0.6601178781925346,-0.2120481927710843,-0.2901234567901233,-0.2,0.0,0.0,0.0,1.0,0.0,0.0,0.0,4.57
STU-13178,-1.109131403118041,-0.8930912216611154,0.0,0.2506024096385542,-1.265432098765432,-1.0,-0.21744247806411868,1.0,0.0,1.0,0.0,0.0,0.0,2.22
STU-10817,0.6493061504197357,0.41388202428279774,0.3174852652259332,-0.4843373493975904,0.7901234567901241,-0.2,0.7285729461004056,1.0,0.0,0.0,0.0,0.0,1.0,5.46
STU-10643,0.24910056535891661,-0.013753089072741266,-0.35049115913556006,0.506024096385542,0.6975308641975313,-0.2,-0.6596018610975374,0.0,0.0,0.0,0.0,1.0,0.0,3.73
STU-11245,0.6869967449032031,-0.2948318469968841,1.5339882121807469,-0.05542168674698805,0.5308641975308643,-1.0,1.3249739743780404,0.0,0.0,0.0,0.0,0.0,1.0,4.99
STU-14922,0.09354120267260543,0.5273450091329106,0.5752455795677801,-0.2240963855421688,-0.10493827160493822,-1.0,-1.0194990333340417,0.0,0.0,0.0,0.0,0.0,1.0,3.61
STU-14146,-0.5389755011135863,-0.7830665090791877,-0.3347740667976423,0.007228915662650447,0.2222222222222224,-0.2,0.13217191782277057,0.0,0.0,0.0,1.0,0.0,0.0,3.63
STU-12073,0.7404488607161207,0.5273450091329106,1.368958742632613,-0.6771084337349397,-0.604938271604938,-1.0,0.5743313008561892,0.0,0.0,0.0,1.0,0.0,0.0,5.02
STU-10520,0.2833647421620689,0.5273450091329106,-0.05186640471512772,0.544578313253012,1.0061728395061733,-0.2,-0.12489749091758927,0.0,0.0,0.0,0.0,1.0,0.0,4.81
STU-13105,0.9275312660613316,0.5273450091329106,1.5544204322200394,0.08433734939759027,-1.2098765432098764,0.2,0.37895855021351627,0.0,0.0,0.0,0.0,1.0,0.0,5.1
STU-14087,0.9988007538118888,0.5273450091329106,1.4161100196463656,0.45542168674698785,-0.4320987654320983,0.2,0.0,0.0,0.0,1.0,0.0,0.0,0.0,5.21
STU-10329,0.20798355319513326,0.4512732351993124,0.8110019646365427,0.0,0.29629629629629656,-0.4,0.2761307867173727,0.0,0.0,0.0,1.0,0.0,0.0,4.83
STU-12959,0.6068185711838265,0.5273450091329106,1.3909626719056976,0.4771084337349396,0.4506172839506175,1.4,0.7697040514988631,0.0,0.0,0.0,0.0,1.0,0.0,5.11
STU-10591,-0.02295699845811259,-0.9120017191361341,-0.25147347740667975,-0.38072289156626504,-0.493827160493827,0.8,-1.1428923495294145,0.0,1.0,0.0,0.0,0.0,0.0,3.5
STU-10536,0.7623779338701377,-0.27506178145481924,-0.5689587426326129,0.7734939759036141,0.9814814814814813,0.0,0.38924132656313043,0.0,0.0,0.0,1.0,0.0,0.0,4.19
STU-11430,-0.0832619496316613,0.5273450091329106,0.45108055009823206,-0.40963855421686746,0.8395061728395069,0.0,-0.6801674137967666,0.0,1.0,0.0,0.0,0.0,0.0,5.12
STU-13289,-0.7116669522014737,-0.6829268292682927,0.0,0.8554216867469876,-0.32716049382716006,-1.0,-0.9989334806348125,0.0,1.0,0.0,0.0,0.0,0.0,3.13
STU-11533,-0.6136714065444586,0.0,0.40392927308447946,-0.4891566265060241,0.16666666666666693,-1.0,1.2118634345322818,1.0,0.0,1.0,0.0,0.0,0.0,4.83
STU-10159,0.17029295871166591,0.24927473944342957,0.2231827111984283,1.1903614457831324,-0.0432098765432095,0.4,-0.2997046888610339,1.0,0.0,0.0,1.0,0.0,0.0,4.53
STU-14565,-1.0035977385643315,-0.9304824325776301,0.017288801571709148,-0.8554216867469879,-0.22222222222222185,-0.6,-0.7932779536425244,0.0,0.0,0.0,0.0,1.0,0.0,2.89
STU-11842,0.9988007538118888,0.5273450091329106,1.1599214145383108,-0.853012048192771,-0.339506172839506,0.8,1.3249739743780404,0.0,0.0,0.0,1.0,0.0,0.0,5.83
STU-14012,0.43892410484838007,0.041259267218222574,0.0,1.1590361445783133,-0.27777777777777735,0.4,1.1398840000849817,1.0,0.0,0.0,0.0,0.0,1.0,5.38
STU-10928,0.1709782422477293,0.3421080906844308,0.2671905697445975,-0.3397590361445783,0.8641975308641977,-0.4,-0.12489749091758927,0.0,0.0,0.0,0.0,0.0,1.0,4.12
STU-14537,0.2258009251327728,0.32577629741055114,0.09587426326129658,-0.9855421686746987,0.2839506172839511,-1.0,0.893097367694236,1.0,0.0,0.0,0.0,1.0,0.0,4.61
STU-14762,0.28610587630632056,0.07263350166541303,-0.088015717092338,-0.7903614457831325,0.3148148148148152,1.6,0.8622490386453926,1.0,0.0,0.0,0.0,0.0,1.0,4.57
STU-10584,-0.5951687510707566,-0.4989792629203825,-0.40392927308447946,-0.5951807228915663,-1.0864197530864195,0.0,0.18358579957084237,0.0,0.0,0.0,1.0,0.0,0.0,3.59
STU-11168,0.9988007538118888,0.5273450091329106,0.0,-0.6385542168674699,0.41975308641975345,0.6,0.564048524506575,1.0,1.0,0.0,0.0,0.0,0.0,6.18
STU-12633,-1.299640226143568,-1.0001074460083812,-0.8471512770137526,-0.27951807228915665,-0.1296296296296296,-0.4,-1.4822239690666896,1.0,0.0,0.0,0.0,0.0,1.0,2.53
STU-14030,0.6294329278739069,-0.7233265284194692,0.056581532416502864,-0.06746987951807235,-0.11728395061728364,0.4,0.759421275149249,0.0,1.0,0.0,0.0,0.0,0.0,4.24
STU-14829,-0.7575809491176979,-0.5922423981949072,-0.707269155206287,-0.9253012048192771,-0.08024691358024684,0.0,-0.19687692536489032,1.0,0.0,0.0,1.0,0.0,0.0,3.76
STU-12651,-0.6479355833476109,-0.30901472010314807,-0.2954813359528486,0.1493975903614458,-0.7654320987654316,0.2,-1.0194990333340417,0.0,0.0,0.0,0.0,1.0,0.0,4.54
STU-12833,0.48826451944491933,0.0,-0.19174852652259344,-0.5710843373493976,-0.679012345679012,-0.2,-0.19687692536489032,1.0,0.0,0.0,0.0,0.0,1.0,3.99
STU-14425,0.10998800753811819,0.45385193940045143,-0.4385068762278978,-0.6072289156626506,-0.4320987654320983,0.0,-0.6184707556990797,1.0,1.0,0.0,0.0,0.0,0.0,3.96
STU-13737,0.5471989035463413,0.10701622434726529,-0.4510805500982318,-0.27951807228915665,0.30864197530864196,1.8,0.965076802141537,0.0,0.0,0.0,0.0,1.0,0.0,4.85
STU-12857,-0.8925818057221179,-0.8823466208230365,-0.7371316306483301,-0.9638554216867469,0.15432098765432098,0.0,0.893097367694236,0.0,0.0,0.0,0.0,1.0,0.0,4.41
STU-10695,0.7116669522014727,0.33781025034919954,0.8157170923379176,-0.22650602409638562,1.098765432098766,-1.0,0.8828145913446218,1.0,0.0,0.0,0.0,0.0,1.0,5.83
STU-11235,0.0,0.13151391425808542,-0.41178781925343805,1.0530120481927707,-1.0925925925925923,0.0,0.18358579957084237,1.0,0.0,0.0,1.0,0.0,0.0,4.27
STU-10588,0.15316087031008976,0.5273450091329106,0.2231827111984283,-0.28915662650602414,-0.9259259259259258,-0.4,0.060192483375469535,1.0,0.0,0.0,0.0,0.0,1.0,4.84
STU-10573,0.5547370224430347,0.5273450091329106,0.7858546168958747,-0.4506024096385542,0.814814814814815,-0.8,-0.32027024156026224,1.0,0.0,0.0,1.0,0.0,0.0,5.14
STU-11073,0.4868939523727935,0.2518534436445686,0.9980353634577604,0.01445783132530111,-0.35802469135802417,0.0,-0.16602859631604688,0.0,0.0,0.0,1.0,0.0,0.0,4.88
STU-11315,0.0,-0.43408187385838654,-0.8047151277013754,2.2072289156626503,-0.38271604938271553,0.8,-1.8935350230512649,1.0,0.0,0.0,0.0,1.0,0.0,2.92
STU-11677,0.9988007538118888,0.5273450091329106,1.0090373280943028,0.4385542168674697,-0.6666666666666661,-0.8,0.3686757738639021,0.0,1.0,0.0,0.0,0.0,0.0,5.31
STU-11630,-0.300496830563646,0.4233372730203071,13.265425698338333,0.3132530120481927,-0.35185185185185147,0.4,-1.029781809683656,0.0,0.0,0.0,1.0,0.0,0.0,3.87
STU-12088,-0.5629604248757936,0.5208982486300631,0.5642436149312378,1.4120481927710842,-1.9691358024691354,-1.0,-1.112044020480571,0.0,1.0,0.0,0.0,0.0,0.0,3.66
STU-10535,-1.0474558848723665,0.08853551090576996,0.04086444007858543,0.11084337349397588,-0.6851851851851848,-0.6,0.3686757738639021,1.0,0.0,0.0,1.0,0.0,0.0,4.82
STU-10035,0.8048655131060469,0.5273450091329106,0.9445972495088409,-0.7397590361445783,0.8271604938271604,-0.6,1.0679045656376807,0.0,0.0,0.0,0.0,0.0,1.0,5.45
STU-10417,-0.140140483124894,0.5273450091329106,0.0,1.506024096385542,-0.5555555555555551,-0.6,0.2555652340181434,0.0,0.0,0.0,0.0,0.0,1.0,4.75
STU-13302,0.004454342984408669,0.024067905877296757,0.587819253438114,2.489156626506024,0.4444444444444448,1.8,1.3249739743780404,0.0,0.0,1.0,0.0,0.0,0.0,4.97
STU-10519,0.10450573924961394,0.3476952831202316,-0.06129666011787829,-0.4843373493975904,-0.45061728395061695,1.2,-0.08376638551913165,0.0,1.0,0.0,0.0,0.0,0.0,4.12
STU-14575,0.0,-0.4396690662941874,-0.919449901768173,-0.6650602409638554,-1.685185185185185,1.0,-1.4513756400178461,1.0,0.0,1.0,0.0,0.0,0.0,2.07
STU-12013,0.9988007538118888,0.0,1.8546168958742635,-0.4506024096385542,0.4074074074074075,-0.8,1.3249739743780404,1.0,0.0,0.0,0.0,0.0,1.0,5.78
STU-10429,0.4903203700531085,-0.3868056301708392,-0.5202357563850689,-1.0048192771084337,0.33950617283950657,-1.0,-0.5979052029998514,0.0,0.0,1.0,0.0,0.0,0.0,3.63
STU-10208,0.6520472845639874,0.5273450091329106,0.4793713163064835,-0.9783132530120482,0.8765432098765431,-0.2,-0.4847946631540927,0.0,0.0,0.0,0.0,1.0,0.0,5.07
STU-12875,0.9988007538118888,0.5273450091329106,2.4550098231827113,1.3012048192771084,-0.24074074074074053,0.2,1.3249739743780404,0.0,1.0,0.0,0.0,0.0,0.0,5.95
STU-13502,-0.1058763063217417,0.5273450091329106,1.1001964636542245,0.2915662650602409,-0.4999999999999997,0.2,0.5948968535554185,1.0,0.0,0.0,0.0,0.0,1.0,5.17
STU-12232,0.44440637313688436,-0.2986999032985926,-0.8911591355599215,-0.5012048192771084,1.2654320987654324,0.0,0.3069791157662152,1.0,0.0,0.0,0.0,1.0,0.0,4.15
STU-10031,0.10793215692992897,0.5273450091329106,0.35206286836935174,-0.26024096385542167,-0.45679012345678965,-1.0,0.2658480103677576,0.0,0.0,1.0,0.0,0.0,0.0,5.0
STU-12337,-0.6582148363885569,-1.3409261845922427,-0.20275049115913546,-0.09156626506024093,1.9012345679012346,0.4,0.3275446684654445,1.0,1.0,0.0,0.0,0.0,0.0,4.33
STU-13875,0.3532636628404993,0.5273450091329106,1.1614931237721022,0.05542168674698784,0.30864197530864196,-0.4,0.5948968535554185,0.0,0.0,0.0,0.0,0.0,1.0,5.55
STU-10652,-0.26965907144080975,-0.9949500376061032,-0.07701375245579573,1.780722891566265,-0.493827160493827,0.6,0.7080073934011771,0.0,0.0,0.0,1.0,0.0,0.0,3.52
STU-13599,-1.3304779852664044,-0.360159020092404,-0.2954813359528486,1.575903614457831,1.1481481481481488,1.2,-1.1531751258790288,1.0,0.0,0.0,1.0,0.0,0.0,3.17
STU-14126,0.16344012335103586,-0.01117438487160224,0.35834970530451865,0.39036144578313253,-0.19753086419753046,0.0,0.9856423548407653,0.0,0.0,0.0,0.0,1.0,0.0,4.89
STU-11155,-1.5401747473016965,-0.8307725368002579,-0.050294695481336006,-0.6771084337349397,-0.9999999999999994,0.6,0.0,0.0,0.0,0.0,0.0,0.0,1.0,2.96
STU-12503,0.15316087031008976,0.0,-0.050294695481336006,1.7469879518072287,0.41975308641975345,-0.8,-0.1146147145679751,1.0,1.0,0.0,0.0,0.0,0.0,3.34
STU-14765,-0.7212609217063564,-1.0671537552379933,-1.5685658153241653,0.7686746987951806,0.14814814814814828,0.0,-1.0194990333340417,1.0,1.0,0.0,0.0,0.0,0.0,2.7
STU-13359,-0.24430358060647672,-1.781025034919953,-0.9304518664047152,-0.11325301204819292,-1.2777777777777772,0.4,-0.2997046888610339,0.0,0.0,0.0,1.0,0.0,0.0,3.01
STU-10860,-1.1934212780537952,-1.4647039862469113,-1.2479371316306485,-0.5036144578313253,-1.4259259259259256,0.6,-1.3279823238224733,0.0,0.0,0.0,0.0,1.0,0.0,2.23
STU-12655,0.9988007538118888,0.35543139572364874,1.068762278978389,0.17349397590361437,-0.03703703703703679,0.0,1.3249739743780404,0.0,0.0,0.0,1.0,0.0,0.0,5.29
STU-14741,0.5540517389069722,0.2604491243150318,-0.34420432220039293,2.1807228915662646,0.8703703703703703,1.0,-0.505360215853322,0.0,1.0,0.0,0.0,0.0,0.0,3.7
STU-11560,-0.28336474216206986,0.3511335553884174,0.4306483300589392,2.0771084337349395,0.0,0.2,0.3069791157662152,0.0,0.0,0.0,1.0,0.0,0.0,4.79
STU-11449,-0.19359259893781167,0.0,0.8141453831041261,-0.20240963855421681,-0.8641975308641971,-0.6,-0.2071597017145045,0.0,0.0,0.0,0.0,0.0,1.0,4.13
STU-12333,-0.0140483124892933,-0.17535188567744703,-0.6145383104125738,0.8168674698795182,0.833333333333333,-0.2,0.2555652340181434,0.0,0.0,0.0,1.0,0.0,0.0,2.98
STU-14050,-0.956998458112045,-0.913720855270227,-0.7779960707269157,0.7686746987951806,0.8518518518518523,0.2,-0.5464913212517796,0.0,0.0,0.0,1.0,0.0,0.0,2.14
STU-10523,0.21140997087544927,-0.574621252820458,-0.6003929273084481,-0.253012048192771,1.0370370370370368,0.0,0.5332001954577326,1.0,1.0,0.0,0.0,0.0,0.0,3.95
STU-13497,-1.3763919821826285,-1.8029440206296339,-1.2966601178781927,0.8698795180722889,0.7283950617283949,0.2,-0.6287535320486948,1.0,0.0,0.0,1.0,0.0,0.0,2.28
STU-13396,0.0,0.2398194907059202,-0.044007858546168864,-0.3783132530120482,-0.8148148148148144,0.8,0.12188914147315641,0.0,0.0,1.0,0.0,0.0,0.0,4.48
STU-10923,-0.03392153503512109,0.38981411840550095,0.7166994106090375,-0.3734939759036144,0.6172839506172839,1.2,0.7182901697507914,0.0,0.0,0.0,1.0,0.0,0.0,5.19
STU-10139,0.08531780023984857,-0.2986999032985926,0.08487229862475458,1.16144578313253,-0.32098765432098736,-1.0,-0.13518026726720345,0.0,0.0,1.0,0.0,0.0,0.0,3.6
STU-10907,0.6876820284392655,-0.10873536048135818,-0.543811394891945,0.7975903614457832,0.05555555555555601,2.4,0.23499968131891508,0.0,0.0,0.0,1.0,0.0,0.0,4.03
STU-14885,-0.49785848894980395,0.46072848393682175,0.3819253438113949,-0.3879518072289157,2.4567901234567904,0.6,0.44065520831120225,1.0,1.0,0.0,0.0,0.0,0.0,5.31
STU-11053,-0.6856261778310783,-0.44783496293112723,0.38821218074656205,-0.44337349397590364,-1.2037037037037033,1.2,-0.16602859631604688,0.0,0.0,0.0,1.0,0.0,0.0,3.72
STU-10337,0.35737536405687775,0.5273450091329106,-0.11316306483300602,-0.15662650602409645,-0.8086419753086417,-1.0,0.8828145913446218,1.0,1.0,0.0,0.0,0.0,0.0,4.57
STU-14383,-1.6594140825766668,-0.36918448479639,-1.1049115913555994,0.6265060240963854,0.679012345679012,-1.0,-1.502789521765918,1.0,0.0,0.0,0.0,0.0,1.0,2.65
STU-12934,0.5821483638855569,0.5273450091329106,0.7119842829076621,-0.6072289156626506,0.04320987654321005,0.0,0.10132358877392715,0.0,1.0,0.0,0.0,0.0,0.0,4.77
STU-11507,-0.1284906630118221,-0.19254324701837344,-0.5249508840864441,-1.1975903614457832,-1.3888888888888888,1.2,-0.2997046888610339,1.0,0.0,1.0,0.0,0.0,0.0,3.15
STU-10668,0.18673976357717964,0.44912431503169675,-0.16974459724950888,1.219277108433735,0.2222222222222224,-0.4,-0.27913913616180464,0.0,0.0,0.0,0.0,0.0,1.0,4.22
STU-12134,-0.1826280623608022,-1.2459439131836254,-0.738703339882122,0.16867469879518074,0.2407407407407411,-0.6,-0.6390363083983089,0.0,0.0,1.0,0.0,0.0,0.0,3.32
STU-14800,0.7589515161898227,0.5273450091329106,0.011001964636542285,-0.45783132530120485,-1.0370370370370368,-0.2,-0.3511185706091057,0.0,0.0,0.0,0.0,0.0,1.0,4.81
STU-10400,0.23882131231797052,0.3992693671430103,-0.8282907662082516,0.08192771084337346,-0.5308641975308638,0.0,0.09104081242431297,0.0,1.0,0.0,0.0,0.0,0.0,5.07
STU-10922,-1.09542573239678,-1.3649940904695395,-1.33909626719057,-0.24337349397590355,0.40123456790123474,-0.4,-1.6467483906605191,0.0,0.0,0.0,0.0,1.0,0.0,2.36
STU-12880,-0.3491519616241229,0.5273450091329106,0.7308447937131632,-0.6433734939759036,0.5308641975308643,0.4,0.008778601627397745,0.0,0.0,0.0,0.0,0.0,1.0,4.77
STU-12731,0.15041973616583815,0.10486730417964964,0.7889980353634581,-0.8746987951807229,0.7962962962962968,0.2,0.6874418407019479,0.0,0.0,0.0,0.0,1.0,0.0,4.77
STU-11093,0.9988007538118888,0.5273450091329106,0.5658153241650296,1.2650602409638554,0.7530864197530868,0.4,-0.7418640718944526,0.0,1.0,0.0,0.0,0.0,0.0,4.35
STU-14495,-0.18536919650505482,-0.08122918233587625,0.11316306483300602,-0.7975903614457831,-0.31481481481481466,0.8,0.0,0.0,0.0,0.0,0.0,0.0,1.0,3.9
STU-10015,0.0668151447661466,0.32147845707531925,-0.43693516699410606,-0.8144578313253013,-0.7407407407407403,0.2,-0.0015041747222164304,1.0,0.0,0.0,0.0,1.0,0.0,4.1
STU-11911,0.0,0.3571505318577416,0.20746561886051088,1.7686746987951805,1.0864197530864195,0.0,-0.5464913212517796,1.0,0.0,0.0,0.0,0.0,1.0,4.36
STU-10918,0.7473016960767508,0.18996454281723443,-0.03929273084479372,0.04096385542168673,-0.7530864197530862,0.4,-0.1146147145679751,0.0,0.0,0.0,0.0,0.0,1.0,4.78
STU-12001,0.5746102449888635,-0.7572794670677987,-0.7182711198428291,2.889156626506024,-0.833333333333333,0.2,-1.0092162569844265,0.0,0.0,0.0,0.0,1.0,0.0,3.72
STU-10109,-0.3621723488093206,-0.4890942301493504,0.02671905697445972,-0.8337349397590361,0.5679012345679016,1.8,-0.4436635577556351,1.0,1.0,0.0,0.0,0.0,0.0,4.51
STU-12014,0.9988007538118888,0.5273450091329106,-0.16345776031434173,-0.32771084337349404,-0.44444444444444425,0.6,-0.12489749091758927,0.0,1.0,0.0,0.0,0.0,0.0,4.07
STU-14267,0.2792530409456905,-0.04856559578811689,0.21689587426326146,0.09156626506024093,0.9259259259259258,0.8,0.19386857592045748,1.0,0.0,1.0,0.0,0.0,0.0,4.43
STU-13834,0.83707383930101,-0.2913935747286989,0.011001964636542285,-0.3445783132530122,-0.8888888888888885,-0.2,0.14245469417238477,0.0,1.0,0.0,0.0,0.0,0.0,4.54
STU-14483,0.06475929415795738,-0.1448372192973033,-0.32534381139489205,1.4289156626506023,0.0,1.8,-0.5670568739510079,0.0,0.0,0.0,0.0,0.0,1.0,4.97
STU-12680,-1.5237279424361838,-1.161276458579564,-0.6946954813359529,-0.11807228915662654,-0.5370370370370365,0.2,-0.6081879793494656,0.0,0.0,0.0,0.0,0.0,1.0,2.29
STU-14658,-0.08120609902347209,-0.7207478242183308,-0.4652259332023575,0.4626506024096385,0.0,1.2,0.6771590643523338,0.0,0.0,1.0,0.0,0.0,0.0,4.29
STU-13490,0.5499400376905939,0.3176104007736113,0.6852652259332027,-0.9566265060240964,-0.33333333333333276,0.6,-0.505360215853322,0.0,0.0,0.0,0.0,0.0,1.0,4.11
STU-14406,0.6650676717491851,0.17148382937573847,-0.9037328094302556,0.6289156626506022,-1.6975308641975309,0.0,0.5332001954577326,0.0,0.0,0.0,0.0,1.0,0.0,3.88
STU-11781,-0.7699160527668332,-0.8591382830127865,0.0,-0.9156626506024096,0.3271604938271606,-0.2,-1.1531751258790288,0.0,0.0,0.0,0.0,1.0,0.0,2.62
STU-11887,0.7616926503340753,-0.23853013860535072,-0.4133595284872298,-0.7325301204819277,-0.35802469135802417,-0.2,-0.28942191251141974,0.0,1.0,0.0,0.0,0.0,0.0,4.31
STU-11836,-0.05173890697276064,0.10357795207908012,-0.3677799607072692,0.6096385542168673,0.9135802469135804,0.0,0.4303724319615881,1.0,0.0,0.0,1.0,0.0,0.0,4.11
STU-12666,-0.08531780023984954,-0.48221768561297945,-0.12259332023575631,0.5734939759036142,-0.7469135802469135,1.2,0.0,1.0,0.0,0.0,1.0,0.0,0.0,3.66
STU-11003,-0.0599623094055175,-0.3850864940367469,0.05186640471512772,-0.672289156626506,0.27777777777777785,-0.8,0.039626930676241186,0.0,0.0,0.0,0.0,0.0,1.0,4.07
STU-11648,-0.29227342813089013,0.17664123777801655,-0.6836935166994107,0.3373493975903613,0.41975308641975345,1.2,-0.28942191251141974,0.0,0.0,0.0,0.0,0.0,1.0,3.58
STU-11289,-0.32448175432585324,-0.2359514344042123,0.0,2.1397590361445777,0.0,-1.0,0.1733030232212282,0.0,0.0,0.0,0.0,1.0,0.0,4.33
STU-11706,0.9988007538118888,0.5273450091329106,2.113948919449902,0.0,0.0,1.2,-0.24829080711296211,0.0,0.0,0.0,0.0,0.0,1.0,5.49
STU-10673,-0.1833133458968656,0.0717739335983669,0.0,-0.7927710843373493,-0.9753086419753081,-0.8,-0.042635280120674045,0.0,0.0,1.0,0.0,0.0,0.0,3.46
STU-10988,0.2011307178345032,-0.3266358654775979,0.17445972495088402,-0.14216867469879513,-0.40740740740740694,-0.2,-0.6698846374471524,0.0,0.0,0.0,0.0,1.0,0.0,3.6
STU-12508,0.7568956655816335,0.5273450091329106,0.19174852652259344,-0.5855421686746988,-0.2901234567901233,-0.2,-0.1146147145679751,1.0,0.0,0.0,0.0,0.0,1.0,4.44
STU-11489,-0.5951687510707566,-0.6983990544751263,-0.919449901768173,-0.2,1.3765432098765433,1.0,0.11160636512354223,1.0,1.0,0.0,0.0,0.0,0.0,3.81
STU-14028,0.9515161898235388,-0.5552809713119159,-1.6031434184675837,-0.45301204819277113,-0.5987654320987652,0.6,-0.3614013469587199,0.0,0.0,0.0,1.0,0.0,0.0,2.71
STU-13198,-1.0474558848723665,-1.3018158375416358,-0.6664047151277015,-0.9084337349397591,-1.4876543209876538,-1.0,-0.12489749091758927,0.0,0.0,0.0,1.0,0.0,0.0,2.47
STU-11567,-0.03871851978756292,0.30256795960030053,0.3316306483300589,-0.4843373493975904,-0.9197530864197526,0.4,-0.8549746117402113,0.0,0.0,0.0,0.0,0.0,1.0,4.65
STU-11355,0.6314887784820962,-0.12420758568819172,-0.13673870333988203,0.44578313253012036,1.1481481481481488,0.0,-0.27913913616180464,1.0,0.0,0.0,0.0,0.0,1.0,3.93
STU-12687,-0.09833818742504824,0.5273450091329106,0.7261296660117879,-0.580722891566265,-0.7407407407407403,0.6,1.1090356710361382,1.0,0.0,0.0,0.0,1.0,0.0,5.24
STU-13281,0.36422819941750784,-0.31460191253894954,-0.028290766208251432,1.3132530120481924,-0.3641975308641974,0.4,0.7799868278484773,0.0,0.0,0.0,1.0,0.0,0.0,3.38
STU-12639,0.636285763234537,-0.5565703234124854,0.20589390962671916,0.5927710843373492,1.1543209876543215,0.4,-0.8549746117402113,0.0,0.0,0.0,0.0,1.0,0.0,3.35
STU-14761,-0.09765290388898484,0.3717631889975284,0.845579567779961,0.1493975903614458,0.0,0.4,-0.772712400943296,0.0,0.0,1.0,0.0,0.0,0.0,3.93
STU-13913,-0.5376049340414605,-0.6807779091006771,-1.1269155206286838,1.392771084337349,0.11728395061728418,1.4,-0.39224967600756333,0.0,1.0,0.0,0.0,0.0,0.0,3.51
STU-11585,-0.0716121295185894,0.08165896636939901,-0.2231827111984283,-0.03373493975903628,0.351851851851852,-1.0,0.4612207610104315,1.0,0.0,0.0,1.0,0.0,0.0,3.47
STU-13144,-0.7891039917765985,-0.1671859890405072,0.02200392927308457,-0.06024096385542168,-0.2839506172839506,1.4,0.0,1.0,0.0,0.0,0.0,1.0,0.0,3.45
STU-11551,0.3820455713551474,0.0,0.37406679764243633,-1.1759036144578312,-0.8271604938271604,-0.4,0.18358579957084237,0.0,0.0,0.0,0.0,0.0,1.0,4.43
STU-14039,-0.0140483124892933,0.5273450091329106,0.2467583497053046,0.03855421686746991,0.04320987654321005,1.2,0.5332001954577326,0.0,0.0,0.0,1.0,0.0,0.0,4.28
STU-14614,-0.3422991262634918,-0.780917588911572,-0.7308447937131631,0.32289156626506016,-0.018518518518518122,0.8,0.4303724319615881,1.0,0.0,0.0,1.0,0.0,0.0,4.13
STU-11236,0.08052081548740674,0.5273450091329106,0.5076620825147349,-0.7204819277108434,-0.4629629629629629,0.0,1.3249739743780404,0.0,0.0,0.0,0.0,0.0,1.0,5.24
STU-13776,0.02569813260236325,-0.8561297947781241,-0.51237721021611,0.4240963855421686,0.29629629629629656,0.8,-0.5670568739510079,1.0,0.0,1.0,0.0,0.0,0.0,3.07
STU-11198,0.9988007538118888,0.0,0.6318271119842832,0.19518072289156616,-1.9320987654320982,-0.2,-0.4539463341052502,0.0,0.0,0.0,1.0,0.0,0.0,4.19
STU-10063,0.43892410484838007,0.5273450091329106,0.971316306483301,-0.6506024096385542,0.0864197530864201,1.4,0.7388557224500197,1.0,0.0,0.0,0.0,1.0,0.0,4.9
STU-12712,0.0,-0.8260449124315031,0.059724950884086574,-0.22168674698795177,0.3827160493827161,2.0,0.4612207610104315,1.0,0.0,0.0,0.0,1.0,0.0,3.96
STU-13077,-0.4587973273942098,0.29655098313097633,0.43693516699410606,-0.053012048192771236,0.38888888888888934,-0.2,0.49206909005927496,0.0,0.0,1.0,0.0,0.0,0.0,4.37
STU-13255,-0.3779338701387709,-1.0619963468357152,-0.9555992141453833,-0.7493975903614458,0.049382716049382755,1.4,0.34811022116467283,1.0,0.0,0.0,0.0,0.0,1.0,3.17
STU-12118,-1.0495117354805559,-1.3684323627377246,10.336266301125388,0.5036144578313252,-0.2037037037037032,1.0,-0.5567740976013937,1.0,0.0,0.0,0.0,0.0,1.0,3.13
STU-10259,0.9988007538118888,0.5273450091329106,0.6978388998035364,-0.9518072289156626,0.9629629629629632,0.6,0.0,0.0,1.0,0.0,0.0,0.0,0.0,5.64
STU-10590,0.8226828850436865,-0.6635865477597507,-0.14302554027504916,0.6481927710843371,0.0,-0.2,0.38924132656313043,1.0,0.0,0.0,0.0,0.0,1.0,4.13
STU-12507,0.3183142025012836,0.5273450091329106,0.7041257367387033,-0.35662650602409646,-0.6604938271604934,0.4,-0.23800803076334703,0.0,1.0,0.0,0.0,0.0,0.0,4.69
STU-10192,-0.8247387356518766,0.07650155796712158,-0.37406679764243606,0.0,-0.09259259259259225,-1.0,-0.9680851515859699,0.0,0.0,0.0,1.0,0.0,0.0,3.02
STU-11947,0.8781908514647924,0.4912431503169654,0.40235756385068777,-0.25783132530120484,0.05555555555555601,0.0,0.6668762880027196,1.0,0.0,0.0,0.0,1.0,0.0,5.89
STU-13376,-0.3690251841699506,-0.7237563124529925,-0.9430255402750493,-0.03855421686746991,0.17901234567901236,0.2,0.9342284730926936,0.0,0.0,1.0,0.0,0.0,0.0,3.62
STU-11767,0.6876820284392655,0.5273450091329106,0.30333988212180746,0.14457831325301196,0.4074074074074075,1.2,-0.33055301790987734,0.0,0.0,0.0,0.0,0.0,1.0,4.81
STU-10594,0.8014390954257319,0.5273450091329106,0.5076620825147349,-0.8939759036144579,-0.2592592592592592,0.0,0.3686757738639021,0.0,0.0,0.0,0.0,0.0,1.0,4.18
STU-10344,0.19976015076237738,0.1873858386160954,-0.3614931237721021,-0.6048192771084338,0.27160493827160515,1.2,-0.6698846374471524,0.0,0.0,0.0,1.0,0.0,0.0,4.16
STU-11008,-1.5949974301867405,-0.36230794026001967,-1.1253438113948921,-0.16144578313253008,0.4382716049382721,0.0,-0.978367927935584,1.0,0.0,0.0,0.0,0.0,1.0,2.96
STU-14509,0.4375535377762543,-0.439239282260664,-0.6789783889980354,1.1710843373493973,0.3765432098765434,-0.2,-0.33055301790987734,1.0,0.0,0.0,0.0,0.0,1.0,4.04
STU-14386,0.9988007538118888,0.4736220049425163,0.47465618860510805,-0.6289156626506024,-0.012345679012345415,1.2,-0.09404916186874583,0.0,0.0,0.0,0.0,1.0,0.0,4.88
STU-11105,0.10656158985780315,-1.1342000644676051,-0.6003929273084481,1.2240963855421685,0.16049382716049423,1.8,-0.41281522870679255,0.0,1.0,0.0,0.0,0.0,0.0,3.67
STU-13291,-1.6539318142881625,-0.9261845922423981,-1.595284872298625,0.24578313253012035,-0.23456790123456783,0.8,-1.5233550744651463,0.0,0.0,1.0,0.0,0.0,0.0,2.43
STU-10486,-0.12095254411512864,-0.8067046309229617,0.0738703339882123,0.45783132530120463,-1.3209876543209873,0.8,-0.052918056470288216,0.0,0.0,0.0,1.0,0.0,0.0,3.68
STU-11669,-0.6225800925132778,0.09025464703986223,-0.3111984282907663,-0.1493975903614458,0.5370370370370371,1.2,-1.4616584163674604,0.0,0.0,1.0,0.0,0.0,0.0,2.03
STU-13381,0.3402432756553016,-0.5956806704630924,-0.2687622789783889,-0.6626506024096385,-0.7716049382716049,0.4,0.3995241029127446,1.0,0.0,0.0,0.0,0.0,1.0,3.73
STU-11117,0.1792016446804862,0.05286343612334758,-0.543811394891945,0.23373493975903606,-0.6358024691358021,0.2,0.0,0.0,0.0,0.0,1.0,0.0,0.0,4.34
STU-12659,0.1908514647935571,0.5273450091329106,0.8990176817288804,0.39277108433734936,-1.1975308641975304,0.0,1.3249739743780404,1.0,0.0,0.0,0.0,1.0,0.0,5.27
STU-12343,0.5321226657529543,0.36832491672934325,0.8078585461689587,-0.9132530120481926,-1.530864197530864,-0.4,-0.7829951772929102,0.0,0.0,0.0,0.0,0.0,1.0,4.51
STU-14611,0.4183655987664889,0.5273450091329106,-0.1335952848722986,0.15421686746987942,-0.604938271604938,0.2,0.19386857592045748,0.0,0.0,0.0,0.0,0.0,1.0,4.61
STU-13193,-0.4923762206612997,0.5273450091329106,-0.1100196463654223,0.4650602409638553,-1.098765432098765,0.4,-0.052918056470288216,0.0,0.0,0.0,0.0,0.0,1.0,4.05
STU-14935,-0.7815658728799051,0.030944450413667085,-0.4935166994106092,-0.12771084337349403,0.13580246913580285,-0.2,-0.08376638551913165,1.0,0.0,0.0,0.0,0.0,1.0,3.01
STU-13217,-0.6479355833476109,0.3820780058020845,0.22003929273084488,-0.16385542168674713,1.4135802469135808,-1.0,-0.3511185706091057,0.0,1.0,0.0,0.0,0.0,0.0,3.75
STU-14702,-0.5129347267431908,-0.4959707746857207,-0.9084479371316307,-0.026506024096385618,0.40123456790123474,0.2,0.6154624062546469,1.0,1.0,0.0,0.0,0.0,0.0,3.8
STU-14625,-1.0097652903888992,-0.34382722681852373,-1.4459724950884087,-0.836144578313253,-0.07407407407407358,0.0,-0.2071597017145045,0.0,0.0,0.0,1.0,0.0,0.0,2.47
STU-14869,-0.2792530409456924,0.5273450091329106,1.076620825147348,0.1277108433734938,-0.6419753086419747,0.4,0.49206909005927496,0.0,0.0,0.0,1.0,0.0,0.0,3.85
STU-11746,0.6705499400376893,-0.13151391425808542,-0.0974459724950883,-0.7686746987951808,-0.40740740740740694,1.0,0.5023518664088891,0.0,0.0,0.0,0.0,0.0,1.0,4.49
STU-14753,0.0,0.010744600838078867,0.0,-0.2626506024096385,0.0,0.8,1.294125645329197,0.0,0.0,0.0,0.0,0.0,1.0,5.65
STU-13442,-0.07435326366284103,-0.7469646502632432,0.5752455795677801,-0.4650602409638554,0.14197530864197555,-0.6,0.33782744481505866,0.0,0.0,0.0,0.0,0.0,1.0,3.22
STU-12877,0.07092684598252405,-1.2687224669603527,-0.707269155206287,1.3493975903614457,0.0864197530864201,-0.2,0.2761307867173727,0.0,0.0,0.0,1.0,0.0,0.0,3.74
STU-10415,0.5650162754839808,-0.2282153218007952,-0.13202357563850686,2.1397590361445777,-1.3827160493827155,0.4,-0.9886507042851983,1.0,0.0,0.0,0.0,1.0,0.0,3.39
STU-12217,-0.21963337330820712,0.5200386805630168,1.1222003929273086,-0.3831325301204819,0.4567901234567902,-1.0,1.3249739743780404,0.0,0.0,0.0,0.0,0.0,1.0,6.5
STU-13696,0.1442521843412705,-0.5127323519931238,-0.7717092337917487,0.580722891566265,-0.3950617283950615,-0.4,-0.3819668996579491,0.0,0.0,0.0,0.0,1.0,0.0,3.65
STU-11480,-0.9062874764433789,-1.1182980552272486,-0.8534381139489196,-0.026506024096385618,-1.1666666666666663,-0.6,-0.23800803076334703,1.0,0.0,0.0,0.0,1.0,0.0,3.29
STU-11216,0.869282165495973,0.0,0.4888015717092338,-0.4,0.30864197530864196,0.2,0.3172618921158294,0.0,0.0,1.0,0.0,0.0,0.0,5.4
STU-11282,-0.043515504540003774,0.5273450091329106,0.5155206286836935,0.8963855421686748,-0.04938271604938221,-0.4,-0.505360215853322,0.0,0.0,0.0,1.0,0.0,0.0,4.66
STU-14749,0.0017132088401570307,-0.36101858815945015,-0.32848722986247547,-0.23373493975903628,0.4567901234567902,0.0,0.6257451826042619,1.0,0.0,0.0,1.0,0.0,0.0,4.17
STU-11123,-0.10656158985780413,0.5148812721607389,0.8298624754420433,-0.01686746987951814,0.030864197530864633,0.2,1.0576217892880664,1.0,0.0,0.0,0.0,0.0,1.0,5.84
STU-14605,0.33476100736679737,-0.041689051251745955,0.3536345776031435,-0.014457831325301323,0.03703703703703734,-1.0,0.12188914147315641,0.0,1.0,0.0,0.0,0.0,0.0,3.84
STU-10906,0.07435326366284006,-1.0508219619641133,-0.22475442043222002,-1.2289156626506024,0.29629629629629656,0.0,-0.5362085449021645,0.0,1.0,0.0,0.0,0.0,0.0,3.45
STU-14396,0.5040260407743696,0.5273450091329106,0.971316306483301,-0.10843373493975907,-0.02469135802469083,0.0,0.14245469417238477,0.0,0.0,0.0,0.0,1.0,0.0,5.03
STU-11682,0.1792016446804862,0.5273450091329106,0.10373280943025544,0.6216867469879518,1.0432098765432105,-1.0,0.965076802141537,0.0,0.0,0.0,0.0,1.0,0.0,4.71
STU-14774,0.5286962480726393,0.25099387557752184,-0.4243614931237721,0.0,-0.5925925925925926,1.4,-0.5567740976013937,0.0,0.0,0.0,0.0,0.0,1.0,4.21
STU-11826,0.6369710467706005,-0.015472225206833543,0.088015717092338,0.4409638554216867,1.253086419753087,-0.4,0.44065520831120225,1.0,0.0,1.0,0.0,0.0,0.0,5.31
STU-13670,-0.001027925304095582,0.11819060921886752,0.24204322200392947,-0.3204819277108434,0.6419753086419758,-0.2,0.7080073934011771,1.0,0.0,0.0,0.0,1.0,0.0,4.18
STU-14905,-0.2792530409456924,-0.5973998065971852,-0.16817288801571717,0.9855421686746987,-0.493827160493827,-0.2,-0.28942191251141974,1.0,0.0,1.0,0.0,0.0,0.0,4.14
STU-14981,-0.3217406201816006,0.0,-0.4762278978388998,-0.6626506024096385,0.0,-1.0,0.358392997514287,0.0,0.0,0.0,0.0,0.0,1.0,4.17
STU-12509,-0.5896864827822523,0.37692059739980643,0.43379174852652264,2.0192771084337346,0.11728395061728418,0.8,-0.4436635577556351,0.0,0.0,1.0,0.0,0.0,0.0,3.83
STU-13607,-0.5972246016789459,-0.46545610830557643,-0.13673870333988203,-0.03855421686746991,-0.35802469135802417,-0.6,0.3275446684654445,1.0,0.0,1.0,0.0,0.0,0.0,4.01
STU-12126,-0.6506767174918625,-0.6399484259159773,-1.4852652259332024,-0.47228915662650606,0.14814814814814828,-1.0,-1.2765684420744015,0.0,0.0,0.0,0.0,0.0,1.0,1.6
STU-12356,-0.1278053794757587,-0.40184807134414996,-0.957170923379175,0.08674698795180709,0.4876543209876543,0.0,-0.2071597017145045,0.0,0.0,0.0,0.0,0.0,1.0,3.44
STU-11021,0.5663868425561066,-0.4057161276458579,-0.7166994106090374,0.7686746987951806,0.7283950617283949,-0.6,0.2761307867173727,1.0,0.0,1.0,0.0,0.0,0.0,4.65
STU-14212,0.0,-0.10357795207908073,-0.5956777996070727,-0.2626506024096385,0.6419753086419758,0.0,-0.5362085449021645,0.0,0.0,0.0,1.0,0.0,0.0,3.67
STU-10441,-1.4175089943464119,0.0,-1.3029469548133596,0.03373493975903606,-0.40740740740740694,0.0,-0.23800803076334703,0.0,0.0,0.0,0.0,1.0,0.0,2.1
STU-10257,0.9988007538118888,0.3343719780810144,0.5469548133595287,0.3662650602409637,0.0802469135802474,1.8,-0.052918056470288216,0.0,0.0,0.0,0.0,0.0,1.0,4.56
STU-14650,0.5382902175775219,0.5058558074567528,-0.047151277013752296,-0.7012048192771084,-0.9753086419753081,-0.8,-0.41281522870679255,0.0,0.0,0.0,0.0,0.0,1.0,4.1
STU-14991,-0.4450916566729487,-0.8071344149564845,-0.8911591355599215,-0.8168674698795181,-0.46913580246913567,-1.0,-1.1943062312774864,0.0,0.0,0.0,0.0,0.0,1.0,2.75
STU-12004,-0.1744046599280463,-0.8922316535940693,0.19960707269155203,-0.1493975903614458,0.34567901234567927,0.2,0.358392997514287,0.0,0.0,0.0,0.0,0.0,1.0,4.82
STU-12524,0.9988007538118888,0.5273450091329106,1.3453831041257371,-0.9566265060240964,-0.6728395061728394,-0.8,1.3249739743780404,0.0,0.0,0.0,1.0,0.0,0.0,5.5
STU-10875,0.5766660955970527,0.5273450091329106,1.4113948919449901,1.0939759036144576,-0.08641975308641955,-0.6,0.3172618921158294,0.0,0.0,0.0,0.0,0.0,1.0,5.23
STU-11373,-0.39986294329278793,-2.2800042978403354,-1.7304518664047155,-0.3301204819277108,-0.6234567901234567,0.0,-0.37168412330833495,0.0,0.0,0.0,0.0,0.0,1.0,2.85
STU-13230,0.07503854719890249,-0.02750617814548192,0.0,0.20240963855421681,0.30246913580246926,0.0,0.28641356306698684,0.0,0.0,0.0,0.0,0.0,1.0,4.02
STU-12299,0.9988007538118888,0.4994090469539053,0.6994106090373283,0.0,0.5246913580246917,9.4,0.358392997514287,0.0,1.0,0.0,0.0,0.0,0.0,5.66
STU-11716,0.9988007538118888,0.5273450091329106,1.3563850687622794,2.0457831325301203,0.01851851851851867,-1.0,0.029344154326627007,0.0,0.0,0.0,1.0,0.0,0.0,5.44
STU-14296,-1.6690080520815493,-0.768453851939401,-0.5280943025540275,0.0,0.4753086419753089,0.8,-0.011786951071830606,1.0,1.0,0.0,0.0,0.0,0.0,3.05
STU-14002,0.5074524584546847,0.5273450091329106,0.11316306483300602,-0.6602409638554216,-1.2098765432098764,0.2,-0.27913913616180464,0.0,0.0,0.0,0.0,0.0,1.0,4.3
STU-10021,-0.5355490834332713,0.15171376383367363,0.0,-0.43373493975903615,0.29629629629629656,-1.0,0.6874418407019479,1.0,0.0,0.0,0.0,1.0,0.0,5.42
STU-11378,0.16823710810347672,0.44740517889760384,0.3017681728880158,-0.5060240963855421,-0.32716049382716006,-0.8,0.9136629203934643,0.0,0.0,1.0,0.0,0.0,0.0,5.6
STU-11463,0.2374507452458447,-0.20758568819168363,-0.13045186640471515,0.012048192771084293,0.8765432098765431,0.0,-0.5979052029998514,0.0,0.0,0.0,0.0,1.0,0.0,4.28
STU-10500,0.24156244646222313,0.5273450091329106,-0.5469548133595287,-0.7662650602409639,0.14197530864197555,-0.2,0.09104081242431297,0.0,1.0,0.0,0.0,0.0,0.0,4.28
STU-13447,0.09628233681685708,0.5273450091329106,1.2275049115913559,0.0,0.0,-0.2,0.3275446684654445,0.0,0.0,1.0,0.0,0.0,0.0,4.7
STU-12986,-0.38478670549940097,-0.006446760502847564,-0.07701375245579573,0.4216867469879518,0.12962962962963015,-0.4,-0.7315812955448384,0.0,0.0,0.0,1.0,0.0,0.0,3.52
STU-10881,-0.40740106218948136,-0.10228859997851122,-0.028290766208251432,-0.9156626506024096,-0.08024691358024684,-0.8,-0.032352503771059866,0.0,0.0,0.0,1.0,0.0,0.0,4.16
STU-13360,-0.6335446290902864,-1.1930804770602774,-1.1803536345776033,-0.17108433734939757,0.4876543209876543,1.8,-0.12489749091758927,1.0,0.0,0.0,0.0,0.0,1.0,3.82
STU-13011,0.11547027582662243,0.5273450091329106,1.3815324165029472,-1.036144578313253,0.42592592592592615,1.6,0.2144341286196858,0.0,0.0,0.0,1.0,0.0,0.0,4.92
STU-11837,0.034606818571183515,0.5273450091329106,1.0797642436149313,0.0,-0.6851851851851848,0.8,-0.2585735834625763,0.0,0.0,0.0,0.0,0.0,1.0,5.47
STU-13564,0.7534692479013184,-1.1230256795960032,-0.3174852652259332,-0.7542168674698795,-0.5370370370370365,1.0,0.7697040514988631,0.0,0.0,0.0,0.0,0.0,1.0,4.01
STU-10394,0.5800925132773678,0.450843451165789,0.3819253438113949,1.7855421686746986,0.40123456790123474,-0.2,-0.42309800505640677,1.0,0.0,0.0,0.0,0.0,1.0,3.92
STU-14584,-0.7822511564159674,-0.08681637477167768,0.11944990176817287,-0.36626506024096395,-0.48148148148148107,1.2,-0.10433193821836001,0.0,0.0,0.0,0.0,0.0,1.0,3.05
STU-13589,-0.24772999828679176,0.5273450091329106,0.4935166994106092,-0.20240963855421681,1.1728395061728396,-0.4,-0.33055301790987734,0.0,0.0,0.0,0.0,1.0,0.0,4.23
STU-12370,0.0,0.5273450091329106,0.46365422396856604,1.1831325301204818,1.7901234567901236,0.8,-0.3819668996579491,0.0,0.0,0.0,0.0,0.0,1.0,5.02
STU-13141,-0.7267431899948615,-0.7022671107768348,-0.7968565815324166,0.06987951807228916,0.4814814814814816,1.0,0.6565935116531045,0.0,0.0,0.0,0.0,0.0,1.0,4.03
STU-11149,0.0544800411170113,0.322338025142366,-0.025147347740668003,0.7590361445783133,0.7160493827160495,-1.0,0.7285729461004056,0.0,0.0,1.0,0.0,0.0,0.0,5.11
STU-10369,0.04694192222031784,-0.9781884602987002,-0.7842829076620826,0.30602409638554207,-0.45061728395061695,0.2,-0.1146147145679751,0.0,0.0,0.0,0.0,0.0,1.0,3.94
STU-12316,-0.2792530409456924,-0.6399484259159773,0.38821218074656205,0.24819277108433718,-0.34567901234567877,0.4,-0.15574581996643272,0.0,0.0,0.0,0.0,0.0,1.0,4.02
STU-13192,-1.1927359945177327,-0.27420221338777306,-1.062475442043222,-0.8963855421686747,-1.2407407407407405,0.0,-1.3999617582697743,0.0,0.0,0.0,0.0,0.0,1.0,2.71
STU-14256,-0.6280623608017821,-0.08896529493929332,-0.3206286836935166,0.0,0.0,0.0,0.09104081242431297,1.0,1.0,0.0,0.0,0.0,0.0,4.98
STU-10315,0.3943806750042827,0.5273450091329106,-0.1603143418467583,0.41927710843373495,-0.7098765432098761,-0.2,0.2761307867173727,0.0,0.0,0.0,0.0,1.0,0.0,3.74
STU-10105,0.5979098852150073,0.11088428064897382,0.5029469548133598,-0.10120481927710841,0.3209876543209879,0.6,0.8725318149950068,0.0,1.0,0.0,0.0,0.0,0.0,5.14
STU-10794,0.9988007538118888,0.4521328032663585,1.0483300589390965,0.39518072289156614,0.8765432098765431,1.2,0.7799868278484773,0.0,0.0,0.0,0.0,0.0,1.0,5.7
STU-11432,-0.6273770772657197,-1.688621467712475,-0.4903732809430255,-0.8578313253012048,0.7962962962962968,1.0,0.23499968131891508,0.0,0.0,0.0,1.0,0.0,0.0,3.49
STU-13244,-0.4012335103649147,-0.9029762544321481,-0.3206286836935166,-0.26506024096385555,-0.05555555555555546,-0.8,-0.5567740976013937,1.0,0.0,0.0,0.0,1.0,0.0,2.51
STU-13857,0.5622751413397282,0.027076394111958547,0.5862475442043223,-0.03855421686746991,0.27777777777777785,0.8,-0.2071597017145045,1.0,0.0,0.0,0.0,0.0,1.0,4.67
STU-14982,-0.19359259893781167,0.242827978940582,-0.30333988212180746,0.019277108433734955,-0.32098765432098736,-0.8,0.10132358877392715,0.0,0.0,0.0,0.0,0.0,1.0,4.54
STU-11575,-0.4108274798697964,-0.5492639948425917,0.06915520628683687,-0.6602409638554216,-0.44444444444444425,1.2,-0.43338078140602093,1.0,0.0,0.0,0.0,1.0,0.0,4.24
STU-14858,0.10656158985780315,0.5273450091329106,1.4664047151277015,-0.6481927710843374,-0.7345679012345675,0.6,-0.7932779536425244,0.0,0.0,0.0,0.0,1.0,0.0,4.45
STU-12856,0.10313517217748812,0.3399591705168152,-0.25461689587426317,-0.5156626506024097,-0.5246913580246911,0.2,-0.6390363083983089,0.0,0.0,0.0,0.0,0.0,1.0,3.46
STU-12652,0.11478499229055904,-0.4336520898248632,-0.8047151277013754,-0.32771084337349404,0.364197530864198,0.0,-0.09404916186874583,0.0,0.0,0.0,0.0,0.0,1.0,3.5
STU-11710,-1.6224087716292623,0.011604168905125004,-0.05815324165029458,-0.46987951807228917,0.351851851851852,0.4,-0.505360215853322,0.0,0.0,1.0,0.0,0.0,0.0,3.46
STU-12375,-0.21963337330820712,-0.7001181906092192,-1.1866404715127703,-0.3301204819277108,0.4567901234567902,-1.0,-1.441092863668232,0.0,0.0,0.0,0.0,0.0,1.0,2.5
STU-11566,0.9988007538118888,0.5273450091329106,0.6412573673870335,-0.0240963855421688,0.26543209876543244,1.0,0.6051796299050327,0.0,0.0,0.0,0.0,1.0,0.0,4.84
STU-10397,-0.4382388213123186,-1.864832921456968,-1.5355599214145386,0.24819277108433718,0.7345679012345686,-1.0,-0.33055301790987734,1.0,1.0,0.0,0.0,0.0,0.0,2.7
STU-12268,-0.6431385985951691,0.23337273020307264,0.8770137524557958,-0.3783132530120482,-0.5864197530864192,0.0,-0.2585735834625763,1.0,0.0,0.0,0.0,0.0,1.0,4.54
STU-13022,-0.5334932328250821,-1.0327710325561406,-1.456974459724951,-0.14457831325301215,0.6728395061728394,0.4,-0.8652573880898254,0.0,0.0,0.0,0.0,0.0,1.0,3.23
STU-14445,0.33064930615041893,-0.6107231116364031,-0.5202357563850689,0.12289156626506018,-0.10493827160493822,1.2,0.5743313008561892,1.0,0.0,0.0,0.0,0.0,1.0,4.44
STU-12068,0.246359431214664,0.1800795100462017,0.3017681728880158,1.337349397590361,0.38888888888888934,0.0,0.4098068792623597,0.0,0.0,0.0,0.0,0.0,1.0,4.43
STU-14061,0.9988007538118888,0.5273450091329106,1.3563850687622794,0.0,-0.6358024691358021,0.4,0.8725318149950068,0.0,0.0,0.0,0.0,0.0,1.0,5.82
STU-13541,0.0,-0.2140324486945312,-0.3897838899803538,0.3638554216867469,0.12962962962963015,-1.0,0.20415135227007164,0.0,0.0,0.0,0.0,1.0,0.0,3.14
STU-11898,-0.8953229398663705,0.5273450091329106,0.6506876227897838,1.3469879518072287,-1.746913580246913,0.8,-0.3819668996579491,0.0,1.0,0.0,0.0,0.0,0.0,4.6
STU-11265,0.9988007538118888,0.5273450091329106,0.6915520628683696,0.0,0.7716049382716049,0.0,0.0,0.0,0.0,0.0,0.0,0.0,1.0,5.68
STU-13487,0.0,-1.3245943913183629,-0.07701375245579573,0.9638554216867469,-0.1296296296296296,1.8,-0.6390363083983089,0.0,0.0,0.0,1.0,0.0,0.0,2.87
STU-12399,-0.2305979098852156,-0.07650155796712158,0.6051080550098232,-0.7734939759036145,0.5555555555555557,0.2,1.3249739743780404,1.0,0.0,0.0,0.0,1.0,0.0,5.39
STU-12532,0.3724516018502647,0.48135811754593333,0.3913555992141455,0.0,0.5987654320987658,0.0,0.8314007095965491,0.0,0.0,0.0,0.0,0.0,1.0,5.31
STU-10133,-0.17714579407229794,0.5273450091329106,-0.015717092337917432,-0.44337349397590364,-0.40740740740740694,-0.4,-0.39224967600756333,1.0,0.0,0.0,1.0,0.0,0.0,3.7
STU-14721,0.9988007538118888,0.5196088965294935,0.41335952848723007,-0.3108433734939759,-0.14197530864197502,0.2,1.3249739743780404,1.0,1.0,0.0,0.0,0.0,0.0,5.96
STU-13498,0.9988007538118888,0.5273450091329106,0.9320235756385072,0.28433734939759026,-0.18518518518518506,0.8,0.060192483375469535,0.0,1.0,0.0,0.0,0.0,0.0,5.54
STU-14954,-0.4176803152304275,0.5273450091329106,0.3536345776031435,0.7734939759036141,-0.648148148148148,-0.4,-0.22772525441373284,0.0,1.0,0.0,0.0,0.0,0.0,4.8
STU-13049,-0.24019187939009828,0.24196841087353588,0.1838899803536346,0.19518072289156616,-0.679012345679012,0.4,0.20415135227007164,0.0,0.0,1.0,0.0,0.0,0.0,4.73
STU-12023,0.0,0.5273450091329106,-0.31434184675834975,-1.127710843373494,-1.7654320987654317,0.0,0.0,1.0,0.0,0.0,0.0,0.0,1.0,3.32
STU-12331,0.0,0.5273450091329106,-0.34106090373280945,-0.8771084337349397,-0.339506172839506,-0.4,0.029344154326627007,0.0,0.0,0.0,0.0,1.0,0.0,4.41
STU-14887,0.9988007538118888,0.5273450091329106,1.095481335952849,0.4240963855421686,0.3703703703703707,0.4,1.088470118336909,0.0,0.0,0.0,1.0,0.0,0.0,5.89
STU-10359,-0.683570327222889,-1.046953905662405,-0.23732809430255403,-1.0,0.4444444444444448,-0.2,-0.46422911045486437,0.0,0.0,1.0,0.0,0.0,0.0,3.32
STU-14208,-1.0221003940380335,-0.9472440098850331,-0.5768172888015718,0.03614457831325288,-1.1790123456790118,-0.4,0.9959251311903796,0.0,1.0,0.0,0.0,0.0,0.0,3.64
STU-14115,0.4711324310433432,0.509294079724938,0.5265225933202358,0.6433734939759035,0.9382716049382713,1.0,0.10132358877392715,0.0,0.0,0.0,0.0,0.0,1.0,4.67
STU-12722,0.36285763234538204,0.5273450091329106,1.7053045186640474,0.4216867469879518,0.3827160493827161,0.0,1.3249739743780404,0.0,0.0,1.0,0.0,0.0,0.0,5.2
STU-10326,-0.6493061504197367,0.36144837219297293,0.0,-0.8650602409638555,-0.7160493827160489,-0.8,1.2427117635811253,1.0,0.0,0.0,0.0,1.0,0.0,4.09
STU-14227,0.7034435497687158,0.43064360159020076,0.13045186640471515,1.050602409638554,0.3209876543209879,1.0,1.3249739743780404,0.0,0.0,0.0,0.0,0.0,1.0,5.4
STU-10665,0.9988007538118888,0.5273450091329106,0.5893909626719058,-0.5879518072289157,-0.48765432098765377,-1.0,-0.5773396503006221,0.0,0.0,0.0,0.0,0.0,1.0,5.03
STU-12478,-0.3416138427274294,0.5273450091329106,0.744990176817289,-0.37108433734939755,-0.22222222222222185,-1.0,0.24528245766852924,0.0,0.0,1.0,0.0,0.0,0.0,3.91
STU-11424,0.9988007538118888,-0.008595680670463216,0.5343811394891946,-1.2072289156626503,0.05555555555555601,0.4,-0.21744247806411868,1.0,0.0,0.0,0.0,1.0,0.0,4.72
STU-14418,0.9988007538118888,0.4027076394111955,-0.10373280943025544,-0.7132530120481928,0.30864197530864196,0.4,-1.441092863668232,0.0,0.0,1.0,0.0,0.0,0.0,3.77
STU-12983,0.10861744046599237,-2.203072955839691,-1.7304518664047155,1.3710843373493973,0.4938271604938276,-1.0,0.5846140772058044,0.0,0.0,0.0,0.0,0.0,1.0,2.32
STU-11279,-0.9672777111529901,-0.06790587729665835,-0.05343811394891944,0.9180722891566265,-0.10493827160493822,0.2,0.7182901697507914,0.0,0.0,0.0,0.0,0.0,1.0,4.62
STU-14696,-0.3984923762206621,-0.19168367895132732,-0.3017681728880158,-0.672289156626506,1.3271604938271606,0.8,0.15273747052199985,0.0,0.0,0.0,0.0,0.0,1.0,4.7
STU-10999,0.7013876991605266,0.07005479746427401,0.044007858546168864,0.8024096385542168,0.5802469135802472,0.2,0.20415135227007164,1.0,1.0,0.0,0.0,0.0,0.0,4.85
STU-11075,0.9988007538118888,0.2656065327173093,1.021611001964637,0.1373493975903613,1.4876543209876543,1.4,1.3249739743780404,0.0,0.0,0.0,0.0,0.0,1.0,6.15
STU-12961,-0.7109816686654112,-0.6541312990222413,-0.8722986247544205,0.16144578313253008,-1.3888888888888888,0.0,-0.9680851515859699,0.0,0.0,0.0,0.0,1.0,0.0,2.66
STU-12924,-0.4786705499400386,-0.10142903191146448,-1.0090373280943028,-0.11807228915662654,-0.43827160493827155,1.2,0.12188914147315641,1.0,0.0,0.0,1.0,0.0,0.0,3.78
STU-12622,-0.018845297241734154,0.5273450091329106,0.9398821218074656,0.3493975903614458,-0.19135802469135776,-0.2,-0.10433193821836001,0.0,0.0,1.0,0.0,0.0,0.0,4.08
STU-10703,-0.7548398149734462,0.5273450091329106,-0.8927308447937132,0.9903614457831323,-0.45061728395061695,-1.0,-0.21744247806411868,1.0,0.0,0.0,1.0,0.0,0.0,4.13
STU-14312,-1.0625321226657536,-1.3155689266143766,-0.38664047151277003,0.0,0.29012345679012386,-0.8,-0.39224967600756333,0.0,0.0,0.0,1.0,0.0,0.0,3.58
STU-14430,0.4361829707041284,0.5273450091329106,0.4353634577603143,-0.3638554216867469,0.25925925925925974,0.0,0.29669633941660106,1.0,0.0,0.0,1.0,0.0,0.0,5.39
STU-14934,0.3868425561075882,-0.5187493284624479,-0.029862475442043148,0.14457831325301196,-0.7777777777777776,-0.2,0.6771590643523338,1.0,1.0,0.0,0.0,0.0,0.0,4.09
STU-10377,-0.15384615384615413,-0.2445471150746749,-0.4416502946954815,-0.9301204819277108,0.26543209876543244,0.0,-0.46422911045486437,0.0,0.0,0.0,1.0,0.0,0.0,3.25
STU-12635,0.0003426417680312114,0.5273450091329106,0.8927308447937136,0.9566265060240965,0.9814814814814813,-0.6,0.3995241029127446,0.0,0.0,0.0,0.0,0.0,1.0,5.57
STU-13598,-0.09148535206441719,-0.08380788653701528,-0.7056974459724953,0.23132530120481926,0.024691358024691377,0.4,-0.8961057171386688,1.0,1.0,0.0,0.0,0.0,0.0,4.33
STU-14506,-0.3285934555422317,-0.3700440528634361,-0.28447937131630663,0.563855421686747,-1.0493827160493823,0.8,0.13217191782277057,0.0,0.0,0.0,0.0,0.0,1.0,4.61
STU-13710,0.6890525955113923,0.5273450091329106,0.20432220039292745,-0.4626506024096386,0.9444444444444451,0.6,-0.6596018610975374,0.0,0.0,1.0,0.0,0.0,0.0,4.61
STU-14125,0.0,-0.41259267218222884,-0.21846758349705317,1.1349397590361443,0.5864197530864198,-0.6,-0.39224967600756333,1.0,0.0,1.0,0.0,0.0,0.0,4.55
STU-13869,-1.3428130889155396,-1.0705920275061784,-0.5045186640471512,-0.40481927710843385,0.049382716049382755,0.6,-0.4025324523571775,0.0,0.0,1.0,0.0,0.0,0.0,2.07
STU-13568,0.7102963851293469,0.5273450091329106,1.3123772102161102,-0.636144578313253,-0.8209876543209871,0.0,-0.5156429922029362,0.0,1.0,0.0,0.0,0.0,0.0,5.15
STU-12244,0.541716635257837,0.3055764478349629,0.4667976424361495,0.8168674698795182,-0.5185185185185184,-0.2,0.2247169049693,1.0,0.0,1.0,0.0,0.0,0.0,4.2
STU-14194,0.366284050025697,0.5273450091329106,1.9410609037328097,0.22168674698795177,-0.11728395061728364,-1.0,0.008778601627397745,0.0,1.0,0.0,0.0,0.0,0.0,4.22
STU-10007,-0.3011821140997094,0.0,0.42907662082514747,-0.3686746987951808,-1.592592592592592,0.2,0.28641356306698684,1.0,0.0,0.0,0.0,0.0,1.0,4.28
STU-14124,0.8953229398663685,0.5273450091329106,0.3300589390962672,-0.7253012048192771,0.5679012345679016,0.4,0.0,0.0,0.0,0.0,0.0,0.0,1.0,4.88
STU-10525,-0.44029467192050786,-0.3180401848071347,0.11944990176817287,-0.6819277108433734,-0.06790123456790088,-1.0,-0.7212985191952243,0.0,0.0,0.0,0.0,0.0,1.0,3.59
STU-14567,-0.7507281137570678,0.07263350166541303,0.5422396856581535,0.725301204819277,0.0,0.2,0.0,0.0,0.0,0.0,0.0,1.0,0.0,4.33
STU-11720,-0.2874764433784483,-0.491243150316966,-0.5155206286836935,-0.23855421686746991,-0.21604938271604915,-0.6,0.09104081242431297,0.0,0.0,0.0,1.0,0.0,0.0,3.6
STU-11208,-1.0878876135000866,-0.4740517889760396,-0.8911591355599215,0.15421686746987942,-1.1234567901234565,0.0,-0.9166712698378972,0.0,0.0,0.0,0.0,1.0,0.0,3.19
STU-14321,0.9727599794414934,0.5273450091329106,0.8848722986247547,0.9228915662650602,-0.40740740740740694,0.8,-0.1454630436168176,1.0,0.0,0.0,1.0,0.0,0.0,4.94
STU-10453,0.0318656844269309,0.34511657891909325,-0.39764243614931233,1.2722891566265058,-0.27777777777777735,-1.0,0.24528245766852924,0.0,0.0,0.0,0.0,0.0,1.0,4.3
STU-10767,0.19016618125749468,0.4865155259482108,1.013752455795678,0.15180722891566262,-1.253086419753086,-1.0,-0.505360215853322,1.0,0.0,0.0,0.0,0.0,1.0,5.25
STU-12125,-0.11067329107418256,0.5273450091329106,0.4196463654223969,0.15180722891566262,-0.5802469135802466,-0.6,0.7491384987996348,1.0,0.0,0.0,0.0,0.0,1.0,4.7
STU-12611,-0.029809833818743633,-0.6042763511335555,-1.0294695481335954,-0.06746987951807235,0.2839506172839511,0.8,-0.6596018610975374,0.0,1.0,0.0,0.0,0.0,0.0,3.18
STU-12248,-0.6568442693164301,-1.2180079510046204,-1.5528487229862475,-0.7253012048192771,0.6234567901234567,0.8,-1.029781809683656,0.0,1.0,0.0,0.0,0.0,0.0,3.31
STU-11663,0.0318656844269309,0.04942516385516242,0.27347740667976433,0.11566265060240952,0.2469135802469138,-1.0,-0.41281522870679255,1.0,0.0,0.0,1.0,0.0,0.0,4.72
STU-10537,-0.4882645194449213,0.45299237133340464,0.47151277013752463,0.0,0.16049382716049423,-0.8,-0.505360215853322,0.0,0.0,0.0,0.0,0.0,1.0,4.69
STU-14545,-0.3073496659242771,0.0967014075427098,0.5862475442043223,0.6144578313253009,-0.7716049382716049,0.8,0.2761307867173727,1.0,0.0,0.0,0.0,0.0,1.0,4.16
STU-12796,0.5972246016789439,0.5273450091329106,1.2825147347740673,2.2578313253012046,0.29012345679012386,0.4,0.7491384987996348,0.0,0.0,0.0,0.0,0.0,1.0,5.31
STU-13821,0.7945862600651008,0.0,0.0,0.3542168674698794,0.06790123456790143,1.2,-0.3408357942594915,0.0,0.0,0.0,0.0,0.0,1.0,5.0
STU-14049,0.7411341442521832,0.24626625120876716,0.4275049115913558,1.231325301204819,-0.04938271604938221,0.8,0.9856423548407653,0.0,0.0,0.0,0.0,0.0,1.0,4.83
STU-12349,0.340928559191365,0.3696142688299128,0.6538310412573678,-0.43373493975903615,-0.35802469135802417,-0.6,1.1912978818330535,0.0,0.0,1.0,0.0,0.0,0.0,5.07
STU-12096,0.2237450745245836,0.05973998065971852,-0.1477406679764243,0.3590361445783133,-0.35802469135802417,-0.2,-0.6081879793494656,0.0,0.0,0.0,0.0,1.0,0.0,3.44
STU-11894,0.9988007538118888,0.5273450091329106,1.6487229862475445,-0.3445783132530122,0.6666666666666666,-0.6,1.3249739743780404,0.0,0.0,0.0,0.0,1.0,0.0,6.37
STU-12978,0.14836388555764893,-0.2931127108627918,0.09744597249508859,0.5951807228915663,0.23456790123456836,0.0,0.3069791157662152,1.0,0.0,0.0,0.0,1.0,0.0,4.8
STU-11187,0.9988007538118888,0.5273450091329106,1.552848722986248,-0.35180722891566263,-0.7716049382716049,-0.4,1.2529945399307394,0.0,0.0,0.0,0.0,1.0,0.0,5.54
STU-13804,-0.029124550282680236,-0.23466208230364277,0.02671905697445972,-0.2120481927710843,0.0,0.2,-0.5362085449021645,0.0,0.0,0.0,0.0,1.0,0.0,4.02
STU-12179,-0.2881617269145117,0.2050069839905446,0.3567779960707269,1.3518072289156624,1.2407407407407405,0.8,-0.37168412330833495,0.0,0.0,0.0,1.0,0.0,0.0,4.71
STU-10004,-0.07709439780709365,-0.9334909208122918,0.4557956777996072,0.7277108433734938,-0.8888888888888885,-0.2,0.4612207610104315,1.0,1.0,0.0,0.0,0.0,0.0,3.9
STU-10026,0.6218948089772135,0.15257333190071978,-0.594106090373281,0.24578313253012035,-1.481481481481481,1.0,0.19386857592045748,0.0,0.0,0.0,0.0,0.0,1.0,3.79
STU-12368,0.7082405345211576,-0.8324916729343508,-1.207072691552063,-0.5469879518072289,0.7962962962962968,1.0,-0.505360215853322,0.0,0.0,1.0,0.0,0.0,0.0,3.61
STU-12092,0.9988007538118888,0.5273450091329106,0.5532416502946955,-0.15903614457831328,-1.0308641975308641,1.0,1.0164906838896088,1.0,0.0,0.0,0.0,0.0,1.0,4.69
STU-11944,-0.09696762035292145,-0.805845062855915,-0.1477406679764243,-0.06506024096385553,0.0,0.0,0.6257451826042619,0.0,0.0,0.0,0.0,0.0,1.0,4.03
STU-10306,0.9988007538118888,0.0,0.05186640471512772,0.17108433734939757,1.0740740740740742,-1.0,0.7285729461004056,0.0,0.0,0.0,1.0,0.0,0.0,5.55
STU-11676,-1.2688024670207307,-0.49983883098742926,0.176031434184676,0.8337349397590359,-0.5432098765432097,0.0,-0.8961057171386688,1.0,0.0,0.0,0.0,0.0,1.0,3.16
STU-11420,0.6719205071098161,-0.34339744278500095,0.7088408644400787,1.050602409638554,-0.2592592592592592,-1.0,1.3249739743780404,1.0,1.0,0.0,0.0,0.0,0.0,5.32
STU-12864,-0.18673976357718064,-0.3519931234554636,-0.8628683693516701,-0.9879518072289157,0.0802469135802474,0.0,-0.011786951071830606,0.0,0.0,0.0,0.0,1.0,0.0,3.32
STU-14231,0.009251327736850497,-0.07521220586655206,-0.581532416502947,0.7204819277108434,0.5123456790123457,0.0,-0.052918056470288216,0.0,0.0,0.0,0.0,1.0,0.0,3.93
STU-11058,0.014048312489291353,-0.9683034275276675,-1.606286836935167,-0.7301204819277108,0.7530864197530868,-0.2,-1.0811956914317276,0.0,1.0,0.0,0.0,0.0,0.0,3.38
STU-10157,-0.029124550282680236,0.3408187385838613,-0.13516699410609032,1.6891566265060238,-0.6851851851851848,-0.4,-0.5259257685525504,0.0,0.0,0.0,0.0,1.0,0.0,3.8
STU-12948,0.9988007538118888,0.5273450091329106,0.0,1.1397590361445784,0.30246913580246926,-0.2,0.2658480103677576,0.0,0.0,0.0,0.0,0.0,1.0,4.94
STU-12944,0.7658043515504528,0.5273450091329106,1.3155206286836936,0.6481927710843371,0.024691358024691377,0.6,1.088470118336909,1.0,0.0,0.0,1.0,0.0,0.0,6.23
STU-13488,0.3738221689223905,0.5273450091329106,1.0326129666011787,-0.21927710843373496,0.209876543209877,0.8,-0.41281522870679255,0.0,0.0,0.0,0.0,1.0,0.0,5.04
STU-11375,0.592427616926502,-0.0030084882346624003,-0.26247544204322204,-0.6337349397590362,-0.6728395061728394,-1.0,0.24528245766852924,0.0,0.0,0.0,1.0,0.0,0.0,4.65
STU-10606,0.49374678773342356,-0.23165359406898037,-0.20117878192534375,1.467469879518072,-1.1975308641975304,0.6,1.1296012237353665,1.0,0.0,0.0,0.0,1.0,0.0,4.71
STU-11795,-1.0412883330477989,-0.7104330074137747,-0.8597249508840865,0.024096385542168586,0.39506172839506204,1.6,0.44065520831120225,0.0,0.0,0.0,0.0,0.0,1.0,3.26
STU-14864,0.5040260407743696,-0.3635972923605892,-0.7591355599214147,-0.7277108433734939,-0.24691358024691323,1.4,1.0679045656376807,0.0,1.0,0.0,0.0,0.0,0.0,3.39
STU-12581,-0.7849922905602201,0.15816052433652059,-0.44793713163064836,-0.0240963855421688,1.2037037037037044,0.0,-1.04006458603327,0.0,0.0,0.0,0.0,1.0,0.0,3.63
STU-13493,0.4176803152304255,-0.5436768024067908,-0.21218074656188604,-0.5204819277108433,-0.8580246913580244,-1.0,0.44065520831120225,0.0,0.0,0.0,0.0,0.0,1.0,4.07
STU-11660,0.46907658043515393,-0.4039969915117656,-1.1174852652259333,1.344578313253012,1.5061728395061735,0.2,-0.7829951772929102,0.0,0.0,0.0,0.0,1.0,0.0,3.24
STU-13615,0.13123179715607278,0.5273450091329106,1.0043222003929273,-0.08192771084337346,-0.5679012345679012,-1.0,0.37895855021351627,0.0,0.0,0.0,0.0,0.0,1.0,4.48
STU-10224,0.0,0.5273450091329106,1.7791748526522595,-0.3493975903614458,-0.8148148148148144,0.8,0.44065520831120225,0.0,0.0,0.0,0.0,0.0,1.0,5.25
STU-10972,0.16344012335103586,-0.1504244117331041,0.0,-0.47228915662650606,1.6049382716049378,1.2,0.6360279589538761,1.0,1.0,0.0,0.0,0.0,0.0,4.73
STU-13889,0.26006510193592514,0.51359192006017,0.4935166994106092,0.9662650602409637,-1.3888888888888888,-1.0,0.2658480103677576,0.0,1.0,0.0,0.0,0.0,0.0,4.93
STU-14108,-0.19564844954600089,-0.3872354142043626,-0.5265225933202358,-1.1156626506024094,0.14197530864197555,1.6,0.5948968535554185,0.0,0.0,1.0,0.0,0.0,0.0,3.35
STU-11760,0.5540517389069722,-0.47061351670785445,-0.982318271119843,1.4578313253012045,0.3765432098765434,-1.0,0.019061377977012833,1.0,1.0,0.0,0.0,0.0,0.0,4.26
STU-10288,0.8953229398663685,-0.36058880412592675,-1.1489194499017683,-0.17590361445783143,-0.7407407407407403,-0.4,1.294125645329197,1.0,0.0,0.0,1.0,0.0,0.0,4.75
STU-10427,-1.3119753297927024,-1.0035457182765664,-0.4385068762278978,0.39759036144578297,0.7098765432098767,-0.4,-0.15574581996643272,1.0,1.0,0.0,0.0,0.0,0.0,3.39
STU-11674,0.8363885557649466,0.22004942516385476,0.6899803536345775,-1.1132530120481927,-0.7345679012345675,0.8,0.04990970702585536,0.0,0.0,1.0,0.0,0.0,0.0,4.54
STU-14350,-0.708925818057222,-0.46459654023853025,-1.3139489194499019,-0.6746987951807228,0.11728395061728418,0.2,-0.37168412330833495,0.0,0.0,0.0,0.0,0.0,1.0,3.0
STU-14740,0.4718177145794066,0.05157408402277868,-0.06444007858546172,0.0,-0.5864197530864192,1.2,-0.17631137266566105,0.0,0.0,0.0,0.0,0.0,1.0,4.46
STU-12811,0.9988007538118888,0.13667132266036286,0.4463654223968566,-0.4987951807228916,-0.833333333333333,0.2,0.060192483375469535,0.0,0.0,0.0,1.0,0.0,0.0,4.02
STU-13698,0.366284050025697,0.5273450091329106,0.3096267190569746,-0.6915662650602409,0.8827160493827159,-0.6,1.3249739743780404,0.0,0.0,0.0,0.0,0.0,1.0,5.29
STU-14606,-1.0166181257495293,0.1770710218115393,-1.0891944990176818,2.4337349397590358,0.3333333333333333,-0.6,-0.011786951071830606,0.0,0.0,0.0,0.0,0.0,1.0,3.29
STU-13650,0.0,-0.3343719780810144,-0.12730844793713172,-0.6915662650602409,0.6172839506172839,-0.4,0.3686757738639021,0.0,1.0,0.0,0.0,0.0,0.0,3.56
STU-14912,-0.8870995374336136,-0.3923928226066406,-0.9634577603143419,0.7927710843373491,-1.5061728395061724,0.0,0.7491384987996348,1.0,0.0,0.0,0.0,0.0,1.0,3.79
STU-14630,-0.22511564159671135,-0.7022671107768348,-0.5343811394891946,0.0,0.0,0.2,-1.7187278251078202,0.0,0.0,0.0,0.0,0.0,1.0,3.01
STU-13775,0.7589515161898227,-0.04856559578811689,-0.8188605108055012,0.3204819277108434,0.8395061728395069,-0.6,0.008778601627397745,0.0,0.0,1.0,0.0,0.0,0.0,4.22
STU-12067,-0.7891039917765985,0.5273450091329106,1.595284872298625,-0.18313253012048186,-0.24691358024691323,1.0,0.7285729461004056,0.0,0.0,0.0,1.0,0.0,0.0,4.2
STU-13700,-0.278567757409629,-0.12033952938648318,-0.47151277013752463,1.1734939759036143,-0.3950617283950615,-1.0,0.2555652340181434,0.0,0.0,1.0,0.0,0.0,0.0,3.65
STU-13431,0.24910056535891661,0.5273450091329106,0.9870333988212181,-0.40963855421686746,0.5000000000000002,-0.2,0.2555652340181434,0.0,0.0,0.0,0.0,1.0,0.0,3.95
STU-13798,-1.146136714065445,-0.8389384334371983,0.0,0.15903614457831328,-0.48765432098765377,-0.8,0.12188914147315641,0.0,0.0,0.0,0.0,1.0,0.0,3.18
STU-10174,-0.18879561418536983,0.4804985494788866,1.0860510805500987,0.9325301204819274,0.6049382716049385,0.2,0.0,0.0,1.0,0.0,0.0,0.0,0.0,4.66
STU-11476,0.7541545314373819,0.5273450091329106,1.703732809430256,0.18072289156626503,-0.16666666666666638,-0.4,1.3249739743780404,1.0,0.0,0.0,1.0,0.0,0.0,6.03
STU-12323,-0.5430872023299648,0.5273450091329106,-0.29233791748526516,-0.04096385542168673,0.6851851851851859,0.0,-1.636465614310905,0.0,0.0,0.0,1.0,0.0,0.0,3.37
STU-12772,0.636285763234537,0.5273450091329106,1.4286836935167,-0.1253012048192772,-1.0308641975308641,1.4,0.6668762880027196,1.0,0.0,0.0,0.0,1.0,0.0,4.83
STU-14427,-0.3011821140997094,0.041259267218222574,-1.5166994106090377,-0.03855421686746991,0.7654320987654322,-1.0,-0.10433193821836001,0.0,0.0,0.0,0.0,1.0,0.0,4.36
STU-14838,0.9988007538118888,0.5273450091329106,1.6424361493123776,-0.6771084337349397,0.03703703703703734,0.6,1.3249739743780404,0.0,1.0,0.0,0.0,0.0,0.0,5.86
STU-12432,-0.2072982696590718,-0.09283335124100187,-0.3913555992141455,0.125301204819277,0.6419753086419758,0.2,-0.5567740976013937,0.0,0.0,1.0,0.0,0.0,0.0,3.82
STU-12916,-0.7287990406030498,-0.4714730847749006,-0.5312377210216109,1.2554216867469876,1.3333333333333333,-0.4,-0.9372368225371265,0.0,1.0,0.0,0.0,0.0,0.0,3.38
STU-12034,-0.4985437724858664,0.5273450091329106,-0.01886051080550086,0.17108433734939757,-0.47530864197530837,-0.2,0.0,0.0,0.0,1.0,0.0,0.0,0.0,4.25
STU-12704,-0.5177317114956318,-0.8862146771247451,-0.4872298624754421,0.0746987951807228,-0.5925925925925926,0.8,-0.10433193821836001,0.0,0.0,0.0,0.0,1.0,0.0,3.78
STU-13509,-0.005139626520474014,0.08724615880520044,0.023575638506876287,-0.4120481927710843,0.2283950617283951,1.0,0.37895855021351627,0.0,0.0,0.0,1.0,0.0,0.0,3.9
STU-13421,0.9988007538118888,0.5191791124959707,0.7371316306483301,0.9132530120481925,0.29629629629629656,0.0,0.965076802141537,0.0,1.0,0.0,0.0,0.0,0.0,5.63
STU-11316,0.0,-0.024067905877296757,-0.8581532416502948,-0.30361445783132524,0.05555555555555601,0.8,-0.7315812955448384,0.0,0.0,0.0,0.0,0.0,1.0,3.7
STU-13890,-0.5581634401233517,-1.705383045019878,0.0,-0.6120481927710842,-0.3641975308641974,0.0,-1.6775967197093626,0.0,0.0,0.0,0.0,0.0,1.0,1.15
STU-11877,-0.8206270344354982,0.5273450091329106,0.9147347740667976,-0.41927710843373495,-0.14814814814814772,1.0,-0.7932779536425244,0.0,0.0,0.0,0.0,0.0,1.0,4.21
STU-14933,0.2353948946376555,-0.29784033523154646,-0.2420432220039292,2.269879518072289,-0.4135802469135802,0.6,0.2761307867173727,1.0,0.0,0.0,0.0,0.0,1.0,5.24
STU-14120,0.10861744046599237,-0.8797679166218975,-0.70098231827112,0.03614457831325288,0.209876543209877,0.2,-0.032352503771059866,1.0,0.0,0.0,1.0,0.0,0.0,3.31
STU-14946,-0.9563131745759816,-0.42548619318792336,-0.8990176817288803,0.7180722891566266,0.4444444444444448,-0.4,-1.3896789819201594,0.0,1.0,0.0,0.0,0.0,0.0,3.23
STU-14893,-0.7452458454685635,-0.7963898141184056,-0.12573673870333973,0.650602409638554,0.41975308641975345,0.4,0.0,1.0,0.0,0.0,1.0,0.0,0.0,3.77
STU-11590,-0.6308034949460347,0.5273450091329106,-0.007858546168958577,1.180722891566265,-1.1728395061728392,1.0,0.8211179332469349,0.0,1.0,0.0,0.0,0.0,0.0,4.57
STU-10964,-0.646565016275485,-0.9244654561083059,-1.7288801571709236,0.975903614457831,-0.48765432098765377,0.2,-1.9243833521001084,0.0,0.0,1.0,0.0,0.0,0.0,2.09
STU-12466,-0.06544457769402175,0.5273450091329106,0.6522593320235758,-0.7686746987951808,-0.37654320987654283,0.0,-0.13518026726720345,0.0,1.0,0.0,0.0,0.0,0.0,4.41
STU-12746,-0.22168922391639634,-0.5071451595573223,0.3206286836935169,0.7807228915662651,-1.1728395061728392,0.4,-0.07348360916951749,0.0,0.0,0.0,0.0,0.0,1.0,3.7
STU-10122,-1.1296899091999324,-0.7332115611905019,-0.8424361493123773,-0.012048192771084293,0.5617283950617284,1.0,0.4098068792623597,1.0,0.0,0.0,0.0,0.0,1.0,3.51
STU-13018,-0.00719547712866323,-0.20113892768883668,-0.14145383104125744,-0.8578313253012048,0.679012345679012,0.6,-0.6904501901463808,0.0,0.0,0.0,0.0,0.0,1.0,4.11
STU-13573,0.5122494432071265,-0.02234876974320448,0.5249508840864441,0.5084337349397589,-1.524691358024691,0.4,1.0679045656376807,1.0,0.0,0.0,0.0,1.0,0.0,5.25
STU-11550,-0.04214493746787795,-0.574621252820458,-0.4542239685658155,-1.0192771084337349,-1.4444444444444442,0.4,0.49206909005927496,0.0,0.0,0.0,0.0,0.0,1.0,3.83
STU-13220,0.4019187939009761,-0.1439776512302572,0.4919449901768175,0.15903614457831328,-0.7037037037037035,0.0,0.8622490386453926,1.0,0.0,0.0,0.0,1.0,0.0,5.2
STU-10351,-1.620352921021073,-0.46631567637262317,-0.050294695481336006,1.7228915662650601,-0.5123456790123452,0.8,-0.8755401644394396,1.0,1.0,0.0,0.0,0.0,0.0,3.64
STU-14228,0.7377077265718681,0.5273450091329106,1.3611001964636547,-0.3108433734939759,0.549382716049383,1.4,-0.1146147145679751,0.0,0.0,0.0,0.0,0.0,1.0,5.36
STU-10291,0.3936953914682193,-0.5918126141613844,0.011001964636542285,0.5349397590361444,1.5061728395061735,2.4,0.49206909005927496,0.0,0.0,0.0,1.0,0.0,0.0,4.37
STU-14075,0.3930101079321559,-0.46201783603739127,-0.15402750491159145,0.03373493975903606,1.5555555555555551,-0.6,0.0,1.0,0.0,1.0,0.0,0.0,0.0,5.05
STU-13814,0.7507281137570658,0.5273450091329106,1.0750491159135565,-0.6915662650602409,0.6111111111111112,0.0,0.6977246170515621,0.0,0.0,0.0,1.0,0.0,0.0,5.4
STU-12250,0.60750385471989,0.5273450091329106,0.8848722986247547,-1.03855421686747,0.23456790123456836,-0.4,0.12188914147315641,0.0,1.0,0.0,0.0,0.0,0.0,5.78
STU-12322,-0.3676546170978248,-0.07048458149779739,0.4180746561886052,-0.4915662650602409,0.5925925925925931,0.8,-0.5156429922029362,0.0,0.0,0.0,0.0,1.0,0.0,3.68
STU-10274,-1.1954771286619843,0.2840872461588052,0.04086444007858543,-0.7228915662650601,0.0,-0.2,-0.16602859631604688,0.0,0.0,0.0,0.0,0.0,1.0,3.61
STU-12889,0.36217234880931864,0.5273450091329106,0.27662082514734776,-0.5469879518072289,-0.6172839506172839,0.2,-0.3614013469587199,0.0,0.0,1.0,0.0,0.0,0.0,4.26
STU-11217,0.3669693335617604,-0.19383259911894296,0.7669941060903736,-0.050602409638554204,-0.833333333333333,-0.6,0.4509379846608173,0.0,1.0,0.0,0.0,0.0,0.0,5.01
STU-10838,-0.5780366626691804,-0.5398087461050823,0.18703339882121803,-0.3734939759036144,-0.8024691358024689,-1.0,0.19386857592045748,0.0,0.0,0.0,0.0,0.0,1.0,4.31
STU-10231,0.9988007538118888,0.5273450091329106,0.26247544204322204,0.08915662650602411,-0.45061728395061695,-1.0,0.5743313008561892,0.0,1.0,0.0,0.0,0.0,0.0,4.64
STU-11451,-0.20592770258694598,-0.38465671000322355,-0.05500982318271115,0.34457831325301197,-0.24074074074074053,0.8,0.4509379846608173,0.0,0.0,0.0,0.0,0.0,1.0,5.51
STU-13773,-0.03118040089086945,-0.11389276888363623,0.11630648330058944,0.5301204819277109,-0.7283950617283949,-1.0,1.1810151054834392,1.0,0.0,0.0,0.0,1.0,0.0,4.69
STU-14830,0.0,0.5273450091329106,1.1929273084479375,-0.24819277108433738,-0.14197530864197502,-1.0,0.759421275149249,0.0,0.0,0.0,0.0,0.0,1.0,4.88
STU-13967,-0.17097824224773028,-0.8217470720962718,-0.048722986247544293,-1.033734939759036,-0.296296296296296,0.0,1.0781873419872947,0.0,0.0,0.0,0.0,1.0,0.0,4.48
STU-14995,-1.1399691622408774,-0.502847319222091,-1.0420432220039295,0.0,-1.0864197530864195,-1.0,-0.7829951772929102,1.0,0.0,1.0,0.0,0.0,0.0,2.84
STU-10067,0.9988007538118888,0.0,1.9174852652259338,0.7036144578313253,0.07407407407407414,1.0,1.3249739743780404,1.0,0.0,0.0,1.0,0.0,0.0,5.54
STU-10052,0.2360801781737189,0.5273450091329106,-0.3237721021611003,0.5108433734939759,-0.5370370370370365,0.2,-0.8446918353905971,0.0,0.0,0.0,0.0,0.0,1.0,3.9
STU-14233,-1.0666438238821319,-0.38852476630493205,-0.4935166994106092,-0.050602409638554204,-1.8827160493827155,-0.8,-1.6056172852620616,0.0,0.0,0.0,0.0,1.0,0.0,2.79
STU-14161,0.6664382388213119,-0.42419684108735384,-1.0640471512770138,1.5734939759036142,0.3580246913580247,1.0,-0.6081879793494656,1.0,0.0,0.0,0.0,0.0,1.0,3.51
STU-14449,0.9988007538118888,0.5273450091329106,0.0,0.13012048192771083,-0.006172839506172707,-1.0,0.6771590643523338,0.0,0.0,0.0,0.0,1.0,0.0,4.75
STU-13941,0.5657015590200442,0.3416783066509081,0.0,-0.021686746987951772,0.0,0.4,-0.3819668996579491,0.0,0.0,0.0,0.0,1.0,0.0,4.59
STU-13609,0.9988007538118888,0.5273450091329106,0.8408644400785855,1.07710843373494,0.30864197530864196,-0.2,-0.4436635577556351,0.0,1.0,0.0,0.0,0.0,0.0,5.46
STU-13632,-1.1564159671063912,-0.6674546040614592,-0.8078585461689588,0.9277108433734939,-0.5246913580246911,-1.0,1.0781873419872947,0.0,0.0,0.0,0.0,1.0,0.0,3.2
STU-12165,0.8781908514647924,-0.502847319222091,0.10373280943025544,-0.0626506024096385,0.06790123456790143,0.2,0.8416834859461642,1.0,0.0,0.0,0.0,0.0,1.0,4.67
STU-13221,0.0,0.11604168905125188,-0.4416502946954815,-0.4216867469879518,-0.7962962962962957,-1.0,-0.17631137266566105,0.0,0.0,0.0,0.0,0.0,1.0,3.6
STU-13852,-0.4992290560219298,-0.21876007306328585,-0.017288801571709148,0.7807228915662651,-0.1296296296296296,-1.0,-0.042635280120674045,1.0,1.0,0.0,0.0,0.0,0.0,3.81
STU-14689,0.8274798697961273,0.5273450091329106,0.6035363457760315,0.12289156626506018,-0.14197530864197502,0.0,0.4612207610104315,0.0,0.0,0.0,1.0,0.0,0.0,5.33
STU-13305,-0.5677574096282344,-0.4224777049532609,-1.7304518664047155,-1.1445783132530118,-1.0308641975308641,0.6,-1.1223267968301853,0.0,0.0,0.0,0.0,0.0,1.0,2.87
STU-10009,-2.030837759122838,-1.8682711937251535,-1.7304518664047155,1.8240963855421686,-0.16666666666666638,-1.0,-0.5670568739510079,0.0,1.0,0.0,0.0,0.0,0.0,2.47
STU-12966,0.9988007538118888,0.5273450091329106,0.4526522593320238,-0.46746987951807234,0.5802469135802472,0.6,-0.13518026726720345,0.0,0.0,0.0,1.0,0.0,0.0,5.09
STU-13991,-0.6383416138427283,0.5273450091329106,0.9917485265225936,-0.7807228915662651,0.2839506172839511,0.0,0.4509379846608173,1.0,0.0,0.0,0.0,0.0,1.0,4.55
STU-12494,-0.6842556107589524,-1.4793166433866984,-1.1913555992141456,-0.9349397590361445,0.2469135802469138,0.0,-0.052918056470288216,0.0,0.0,0.0,0.0,0.0,1.0,2.87
STU-11759,-1.2359088572897043,-1.600085956806705,-1.2463654223968568,0.3831325301204819,1.123456790123457,0.4,-2.839550447215789,0.0,1.0,0.0,0.0,0.0,0.0,1.46
STU-10360,0.5074524584546847,0.5273450091329106,1.164636542239686,-0.9108433734939759,-0.47530864197530837,-0.4,0.5126346427585032,1.0,1.0,0.0,0.0,0.0,0.0,4.78
STU-11565,-0.4601678944663366,0.5273450091329106,1.4333988212180748,-0.672289156626506,0.012345679012345963,-0.4,0.4303724319615881,0.0,0.0,0.0,0.0,1.0,0.0,5.17
STU-13763,0.7342813088915531,0.5273450091329106,0.550098231827112,1.0554216867469877,-1.2283950617283945,0.0,0.6463107353034903,0.0,0.0,0.0,0.0,0.0,1.0,5.03
STU-14937,-0.001027925304095582,-0.3167508327065652,-0.20589390962671916,1.1132530120481925,-0.48148148148148107,0.8,0.5023518664088891,0.0,0.0,0.0,1.0,0.0,0.0,4.37
STU-13006,0.5019701901661804,0.5273450091329106,1.0860510805500987,1.1036144578313252,-0.46913580246913567,0.8,0.7902696041980924,1.0,0.0,0.0,0.0,0.0,1.0,5.6
STU-11569,-0.032550967962995274,0.5273450091329106,1.6974459724950886,1.2602409638554217,0.46913580246913617,0.6,0.10132358877392715,0.0,0.0,0.0,1.0,0.0,0.0,4.35
STU-14629,0.03392153503512012,-0.383367357902654,0.047151277013752574,-0.35180722891566263,1.098765432098766,-1.0,0.20415135227007164,1.0,0.0,1.0,0.0,0.0,0.0,4.08
STU-10865,-0.08874421792016556,0.0,-0.13202357563850686,-0.5036144578313253,0.7839506172839503,0.8,0.060192483375469535,1.0,0.0,0.0,0.0,0.0,1.0,5.24
STU-11920,-0.17577522700017212,-0.5505533469431612,-0.3677799607072692,0.0,0.0,-0.4,-0.37168412330833495,0.0,0.0,0.0,1.0,0.0,0.0,3.63
STU-14957,0.04625663868425444,0.5273450091329106,1.318664047151277,-0.33253012048192765,-0.6419753086419747,0.4,0.0,1.0,0.0,0.0,0.0,0.0,1.0,4.66
STU-11096,0.032550967962994296,0.5273450091329106,1.268369351669941,0.06506024096385532,-0.38271604938271553,-0.8,-0.4436635577556351,0.0,0.0,0.0,1.0,0.0,0.0,4.55
STU-12907,-0.1140997087544976,-0.360159020092404,0.3332023575638509,0.3349397590361445,-0.5802469135802466,0.8,0.7285729461004056,0.0,0.0,0.0,1.0,0.0,0.0,4.81
STU-14760,-0.48346753469247944,-0.0073063285698937025,-0.5092337917485267,0.04819277108433739,0.6172839506172839,1.0,0.358392997514287,0.0,1.0,0.0,0.0,0.0,0.0,4.11
STU-14594,0.0,-0.5608681637477166,-0.05500982318271115,-0.23132530120481926,1.2654320987654324,-1.0,0.4715035373600457,1.0,0.0,0.0,0.0,0.0,1.0,5.26
STU-12757,-0.1490491690937133,0.5273450091329106,0.5422396856581535,-0.5879518072289157,0.4938271604938276,2.0,-0.22772525441373284,1.0,1.0,0.0,0.0,0.0,0.0,4.28
STU-10722,-0.5979098852150082,-0.7345009132910715,-0.7607072691552064,-0.9590361445783133,-0.9629629629629627,0.6,-0.3614013469587199,0.0,1.0,0.0,0.0,0.0,0.0,3.77
STU-12464,-1.179715607332535,-0.5170301923283551,-0.4463654223968566,-0.16626506024096394,-0.6851851851851848,0.2,-0.0015041747222164304,0.0,0.0,0.0,0.0,1.0,0.0,3.51
STU-14140,-0.5321226657529563,0.05973998065971852,0.8895874263261301,0.0,-1.679012345679012,0.0,-0.0015041747222164304,1.0,0.0,0.0,0.0,0.0,1.0,3.86
STU-11351,0.6184683912968985,-0.004727624368754677,0.2954813359528489,-0.2,-0.8641975308641971,1.0,1.1193184473857525,0.0,0.0,0.0,1.0,0.0,0.0,5.29
STU-13570,0.9988007538118888,-0.0395401310841303,0.0,0.09397590361445775,-0.32098765432098736,0.6,0.07047525972508462,0.0,0.0,0.0,0.0,0.0,1.0,3.43
STU-12554,-0.7575809491176979,-1.4380573761684754,-1.0153241650294698,-0.007228915662650662,-1.0740740740740735,-1.0,-1.184023454927872,0.0,0.0,0.0,0.0,0.0,1.0,2.37
STU-12568,0.03871851978756097,-0.15902009240356735,-0.7528487229862477,0.21927710843373496,0.2407407407407411,-0.4,-0.5876224266502372,0.0,0.0,1.0,0.0,0.0,0.0,2.96
STU-13075,0.1716635257837927,-0.4052863436123351,-0.3096267190569746,0.0,0.0,0.4,-0.5156429922029362,1.0,0.0,0.0,0.0,1.0,0.0,4.77
STU-11086,-0.14562275141339825,-0.8355001611690125,-1.0027504911591356,0.7951807228915659,-0.6296296296296293,-0.8,-1.0709129150821135,0.0,0.0,0.0,0.0,0.0,1.0,2.72
STU-12161,0.03803323625149855,-0.18695605458257264,-0.056581532416502864,0.26987951807228916,-0.24691358024691323,0.4,-0.7212985191952243,0.0,0.0,0.0,0.0,1.0,0.0,3.46
STU-13286,-0.47729998286791275,-0.44138820242828025,0.6444007858546169,-0.7927710843373493,-0.5061728395061724,-0.4,1.0370562365888372,0.0,0.0,0.0,0.0,0.0,1.0,3.83
STU-12258,-0.032550967962995274,0.5273450091329106,1.5512770137524559,-0.8433734939759036,0.23456790123456836,0.6,-0.15574581996643272,1.0,0.0,0.0,0.0,0.0,1.0,5.0
STU-10170,0.17303409285591853,-0.3219082411088432,-0.031434184675834864,-0.04819277108433739,2.216049382716049,0.2,0.358392997514287,0.0,0.0,0.0,0.0,0.0,1.0,4.16
STU-13635,-1.0872023299640232,0.5273450091329106,0.33948919449901777,0.6939759036144575,0.0,0.6,0.6257451826042619,1.0,0.0,0.0,0.0,0.0,1.0,5.88
STU-10404,0.2031865684426924,-1.058987858601053,-0.3536345776031435,1.6891566265060238,-0.6296296296296293,-0.6,-0.5362085449021645,1.0,0.0,0.0,0.0,0.0,1.0,3.58
STU-10524,0.610930272400205,-0.3558611797571721,0.09430255402750487,-0.5469879518072289,-0.790123456790123,0.8,-0.49507743950370686,0.0,0.0,0.0,0.0,1.0,0.0,3.94
STU-13799,-0.9371252355662162,0.0,-0.2420432220039292,-0.02891566265060243,1.0679012345679015,0.8,-1.8009900359047355,1.0,0.0,0.0,0.0,0.0,1.0,2.19
STU-14443,0.28199417508994307,0.5273450091329106,0.9838899803536347,0.3132530120481927,1.2222222222222223,0.2,0.008778601627397745,0.0,0.0,0.0,0.0,0.0,1.0,4.9
STU-10866,0.9988007538118888,-0.47534114107660913,0.20432220039292745,0.48433734939759027,-0.02469135802469083,0.4,1.0370562365888372,0.0,0.0,0.0,0.0,1.0,0.0,4.67
STU-10772,0.9988007538118888,0.5273450091329106,-0.35520628683693517,0.45542168674698785,-1.3086419753086413,0.4,0.0,1.0,0.0,0.0,0.0,1.0,0.0,4.9
STU-12482,-0.49580263834161475,-0.8393682174707211,0.17917485265225946,-0.15662650602409645,1.537037037037037,1.0,0.11160636512354223,1.0,0.0,0.0,1.0,0.0,0.0,4.67
STU-12770,0.6760322083261946,-0.46373697217148413,-0.35992141453831034,1.3277108433734939,-0.20987654320987645,0.0,0.2555652340181434,0.0,0.0,1.0,0.0,0.0,0.0,4.27
STU-14219,0.9988007538118888,0.2595895562479851,-0.11630648330058944,0.04096385542168673,-0.12345679012345634,0.8,0.7388557224500197,1.0,0.0,0.0,0.0,1.0,0.0,5.58
STU-11671,0.9988007538118888,0.5273450091329106,1.119056974459725,-0.33253012048192765,-0.6111111111111106,0.6,0.954794025791922,0.0,0.0,0.0,0.0,0.0,1.0,5.37
STU-14101,-0.4334418365598778,-0.03266358654775997,-0.1100196463654223,-0.9638554216867469,0.1234567901234569,0.2,-0.47451188680447853,0.0,0.0,1.0,0.0,0.0,0.0,3.0
STU-13809,-0.8432413911255786,-0.3984097990759648,0.5312377210216113,0.04819277108433739,1.1172839506172842,1.6,0.2144341286196858,0.0,0.0,0.0,0.0,1.0,0.0,4.04
STU-11886,-0.4567414767860206,-0.48995379821639656,-0.36620825147347746,0.0,0.0,1.0,0.4303724319615881,1.0,1.0,0.0,0.0,0.0,0.0,3.88
STU-12391,-0.20044543429844175,-0.878478564521328,-0.4982318271119844,0.2867469879518071,-0.7283950617283949,-1.0,-0.3819668996579491,1.0,0.0,0.0,0.0,0.0,1.0,4.38
STU-13206,-0.6787733424704482,-0.29955947136563876,0.3850687622789786,-0.6674698795180722,0.14197530864197555,1.0,0.34811022116467283,1.0,1.0,0.0,0.0,0.0,0.0,4.9
STU-10447,0.9988007538118888,0.5273450091329106,0.793713163064833,1.556626506024096,-0.2037037037037032,-0.4,-0.33055301790987734,0.0,0.0,0.0,0.0,0.0,1.0,5.36
STU-11538,0.24224772999828556,-0.09842054367680268,-0.20432220039292717,-0.5855421686746988,-0.9753086419753081,0.4,-0.5464913212517796,0.0,0.0,0.0,0.0,0.0,1.0,3.75
STU-13402,0.0,-0.04211883528526933,0.3866404715127703,0.004819277108433632,-0.987654320987654,0.0,0.0,0.0,0.0,0.0,0.0,0.0,1.0,3.72
STU-13754,0.9988007538118888,0.5273450091329106,2.109233791748527,0.09156626506024093,-0.9999999999999994,0.0,1.2735600926299686,0.0,0.0,0.0,0.0,0.0,1.0,5.33
STU-10200,0.26075038547198853,0.5273450091329106,1.0844793713163068,-0.17108433734939757,-0.14814814814814772,0.0,0.5846140772058044,1.0,1.0,0.0,0.0,0.0,0.0,4.88
STU-12845,-1.416138427274285,-0.9334909208122918,-1.4365422396856584,-0.11566265060240973,-0.40740740740740694,-0.2,-1.441092863668232,1.0,0.0,0.0,0.0,1.0,0.0,2.08
STU-10669,-1.1475072811375708,0.01418287310626403,-0.2090373280943026,-0.3590361445783133,-0.24074074074074053,1.0,0.9136629203934643,1.0,0.0,0.0,0.0,0.0,1.0,4.82
STU-14844,-1.005653589172521,-0.3348017621145377,-0.275049115913556,-0.8795180722891567,-1.2716049382716046,-1.0,-0.906388493488283,0.0,0.0,0.0,0.0,1.0,0.0,3.18
STU-11637,0.3793044372108948,-0.37863973353389935,-0.20275049115913546,-0.5518072289156626,0.506172839506173,-0.4,-0.6493190847479232,1.0,1.0,0.0,0.0,0.0,0.0,3.58
STU-13758,-0.28336474216206986,-0.911142151069088,-0.6899803536345777,-0.5518072289156626,-1.0617283950617282,1.6,-0.8138435063417536,0.0,0.0,1.0,0.0,0.0,0.0,2.45
STU-12992,0.9988007538118888,-0.3163210486730418,1.1300589390962672,0.29397590361445775,-1.1543209876543203,0.8,0.6463107353034903,0.0,0.0,0.0,0.0,1.0,0.0,5.28
STU-11558,-0.44920335788932714,0.5273450091329106,0.16660117878192546,0.2819277108433735,0.4074074074074075,-0.6,-0.3819668996579491,0.0,0.0,0.0,0.0,1.0,0.0,4.06
STU-10022,0.8761350008566031,0.2772107016224349,-0.09273084479371316,-0.42891566265060244,0.4567901234567902,0.0,0.23499968131891508,0.0,0.0,0.0,0.0,0.0,1.0,4.87
STU-10976,-0.6506767174918625,0.0,-0.35049115913556006,1.0939759036144576,0.5617283950617284,-0.8,0.14245469417238477,0.0,1.0,0.0,0.0,0.0,0.0,3.07
STU-13866,0.46702072982696474,-0.3352315461480605,-0.16502946954813347,0.9036144578313252,0.12962962962963015,0.0,-0.011786951071830606,0.0,0.0,1.0,0.0,0.0,0.0,3.8
STU-11824,0.4546856261778304,0.3644568604276347,0.4542239685658155,-0.08192771084337346,-0.9506172839506167,-1.0,0.7902696041980924,0.0,0.0,0.0,0.0,0.0,1.0,4.75
STU-14974,-0.7007024156244651,-0.6339314494466531,-0.7245579567779961,-0.3253012048192772,0.4567901234567902,0.6,-0.8035607299921395,1.0,1.0,0.0,0.0,0.0,0.0,3.39
STU-13511,-0.3614870652732572,-0.5522724830772541,-1.1284872298624755,0.0,-0.5123456790123452,-0.2,-0.28942191251141974,1.0,0.0,0.0,1.0,0.0,0.0,3.24
STU-11586,-0.6993318485523393,0.36101858815944954,0.36620825147347746,-0.46987951807228917,-1.8518518518518516,-1.0,-0.15574581996643272,0.0,0.0,0.0,0.0,1.0,0.0,4.23
STU-13680,0.5629604248757916,-1.4711507467497584,-1.5072691552062871,0.9084337349397589,-0.24074074074074053,0.0,-1.029781809683656,0.0,0.0,0.0,0.0,0.0,1.0,3.46
STU-12269,-0.02432756553023938,-0.4731922209089935,-0.025147347740668003,-0.253012048192771,0.0,1.2,-0.032352503771059866,0.0,0.0,1.0,0.0,0.0,0.0,3.01
STU-10230,0.16138427274284664,0.5273450091329106,1.5544204322200394,1.0048192771084337,-0.5925925925925926,-1.0,-0.26885635981219047,0.0,0.0,0.0,0.0,0.0,1.0,4.08
STU-12591,-0.21415110501970286,0.17363274954335414,-0.24047151277013745,-0.4265060240963855,-0.21604938271604915,0.4,0.8622490386453926,1.0,0.0,0.0,1.0,0.0,0.0,5.0
STU-11981,0.6451944492033573,0.5273450091329106,1.068762278978389,-0.7518072289156627,0.6851851851851859,-1.0,0.6565935116531045,0.0,0.0,0.0,1.0,0.0,0.0,5.38
STU-13009,-0.9988007538118907,-1.1788976039540136,-1.2495088408644404,1.6096385542168672,0.5246913580246917,1.6,-1.7084450487582061,0.0,0.0,0.0,0.0,0.0,1.0,1.92
STU-11191,0.0,0.3412485226173847,-0.12416502946954802,0.6385542168674699,0.0,0.8,-0.26885635981219047,0.0,1.0,0.0,0.0,0.0,0.0,4.72
STU-10639,-0.10313517217748909,-0.8170194477275172,-1.7304518664047155,0.7012048192771084,1.0061728395061733,0.2,-0.3511185706091057,1.0,0.0,0.0,0.0,0.0,1.0,2.89
STU-10517,-0.5787219462052429,-0.2724830772536802,0.15245579567779974,-0.5132530120481928,-0.2654320987654319,1.0,-0.8138435063417536,0.0,0.0,1.0,0.0,0.0,0.0,3.19
STU-10612,-0.6054480041117017,-0.5931019662619533,-1.2715127701375248,-0.22650602409638562,0.4382716049382721,0.4,0.5126346427585032,1.0,0.0,0.0,1.0,0.0,0.0,2.62
STU-11057,-0.2744560561932506,-0.31374234447190275,-0.6789783889980354,-0.9421686746987952,-1.0308641975308641,-1.0,-0.3511185706091057,0.0,1.0,0.0,0.0,0.0,0.0,2.99
STU-14712,-2.1425389755011146,-0.8754700762866662,-0.08644400785854602,-0.10843373493975907,-0.2654320987654319,-0.8,-0.8138435063417536,0.0,0.0,1.0,0.0,0.0,0.0,2.23
STU-11831,0.5259551139283867,0.35972923605888,0.7764243614931238,-0.9566265060240964,-0.8765432098765431,-0.2,1.3249739743780404,0.0,1.0,0.0,0.0,0.0,0.0,4.84
STU-12793,-0.5725543943806762,-0.801977006554207,-1.6047151277013754,-0.3373493975903615,-0.32098765432098736,0.0,-0.07348360916951749,0.0,0.0,0.0,0.0,0.0,1.0,3.42
STU-14022,-0.26897378790474635,-0.6562802191898576,-0.5611001964636544,2.1638554216867467,0.3703703703703707,-1.0,0.954794025791922,0.0,1.0,0.0,0.0,0.0,0.0,3.77
STU-10298,-0.6691793729655655,-0.4611582679703451,0.40392927308447946,-0.17108433734939757,-1.1975308641975304,-1.0,1.0781873419872947,0.0,0.0,0.0,0.0,0.0,1.0,4.51
STU-13989,0.20661298612300744,0.15472225206833543,-0.05500982318271115,-0.08192771084337346,0.18518518518518562,-1.0,-0.4539463341052502,0.0,1.0,0.0,0.0,0.0,0.0,3.64
STU-12318,0.7658043515504528,0.5273450091329106,1.4129666011787823,-0.3686746987951808,-0.7222222222222221,1.2,1.3249739743780404,0.0,0.0,0.0,0.0,0.0,1.0,6.06
STU-10512,-1.5340071954771293,-1.3078328140109599,-0.9964636542239688,-0.06987951807228916,1.2345679012345678,0.2,0.060192483375469535,1.0,0.0,1.0,0.0,0.0,0.0,2.66
STU-10458,-0.9480897721432248,-0.10615665628021916,0.09744597249508859,-0.32289156626506016,-0.22839506172839458,-0.2,-0.5362085449021645,1.0,0.0,0.0,0.0,0.0,1.0,4.03
STU-12931,0.1668665410313509,0.0,0.0,-0.39518072289156636,-1.4444444444444442,-0.2,0.4303724319615881,0.0,0.0,1.0,0.0,0.0,0.0,5.28
STU-13746,0.7706013363028946,0.5273450091329106,1.046758349705305,-0.28915662650602414,0.9197530864197532,-1.0,0.8416834859461642,1.0,1.0,0.0,0.0,0.0,0.0,5.32
STU-10688,0.2148363885557643,-0.8561297947781241,-0.47151277013752463,0.6939759036144575,-0.030864197530864085,-0.2,0.7902696041980924,1.0,0.0,0.0,0.0,0.0,1.0,4.0
STU-13877,0.9693335617611774,0.5273450091329106,0.0,-0.6265060240963856,-1.2469135802469133,-0.4,1.0576217892880664,0.0,0.0,0.0,0.0,0.0,1.0,5.67
STU-12408,-0.9199931471646401,0.5273450091329106,-0.40078585461689575,0.125301204819277,-0.11728395061728364,-0.4,-1.184023454927872,0.0,1.0,0.0,0.0,0.0,0.0,3.2
STU-11341,0.042830221003939406,0.5273450091329106,1.0640471512770142,-0.7180722891566266,0.0,-0.2,-0.052918056470288216,1.0,0.0,0.0,1.0,0.0,0.0,5.75
STU-11287,0.051738906972759666,-1.2751692274631998,-0.15245579567779974,0.4024096385542168,-0.9753086419753081,0.0,0.8519662622957784,1.0,0.0,0.0,0.0,1.0,0.0,4.18
STU-12246,0.950145622751413,0.5273450091329106,0.9320235756385072,0.6144578313253009,-0.5061728395061724,0.4,0.8005523805477066,0.0,1.0,0.0,0.0,0.0,0.0,5.5
STU-10895,0.7383930101079316,-0.539378962071559,0.13831041257367402,-0.8698795180722891,-0.7530864197530862,-0.4,0.42008965561197387,1.0,0.0,0.0,0.0,1.0,0.0,5.04
STU-14505,0.0,-0.34210809068443143,0.7654223968565815,-1.2626506024096384,-0.10493827160493822,0.4,1.1707323291338243,1.0,0.0,0.0,0.0,0.0,1.0,4.98
STU-10715,0.26691793729655516,-0.07220371763189028,-0.46365422396856576,0.0,0.0,-0.6,0.0807580360746988,1.0,0.0,0.0,1.0,0.0,0.0,3.95
STU-10617,-0.6678088058934387,-1.191361340926185,-0.532809430255403,-0.616867469879518,-0.8271604938271604,-1.0,-1.29713399477363,0.0,1.0,0.0,0.0,0.0,0.0,3.0
STU-10289,-1.044714750728114,-0.8170194477275172,-0.037721021611002006,0.5783132530120483,0.09876543209876551,-0.6,0.0,1.0,1.0,0.0,0.0,0.0,0.0,3.77
STU-14868,-0.362857632345384,0.2062963360911141,-0.35049115913556006,0.3012048192771084,-0.5246913580246911,1.6,-0.6390363083983089,0.0,1.0,0.0,0.0,0.0,0.0,4.08
STU-11811,0.19701901661812476,0.5273450091329106,0.5846758349705307,0.04096385542168673,0.2222222222222224,1.4,0.1733030232212282,0.0,0.0,1.0,0.0,0.0,0.0,4.02
STU-14302,0.8473530923419561,0.5273450091329106,0.5768172888015718,0.2771084337349396,1.580246913580247,-0.2,0.759421275149249,0.0,0.0,0.0,1.0,0.0,0.0,4.85
STU-10464,-0.4437210896008229,-1.4763081551520363,0.0,-0.6650602409638554,-0.22222222222222185,-0.8,-1.4513756400178461,0.0,0.0,0.0,0.0,0.0,1.0,2.37
STU-10278,0.11958197704300087,0.43107338562372416,0.13988212180746573,2.0722891566265056,-1.1234567901234565,-1.0,1.0679045656376807,1.0,0.0,1.0,0.0,0.0,0.0,4.94
STU-13690,0.6794586260065096,-0.2531427957451381,-1.295088408644401,-1.0506024096385542,-0.6975308641975307,-0.6,-0.6698846374471524,1.0,0.0,0.0,0.0,0.0,1.0,3.77
STU-14064,-0.4800411170121644,0.5006983990544748,0.1241650294695483,1.4409638554216868,-0.9753086419753081,1.2,0.42008965561197387,0.0,0.0,0.0,1.0,0.0,0.0,4.66
STU-14128,-0.9487750556792881,-1.7651230256795964,-0.42593320235756377,-0.8506024096385542,-0.4999999999999997,-0.4,-1.1326095731797994,0.0,1.0,0.0,0.0,0.0,0.0,2.58
STU-11910,0.9988007538118888,0.5273450091329106,1.0939096267190571,0.0,-0.11111111111111092,0.0,0.19386857592045748,0.0,0.0,0.0,0.0,0.0,1.0,5.72
STU-13355,-0.4457769402090121,0.0,-0.6019646365422398,0.5469879518072288,-0.5802469135802466,0.0,0.24528245766852924,1.0,0.0,0.0,1.0,0.0,0.0,2.88
STU-11474,0.0,0.5273450091329106,-0.1713163064833006,-0.44337349397590364,-0.48765432098765377,0.6,0.4715035373600457,1.0,0.0,0.0,1.0,0.0,0.0,4.77
STU-11852,-0.9275312660613335,-0.8565595788116475,-0.12259332023575631,0.04578313253012036,1.0740740740740742,-1.0,-0.8549746117402113,1.0,1.0,0.0,0.0,0.0,0.0,4.52
STU-13812,0.9988007538118888,-0.24669603524229117,-0.669548133595285,-0.6867469879518072,-0.32716049382716006,-0.8,-0.6698846374471524,1.0,0.0,0.0,0.0,1.0,0.0,4.5
STU-11847,0.9988007538118888,0.5273450091329106,1.2306483300589393,1.4409638554216868,0.0,0.4,0.5229174191081175,1.0,0.0,1.0,0.0,0.0,0.0,5.06
STU-11397,0.9988007538118888,0.5273450091329106,2.2003929273084486,-0.33253012048192765,-1.3148148148148147,0.8,1.3249739743780404,0.0,0.0,1.0,0.0,0.0,0.0,6.08
STU-12747,-0.9302724002055861,-0.5926721822284305,-0.3897838899803538,-0.8602409638554217,0.5679012345679016,-1.0,-0.5362085449021645,0.0,0.0,0.0,0.0,0.0,1.0,2.65
STU-12003,-0.039403803323626314,-1.0787579241431182,-0.7559921414538311,-0.5493975903614458,1.4197530864197534,0.6,-0.27913913616180464,0.0,0.0,0.0,0.0,0.0,1.0,3.11
STU-13906,-0.16686654103135284,-0.1946921671859891,-0.8833005893909628,-0.4650602409638554,0.0,0.0,-1.184023454927872,0.0,1.0,0.0,0.0,0.0,0.0,2.56
STU-13394,0.28610587630632056,-0.5832169334909212,-0.40392927308447946,-0.5951807228915663,0.14197530864197555,0.6,-0.30998746521064807,1.0,0.0,1.0,0.0,0.0,0.0,3.96
STU-11305,-0.9830392324824404,-1.6490813366283446,-0.8722986247544205,0.15421686746987942,-0.8765432098765431,0.8,-1.2560028893751722,0.0,0.0,0.0,0.0,1.0,0.0,2.47
STU-13713,-1.2311118725372634,-0.6163103040722039,-1.0499017681728882,0.4626506024096385,-0.6296296296296293,0.4,-1.3176995474728592,0.0,0.0,0.0,1.0,0.0,0.0,2.58
STU-14819,-0.6705499400376913,-1.8476415601160419,-1.7304518664047155,-1.0096385542168675,-1.3641975308641974,-0.4,-0.032352503771059866,0.0,0.0,0.0,0.0,0.0,1.0,1.74
STU-13271,0.5691279767003592,0.5273450091329106,0.28762278978389005,-0.5975903614457831,-1.0308641975308641,0.6,0.48178631370965985,1.0,0.0,1.0,0.0,0.0,0.0,4.67
STU-10677,0.45400034264176703,0.40012893521005705,0.7811394891944993,0.13253012048192767,-0.3888888888888888,-0.2,-0.24829080711296211,1.0,0.0,0.0,1.0,0.0,0.0,5.28
STU-12115,0.516361144423504,0.5273450091329106,1.2966601178781931,-0.050602409638554204,-1.0246913580246908,-0.2,0.5126346427585032,0.0,0.0,1.0,0.0,0.0,0.0,5.64
STU-13411,0.2991262634915192,-0.12377780165466895,0.2451866404715129,0.5831325301204818,0.9135802469135804,0.6,0.5846140772058044,1.0,0.0,0.0,1.0,0.0,0.0,4.61
STU-10516,-1.3243104334418376,-0.5922423981949072,-1.5669941060903734,-0.763855421686747,0.29629629629629656,-1.0,-0.5979052029998514,0.0,0.0,0.0,0.0,1.0,0.0,3.24
STU-11743,-0.04694192222031978,0.5273450091329106,0.8078585461689587,-0.9084337349397591,1.1111111111111114,0.8,0.4509379846608173,1.0,0.0,0.0,1.0,0.0,0.0,5.16
STU-14519,-0.7952715436011661,-1.3925002686150214,-0.8220039292730845,0.453012048192771,2.2777777777777786,0.8,0.0,0.0,0.0,0.0,1.0,0.0,0.0,2.46
STU-12084,-0.11341442521843517,-0.5531320511443002,0.03300589390962686,-0.7204819277108434,-0.46913580246913567,0.4,-0.28942191251141974,0.0,0.0,0.0,0.0,1.0,0.0,2.6
STU-13004,0.5458283364742155,-0.805845062855915,-0.9398821218074657,0.3759036144578312,-0.34567901234567877,-0.8,0.16302024687161404,0.0,0.0,1.0,0.0,0.0,0.0,3.89
STU-14404,-1.2797670035977393,-0.2694745890190184,-1.2306483300589393,-0.8746987951807229,-1.3888888888888888,0.0,-1.1531751258790288,0.0,0.0,0.0,0.0,0.0,1.0,2.25
STU-11194,0.8240534521158123,0.24368754700762876,0.3850687622789786,0.0,0.0,1.0,-0.6596018610975374,0.0,0.0,0.0,0.0,0.0,1.0,4.23
STU-10171,0.9988007538118888,0.5273450091329106,1.0420432220039295,-0.8819277108433734,-0.2716049382716046,-0.4,0.6154624062546469,0.0,0.0,0.0,0.0,0.0,1.0,5.04
STU-12949,0.28679115984238396,0.0,-1.4601178781925346,-0.3638554216867469,-0.40740740740740694,8.4,-0.8755401644394396,1.0,0.0,0.0,1.0,0.0,0.0,3.32
STU-11680,-0.18742504711324404,-0.7078543032126356,-0.6113948919449904,0.1638554216867469,1.802469135802469,-0.2,-1.369113429220931,0.0,0.0,0.0,1.0,0.0,0.0,3.65
STU-14220,-1.0200445434298444,-1.8485011281830883,-1.7304518664047155,1.6722891566265057,0.19753086419753102,-0.2,-1.7084450487582061,0.0,0.0,0.0,0.0,0.0,1.0,2.51
STU-12024,-0.3080349494603395,-0.70570538304502,-0.5218074656188606,0.20240963855421681,1.1851851851851851,-0.8,-1.1531751258790288,0.0,0.0,0.0,0.0,1.0,0.0,2.81
STU-12315,-0.5424019187939013,0.0,-0.5846758349705307,-0.8602409638554217,-1.2592592592592586,0.6,-2.2225838662389257,0.0,0.0,0.0,0.0,1.0,0.0,2.41
STU-11730,0.17371937639198096,0.5273450091329106,0.8392927308447942,-0.11807228915662654,0.19753086419753102,0.6,0.49206909005927496,0.0,0.0,0.0,1.0,0.0,0.0,5.05
STU-14853,0.0,-0.8346405931019664,-1.4318271119842831,2.1638554216867467,0.8518518518518523,0.4,0.09104081242431297,1.0,0.0,0.0,0.0,1.0,0.0,3.55
STU-10442,-0.19838958369025253,0.5273450091329106,0.795284872298625,-0.5518072289156626,-0.5555555555555551,0.2,1.2632773162803546,0.0,0.0,0.0,0.0,1.0,0.0,5.22
STU-13082,-0.5334932328250821,-0.04641667562050063,0.47151277013752463,0.1277108433734938,-0.3950617283950615,-1.0,-0.1454630436168176,0.0,1.0,0.0,0.0,0.0,0.0,4.17
STU-13893,0.02158643138598482,-0.017621145374449806,-0.28447937131630663,1.0216867469879518,-0.03703703703703679,-0.4,-0.17631137266566105,0.0,0.0,0.0,0.0,1.0,0.0,4.78
STU-12706,-1.1564159671063912,-0.5148812721607394,-0.8675834970530453,0.5566265060240965,0.0802469135802474,-1.0,-0.042635280120674045,0.0,0.0,0.0,0.0,1.0,0.0,2.96
STU-11561,-1.9993147164639375,-1.2794670677984314,-0.982318271119843,0.10361445783132522,0.19753086419753102,1.4,-0.32027024156026224,1.0,0.0,1.0,0.0,0.0,0.0,2.24
STU-13675,-0.8274798697961292,-0.939507897281616,-0.4620825147347741,-0.5108433734939759,-1.1666666666666663,0.8,0.5229174191081175,1.0,0.0,0.0,0.0,1.0,0.0,3.02
STU-13630,0.2504711324310424,-0.21618136886214684,0.1210216110019646,-0.5662650602409638,0.34567901234567927,-0.2,-0.032352503771059866,0.0,0.0,0.0,1.0,0.0,0.0,4.59
STU-11444,-0.724002055850609,-1.90050499623939,-0.9430255402750493,0.05542168674698784,-0.06172839506172817,0.4,-0.7418640718944526,0.0,0.0,0.0,0.0,0.0,1.0,2.1
STU-14341,-0.12917594654788453,-0.009885032771032727,-0.9917485265225934,-0.6602409638554216,0.6975308641975313,-1.0,-0.8138435063417536,1.0,0.0,0.0,0.0,0.0,1.0,3.69
STU-12429,-0.1161555593626868,0.5273450091329106,0.8172888015717096,0.12048192771084336,0.18518518518518562,-0.4,-0.19687692536489032,1.0,0.0,0.0,0.0,1.0,0.0,5.21
STU-10936,0.9988007538118888,0.4259159772214461,0.3049115913555992,-0.39036144578313253,-0.45061728395061695,0.0,0.8211179332469349,1.0,0.0,0.0,0.0,1.0,0.0,4.84
STU-11031,-0.6972759979441501,0.0,0.0,-0.2240963855421688,-0.018518518518518122,0.4,-0.47451188680447853,0.0,0.0,0.0,0.0,1.0,0.0,3.02
STU-13051,0.9021757752269995,0.5273450091329106,2.9579567779960714,0.15421686746987942,-0.40740740740740694,0.4,1.16044955278421,0.0,0.0,0.0,0.0,0.0,1.0,5.11
STU-11798,-0.3217406201816006,0.11733104115182078,0.3944990176817289,-0.3975903614457832,0.6358024691358032,1.6,0.3686757738639021,0.0,0.0,0.0,1.0,0.0,0.0,4.2
STU-13880,-0.7349665924276174,-0.4512732351993124,0.36149312377210235,1.8024096385542168,0.42592592592592615,0.0,0.0,1.0,0.0,0.0,0.0,1.0,0.0,3.77
STU-11525,0.8110330649306146,-0.05114429998925531,-0.938310412573674,1.4843373493975902,-0.7777777777777776,0.4,-0.8138435063417536,1.0,1.0,0.0,0.0,0.0,0.0,3.96
STU-13964,0.5382902175775219,-0.4207585688191687,0.056581532416502864,-0.053012048192771236,0.40123456790123474,-0.2,0.8108351568973208,0.0,1.0,0.0,0.0,0.0,0.0,4.78
STU-14827,-0.5588487236594151,-1.5394864080799402,-1.3721021611001967,-0.16626506024096394,-1.5185185185185184,1.0,0.019061377977012833,1.0,0.0,0.0,1.0,0.0,0.0,2.98
STU-10613,0.6308034949460328,0.5273450091329106,1.2903732809430255,-0.12048192771084336,-0.40740740740740694,-0.4,-0.09404916186874583,0.0,0.0,0.0,0.0,1.0,0.0,4.47
STU-11559,-0.7884187082405352,0.5273450091329106,0.5721021611001966,-0.30361445783132524,0.5617283950617284,-0.4,-1.1428923495294145,1.0,0.0,0.0,0.0,1.0,0.0,3.93
STU-14281,0.9988007538118888,0.3979800150424408,1.3422396856581535,-0.22650602409638562,-0.14197530864197502,1.0,-0.42309800505640677,0.0,0.0,0.0,1.0,0.0,0.0,5.61
STU-10452,-0.4642795956827141,-0.572902116686365,-1.3831041257367391,-0.7349397590361446,-0.3641975308641974,1.6,-0.24829080711296211,0.0,0.0,0.0,0.0,0.0,1.0,3.44
STU-11934,0.12437896179544172,0.5273450091329106,0.5060903732809432,-0.3783132530120482,0.03703703703703734,-1.0,-0.28942191251141974,0.0,0.0,0.0,0.0,0.0,1.0,4.67
STU-13363,0.5252698303923242,0.5273450091329106,0.993320235756385,0.5686746987951805,0.40123456790123474,-0.4,0.7080073934011771,0.0,0.0,0.0,0.0,1.0,0.0,5.07
STU-12715,-0.774713037519274,-0.3120232083378105,-0.2216110019646366,-0.5783132530120483,-0.1728395061728391,-1.0,-0.15574581996643272,0.0,0.0,0.0,0.0,0.0,1.0,3.84
STU-13484,0.902861058763062,-0.24712581927581392,-0.8958742632612968,-0.5951807228915663,-0.1790123456790118,0.4,-0.5362085449021645,0.0,0.0,0.0,1.0,0.0,0.0,3.83
STU-13668,-0.5369196505053971,0.5273450091329106,0.8298624754420433,-0.1253012048192772,1.5123456790123462,-0.8,0.09104081242431297,0.0,0.0,0.0,0.0,1.0,0.0,5.16
STU-12146,0.0,-1.0809068443107341,-0.3300589390962672,0.24337349397590355,0.09876543209876551,0.2,-0.7624296245936818,0.0,0.0,0.0,0.0,1.0,0.0,2.79
STU-13415,-1.0090800068528358,-1.1862039325239069,-1.4271119842829079,-0.5108433734939759,-0.7654320987654316,0.4,0.0,0.0,0.0,0.0,0.0,1.0,0.0,2.01
STU-10603,-0.13671406544457798,-0.33866981841624627,0.2561886051080552,-0.14216867469879513,-0.648148148148148,0.4,0.12188914147315641,0.0,0.0,0.0,0.0,0.0,1.0,4.23
STU-10766,-0.1942778824738741,-0.29698076716450034,-0.9037328094302556,-0.708433734939759,-0.5493827160493825,1.6,-0.23800803076334703,1.0,1.0,0.0,0.0,0.0,0.0,3.39
STU-10380,-0.9501456227514139,-0.6532717309551952,-0.21375245579567775,0.06024096385542168,-0.43827160493827155,0.4,0.3275446684654445,1.0,0.0,0.0,0.0,1.0,0.0,3.29
STU-13958,0.9268459825252692,0.5273450091329106,-0.10373280943025544,1.96144578313253,1.0185185185185186,0.0,1.1296012237353665,0.0,0.0,0.0,0.0,1.0,0.0,4.91
STU-13778,0.32242590371766205,0.1856667024820025,0.9681728880157175,0.13253012048192767,0.5617283950617284,-0.8,0.5332001954577326,0.0,0.0,0.0,0.0,1.0,0.0,5.28
STU-13980,0.2909028610587624,0.26861502095197165,-0.11944990176817287,-0.43373493975903615,-0.44444444444444425,0.0,1.1296012237353665,0.0,0.0,0.0,0.0,1.0,0.0,5.15
STU-11737,-0.005824910056536437,-0.006876544536370938,-0.3756385068762281,0.19277108433734935,0.18518518518518562,0.0,-0.23800803076334703,0.0,0.0,0.0,0.0,0.0,1.0,3.44
STU-12675,0.821997601507623,0.5273450091329106,0.9147347740667976,-0.708433734939759,1.2283950617283952,0.4,0.20415135227007164,0.0,1.0,0.0,0.0,0.0,0.0,6.09
STU-14338,0.9988007538118888,0.5273450091329106,1.2888015717092343,-0.3397590361445783,-0.296296296296296,0.4,0.2144341286196858,0.0,0.0,1.0,0.0,0.0,0.0,4.41
STU-11777,0.6746616412540678,0.5273450091329106,0.6978388998035364,-0.9783132530120482,0.30864197530864196,1.2,0.5332001954577326,1.0,0.0,0.0,0.0,0.0,1.0,5.34
STU-13619,-0.03186568442693285,0.5273450091329106,0.0,-0.6024096385542168,-0.3888888888888888,-0.4,0.29669633941660106,0.0,0.0,1.0,0.0,0.0,0.0,4.66
STU-12314,0.5184169950316931,0.0,0.8408644400785855,-0.23373493975903628,-0.9938271604938267,-0.8,-0.30998746521064807,1.0,0.0,0.0,0.0,1.0,0.0,4.58
STU-13242,0.5293815316087027,-1.0555495863328679,-0.4793713163064832,0.026506024096385403,-0.1358024691358023,1.4,-0.6493190847479232,1.0,0.0,0.0,1.0,0.0,0.0,3.55
STU-10920,-0.340928559191366,-0.9609970989577737,-0.9917485265225934,0.7277108433734938,0.14814814814814828,-0.4,-0.8858229407890547,0.0,1.0,0.0,0.0,0.0,0.0,3.21
STU-10878,0.5040260407743696,0.5273450091329106,0.09587426326129658,2.954216867469879,-1.3765432098765429,-0.6,0.3172618921158294,1.0,1.0,0.0,0.0,0.0,0.0,5.45
STU-10748,-0.9953743361315748,-0.9442355216503707,-0.6664047151277015,1.1493975903614455,-0.6543209876543207,1.0,0.2555652340181434,1.0,0.0,0.0,0.0,1.0,0.0,3.57
STU-12841,-0.14699331848552408,0.5273450091329106,0.8330058939096266,0.11807228915662654,-1.0555555555555554,-0.8,0.34811022116467283,1.0,1.0,0.0,0.0,0.0,0.0,4.22
STU-14275,-0.7534692479013194,0.23466208230364216,10.249801115214757,1.0843373493975903,-1.635802469135802,0.4,-0.2585735834625763,1.0,0.0,0.0,0.0,0.0,1.0,3.28
STU-12823,0.6170978242247727,0.011604168905125004,0.018860510805501142,1.6578313253012045,0.10493827160493877,-1.0,-0.5156429922029362,0.0,0.0,0.0,1.0,0.0,0.0,4.55
STU-11646,0.6630118211409959,0.47620070914365525,0.0031434184675834306,-0.09397590361445796,0.19753086419753102,-0.2,0.3686757738639021,0.0,1.0,0.0,0.0,0.0,0.0,5.34
STU-12167,0.0,-0.6317825292790374,0.0,-0.6,0.7283950617283949,-0.2,-0.8446918353905971,0.0,0.0,0.0,0.0,1.0,0.0,3.24
STU-11940,0.9988007538118888,0.35543139572364874,1.0781925343811398,0.03855421686746991,-0.09259259259259225,0.8,-0.4025324523571775,1.0,0.0,0.0,0.0,0.0,1.0,5.29
STU-12720,0.26006510193592514,0.5273450091329106,-0.3614931237721021,-0.8867469879518072,-0.2037037037037032,-0.6,0.0,0.0,0.0,0.0,0.0,0.0,1.0,4.78
STU-14225,0.2826794586260055,-1.0370688728913722,-1.463261296660118,0.10843373493975907,0.679012345679012,0.0,-1.0811956914317276,0.0,0.0,0.0,0.0,1.0,0.0,3.16
STU-13909,-0.33681685797498756,0.1873858386160954,0.5485265225933204,0.024096385542168586,0.7777777777777776,0.6,0.20415135227007164,0.0,0.0,0.0,0.0,0.0,1.0,4.01
STU-12559,0.0003426417680312114,-0.9730310518964221,-0.6051080550098232,-0.1373493975903615,1.4814814814814816,0.2,0.5229174191081175,0.0,0.0,0.0,0.0,1.0,0.0,4.2
STU-14717,0.9988007538118888,0.1856667024820025,0.09587426326129658,0.5783132530120483,1.2716049382716053,-0.6,0.44065520831120225,0.0,0.0,0.0,1.0,0.0,0.0,4.63
STU-13119,-0.7980126777454178,0.41517137638336726,-0.5312377210216109,1.506024096385542,0.39506172839506204,1.2,-0.08376638551913165,0.0,0.0,0.0,1.0,0.0,0.0,3.3
STU-12383,0.11958197704300087,0.5273450091329106,0.4809430255402752,0.9975903614457832,0.09876543209876551,-0.2,0.23499968131891508,1.0,0.0,0.0,0.0,0.0,1.0,4.53
STU-10801,-1.1509336988178869,-0.03481250671537563,-0.5626719056974461,0.0,0.8395061728395069,-0.6,-0.27913913616180464,1.0,0.0,1.0,0.0,0.0,0.0,3.56
STU-11832,0.13397293130032442,-0.7542709788331363,-0.900589390962672,-0.026506024096385618,0.3703703703703707,-0.8,-0.5773396503006221,0.0,0.0,0.0,1.0,0.0,0.0,3.26
STU-10929,0.04420078807606522,0.31675083270656457,-0.5595284872298626,-0.7012048192771084,1.123456790123457,0.4,-0.042635280120674045,0.0,0.0,0.0,0.0,0.0,1.0,3.41
STU-10070,-0.2607503854719895,0.3468357150531855,0.6821218074656192,-0.9638554216867469,-0.19753086419753046,-0.4,0.29669633941660106,1.0,0.0,1.0,0.0,0.0,0.0,4.44
STU-11100,0.52664039746445,-0.3124529923713339,0.3646365422396858,1.0939759036144576,0.8024691358024695,0.0,1.1193184473857525,1.0,0.0,1.0,0.0,0.0,0.0,5.36
STU-11505,0.472502998115469,0.47190286880842336,0.5029469548133598,-0.20481927710843384,1.1790123456790123,-0.6,-0.7110157428456101,0.0,0.0,0.0,0.0,1.0,0.0,4.8
STU-11732,0.9988007538118888,0.5273450091329106,0.20746561886051088,0.49879518072289136,0.8703703703703703,-0.2,0.6874418407019479,1.0,0.0,0.0,0.0,0.0,1.0,6.02
STU-10731,0.5526811718348454,0.5273450091329106,0.09744597249508859,-0.8698795180722891,0.6728395061728394,-0.6,1.2735600926299686,1.0,0.0,1.0,0.0,0.0,0.0,5.16
STU-10917,-0.8062360801781747,0.016761577307403054,-0.16502946954813347,-0.012048192771084293,-0.5555555555555551,-0.2,0.18358579957084237,1.0,1.0,0.0,0.0,0.0,0.0,4.83
STU-12835,0.9898920678430695,0.5273450091329106,1.17721021611002,0.024096385542168586,0.6728395061728394,-0.2,0.15273747052199985,1.0,1.0,0.0,0.0,0.0,0.0,4.48
STU-11626,-1.4072297413054657,0.5273450091329106,-0.6616895874263262,-1.0048192771084337,0.34567901234567927,-0.2,0.0,1.0,0.0,0.0,0.0,0.0,1.0,3.75
STU-12080,0.406715778653417,-0.4774900612442248,10.028069503185973,0.4771084337349396,0.11111111111111148,1.2,1.0679045656376807,0.0,0.0,0.0,0.0,1.0,0.0,4.41
STU-10013,0.6842556107589505,0.5273450091329106,0.6349705304518667,-0.0867469879518073,1.2037037037037044,1.6,1.3249739743780404,0.0,0.0,0.0,1.0,0.0,0.0,5.39
STU-14634,0.24978584889497904,-0.747394434296766,-1.2416502946954815,-0.7469879518072289,-0.25308641975308593,0.2,0.24528245766852924,0.0,0.0,0.0,0.0,1.0,0.0,3.41
STU-10900,-0.11204385814630838,0.4173202965509829,-0.11159135559921401,-0.38072289156626504,-0.339506172839506,0.8,-1.3999617582697743,0.0,1.0,0.0,0.0,0.0,0.0,3.0
STU-10104,0.5108788761349997,0.5273450091329106,0.5532416502946955,-0.6144578313253012,1.209876543209877,-0.6,0.6771590643523338,1.0,0.0,0.0,1.0,0.0,0.0,5.01
STU-11656,0.9988007538118888,-0.6369399376813155,-0.8188605108055012,-0.580722891566265,-0.5123456790123452,0.8,0.16302024687161404,0.0,0.0,0.0,0.0,0.0,1.0,4.4
STU-12617,0.049683056364570446,0.5273450091329106,1.0263261296660118,-0.4481927710843374,0.5864197530864198,-1.0,0.7697040514988631,0.0,1.0,0.0,0.0,0.0,0.0,5.46
STU-10581,0.8829878362172342,0.5273450091329106,0.7481335952848724,0.0,1.277777777777778,-0.4,0.6360279589538761,0.0,0.0,0.0,0.0,0.0,1.0,5.41
STU-13925,0.9885215007709427,0.5123025679596004,0.40235756385068777,1.92289156626506,0.8271604938271604,0.8,1.3249739743780404,0.0,0.0,1.0,0.0,0.0,0.0,5.22
STU-13982,-0.5122494432071275,0.0,0.0,-0.2240963855421688,-1.3271604938271602,-0.6,-0.8138435063417536,0.0,0.0,0.0,0.0,1.0,0.0,3.39
STU-13515,0.3039232482439601,0.5273450091329106,0.2561886051080552,1.180722891566265,-0.7407407407407403,-1.0,0.759421275149249,0.0,0.0,0.0,0.0,1.0,0.0,4.92
STU-11056,-0.11889669350693942,0.5273450091329106,1.0247544204322203,-0.3445783132530122,-0.5493827160493825,0.6,-0.4539463341052502,1.0,0.0,0.0,0.0,0.0,1.0,4.63
STU-14073,0.07092684598252405,0.5273450091329106,1.2919449901768176,-0.3301204819277108,2.4567901234567904,0.0,0.8725318149950068,0.0,1.0,0.0,0.0,0.0,0.0,5.74
STU-12170,-0.10656158985780413,-0.4641667562050069,-0.4133595284872298,0.7566265060240964,-0.09259259259259225,-0.4,0.04990970702585536,0.0,0.0,0.0,0.0,1.0,0.0,3.32
STU-12400,-0.10382045571355249,-0.2505640915439991,-0.5925343811394892,1.6795180722891567,0.9506172839506178,-1.0,-0.7624296245936818,0.0,1.0,0.0,0.0,0.0,0.0,3.4
STU-12135,0.32037005310947286,-0.23294294616954989,0.2577603143418469,2.2891566265060237,-0.3888888888888888,0.2,0.5743313008561892,0.0,0.0,0.0,1.0,0.0,0.0,4.79
STU-14811,0.0,0.5273450091329106,5.871175725973296,1.7710843373493974,0.2469135802469138,0.6,0.04990970702585536,0.0,0.0,0.0,0.0,1.0,0.0,5.2
STU-13625,0.9261606989892057,0.5273450091329106,0.9681728880157175,-0.12771084337349403,0.18518518518518562,-1.0,0.33782744481505866,0.0,0.0,0.0,1.0,0.0,0.0,5.31
STU-13227,-0.11204385814630838,-1.2854840442677558,-1.494695481335953,0.24578313253012035,-1.0123456790123455,1.0,-0.7315812955448384,1.0,0.0,0.0,0.0,0.0,1.0,3.28
STU-11116,0.5663868425561066,0.46330718813796073,0.176031434184676,2.5108433734939757,-0.7283950617283949,0.0,-0.42309800505640677,0.0,0.0,1.0,0.0,0.0,0.0,5.03
STU-12389,0.5492547541545305,-0.2286451058343186,-0.4667976424361495,0.4385542168674697,0.7345679012345686,-0.6,-0.47451188680447853,0.0,0.0,0.0,0.0,0.0,1.0,3.73
STU-12654,-0.7198903546342306,-1.2266036316750837,-1.1866404715127703,-0.2626506024096385,0.2839506172839511,1.4,-0.26885635981219047,0.0,0.0,0.0,1.0,0.0,0.0,3.17
STU-10368,0.2586945348637993,0.4688943805737616,0.2671905697445975,1.4481927710843372,0.6419753086419758,0.4,0.09104081242431297,0.0,0.0,0.0,0.0,1.0,0.0,3.67
STU-10226,-0.5554223059791,0.06059954872676466,0.088015717092338,-0.9542168674698794,-0.32716049382716006,0.8,-0.4539463341052502,0.0,0.0,1.0,0.0,0.0,0.0,4.06
STU-10897,-0.9151961624121993,-0.6721822284302139,0.0,-0.4409638554216867,0.5925925925925931,-0.6,-1.8832522467016506,0.0,1.0,0.0,0.0,0.0,0.0,3.18
STU-13862,0.016789446633543967,-0.0717739335983669,-0.20589390962671916,1.4168674698795176,0.6296296296296293,0.6,0.029344154326627007,1.0,1.0,0.0,0.0,0.0,0.0,3.7
STU-13565,0.15521672091827898,-0.7860749973138501,-0.5752455795677801,0.3734939759036144,0.549382716049383,1.4,0.8519662622957784,1.0,0.0,1.0,0.0,0.0,0.0,3.48
STU-10843,-0.44303580606476045,-0.137960674760933,-0.3819253438113949,-0.563855421686747,0.8209876543209876,0.6,0.2658480103677576,0.0,0.0,0.0,0.0,0.0,1.0,4.7
STU-14184,0.9988007538118888,0.5273450091329106,0.9996070726915525,0.8240963855421686,0.0,0.6,1.304408421678812,0.0,0.0,0.0,0.0,0.0,1.0,5.11
STU-12072,0.5944834675346913,0.42505640915439996,0.19960707269155203,-0.527710843373494,-0.6296296296296293,0.6,-0.4025324523571775,1.0,0.0,0.0,0.0,0.0,1.0,4.76
STU-10312,-0.5328079492890186,-0.7314924250564097,-0.7607072691552064,-0.6963855421686747,-1.1543209876543203,1.2,1.2427117635811253,1.0,0.0,0.0,0.0,0.0,1.0,4.45
STU-13470,-0.9549426075038557,-0.01418287310626403,-0.38821218074656205,-0.26506024096385555,-0.07407407407407358,0.4,-0.24829080711296211,1.0,0.0,0.0,0.0,0.0,1.0,3.49
STU-11700,-0.3964365256124729,-0.002578704201139026,1.0373280943025542,-0.3204819277108434,-0.34567901234567877,1.0,0.7285729461004056,0.0,0.0,0.0,0.0,1.0,0.0,4.68
STU-11383,0.6239506595854027,0.1040077361126035,1.021611001964637,0.5132530120481927,-0.6419753086419747,-0.2,0.039626930676241186,0.0,0.0,0.0,0.0,0.0,1.0,4.82
STU-11699,-0.12300839472331786,0.2136026646610078,-0.6003929273084481,0.1277108433734938,-1.4012345679012341,-0.6,0.3172618921158294,1.0,0.0,0.0,0.0,0.0,1.0,5.18
STU-12701,-1.8745931129004632,-0.630493177178468,-1.1127701375245582,-0.37108433734939755,-0.296296296296296,0.8,-2.0683422209947095,0.0,0.0,0.0,1.0,0.0,0.0,2.23
STU-13874,-0.45605619324995816,-0.6365101536477922,0.5359528487229863,0.0,-0.9382716049382713,0.2,0.9753595784911512,1.0,0.0,0.0,0.0,0.0,1.0,4.39
STU-10076,-1.0303237964707905,-1.0495326098635438,-0.4133595284872298,-0.4481927710843374,0.3580246913580247,-0.4,1.0781873419872947,1.0,0.0,0.0,0.0,0.0,1.0,3.83
STU-11384,-0.5752955285249278,0.5273450091329106,0.08958742632612973,-0.8843373493975903,-0.22839506172839458,-0.2,-0.5464913212517796,0.0,0.0,0.0,1.0,0.0,0.0,3.79
STU-14063,0.9988007538118888,0.5273450091329106,1.7823182711198433,-0.18072289156626503,0.6049382716049385,-0.6,0.24528245766852924,0.0,0.0,1.0,0.0,0.0,0.0,5.73
STU-11657,-0.6417680315230432,-0.1392500268615025,-0.47151277013752463,-0.14216867469879513,-0.07407407407407358,1.6,-0.032352503771059866,1.0,0.0,1.0,0.0,0.0,0.0,3.61
STU-10625,0.43481240363200163,0.5273450091329106,1.7901768172888017,1.4433734939759035,-0.6728395061728394,-0.6,1.3249739743780404,0.0,0.0,0.0,1.0,0.0,0.0,5.71
STU-14876,0.7904745588487224,0.5273450091329106,1.9504911591355605,-0.23373493975903628,0.5617283950617284,0.2,0.12188914147315641,0.0,0.0,0.0,0.0,1.0,0.0,5.75
STU-10759,0.7089258180572201,0.0,0.10530451866404716,0.8265060240963854,-0.12345679012345634,0.2,1.3249739743780404,1.0,0.0,0.0,1.0,0.0,0.0,5.96
STU-10880,0.29432927873907744,-0.23294294616954989,0.08487229862475458,-0.26987951807228916,0.024691358024691377,-0.2,0.13217191782277057,0.0,0.0,0.0,1.0,0.0,0.0,3.51
STU-10785,-0.21483638855576528,-1.4380573761684754,-0.9807465618860512,-0.3493975903614458,0.18518518518518562,0.6,-0.47451188680447853,0.0,1.0,0.0,0.0,0.0,0.0,2.96
STU-12476,0.9988007538118888,0.5273450091329106,2.400000000000001,0.4915662650602409,0.5185185185185189,-0.4,0.0,0.0,1.0,0.0,0.0,0.0,0.0,6.0
STU-12202,0.06750042830220902,-1.1561190501772862,0.0,0.30843373493975884,0.41975308641975345,-0.2,-0.43338078140602093,0.0,0.0,1.0,0.0,0.0,0.0,3.23
STU-12264,0.7815658728799031,-0.6287740410443756,-0.8110019646365424,1.7156626506024093,0.012345679012345963,-0.6,0.14245469417238477,0.0,0.0,0.0,0.0,0.0,1.0,4.09
STU-13873,-1.1358574610245,-0.2883850864940371,0.3096267190569746,0.4265060240963854,-0.9012345679012345,-0.6,0.3995241029127446,0.0,0.0,0.0,0.0,1.0,0.0,3.76
STU-10890,-1.262634915196163,-0.7250456645535621,-1.4554027504911593,-0.9253012048192771,0.7716049382716049,0.2,-0.19687692536489032,0.0,1.0,0.0,0.0,0.0,0.0,3.07
STU-10844,0.7952715436011643,0.02105941764263436,0.3756385068762281,1.995180722891566,-0.45061728395061695,0.6,-0.15574581996643272,0.0,0.0,0.0,0.0,1.0,0.0,3.87
STU-10718,-0.5999657358231975,-0.004727624368754677,0.0,0.5228915662650602,0.7160493827160495,0.4,0.954794025791922,0.0,1.0,0.0,0.0,0.0,0.0,5.14
STU-11467,0.6349151961624112,0.41216288814870483,1.2416502946954815,0.0,0.20370370370370375,0.4,1.3249739743780404,1.0,0.0,0.0,0.0,0.0,1.0,5.02
STU-14446,0.8199417508994339,-1.0933705812829055,-0.5611001964636544,-0.6144578313253012,-0.296296296296296,-1.0,-0.9475195988867406,0.0,0.0,0.0,0.0,0.0,1.0,3.02
STU-13462,0.7411341442521832,0.5273450091329106,1.376817288801572,-1.0481927710843373,-0.22839506172839458,0.8,0.14245469417238477,0.0,0.0,0.0,0.0,1.0,0.0,5.35
STU-12149,-0.4601678944663366,-0.677339636832492,-0.48565815324165035,0.5903614457831323,-0.759259259259259,-0.8,-0.17631137266566105,1.0,0.0,0.0,0.0,0.0,1.0,3.95
STU-14246,0.30049683056364507,-0.00902546470398659,-0.2970530451866406,-0.3373493975903615,-1.296296296296296,-0.2,-0.37168412330833495,0.0,0.0,0.0,1.0,0.0,0.0,3.59
STU-13621,-1.9088572897036156,-0.06403782099495044,0.0,-0.5566265060240964,0.4444444444444448,0.4,-1.1634579022286429,1.0,0.0,0.0,0.0,0.0,1.0,3.74
STU-12007,0.34435497687168004,0.12248844955409884,0.6805500982318272,-0.007228915662650662,0.19753086419753102,0.6,0.38924132656313043,0.0,0.0,0.0,1.0,0.0,0.0,4.18
STU-10489,-0.4094569127976706,0.5273450091329106,0.3347740667976426,-0.7204819277108434,1.364197530864198,1.2,0.6771590643523338,0.0,0.0,0.0,1.0,0.0,0.0,5.2
STU-14392,-0.20592770258694598,-0.9046953905662404,0.28919449901768174,1.086746987951807,1.3395061728395061,0.0,0.10132358877392715,0.0,0.0,0.0,0.0,1.0,0.0,5.04
STU-11313,0.15864313859859402,0.5273450091329106,0.8172888015717096,-0.08192771084337346,-0.7037037037037035,-1.0,0.16302024687161404,0.0,1.0,0.0,0.0,0.0,0.0,5.34
STU-13717,-0.20318656844269437,0.3752014612657136,0.19332023575638516,-0.8024096385542168,0.8703703703703703,-0.8,-0.2071597017145045,0.0,0.0,0.0,0.0,0.0,1.0,5.07
STU-11803,0.9988007538118888,0.0,1.0090373280943028,0.8722891566265057,0.0,-0.2,1.3249739743780404,1.0,0.0,1.0,0.0,0.0,0.0,5.28
STU-12415,-1.5237279424361838,-0.9652949392930057,-1.6345776031434187,-0.40481927710843385,0.8827160493827159,0.4,-0.8652573880898254,0.0,0.0,0.0,1.0,0.0,0.0,2.71
STU-10328,-0.8740791502484159,-0.6425271301171163,-0.1603143418467583,-0.9156626506024096,0.5617283950617284,0.4,0.0,0.0,0.0,0.0,1.0,0.0,0.0,2.24
STU-14359,-0.5800925132773697,-0.15687117223595168,-0.2907662082514735,0.8602409638554217,-0.5802469135802466,-0.8,-0.5362085449021645,0.0,0.0,0.0,0.0,1.0,0.0,2.73
STU-14855,-0.48963508651704707,-0.033093370581283345,0.3646365422396858,1.3036144578313251,-0.21604938271604915,1.8,0.1733030232212282,0.0,0.0,1.0,0.0,0.0,0.0,4.66
STU-14670,0.9988007538118888,0.5273450091329106,1.043614931237721,0.1373493975903613,-1.481481481481481,2.0,1.304408421678812,1.0,0.0,0.0,0.0,0.0,1.0,5.4
STU-14699,-0.4944320712694889,-1.2064037820994955,-0.5563850687622789,-0.44337349397590364,-0.604938271604938,-0.6,-0.07348360916951749,1.0,0.0,0.0,0.0,1.0,0.0,3.49
STU-12236,0.8377591228370734,-0.3571505318577416,-0.4133595284872298,-0.5927710843373495,-0.30864197530864196,1.6,1.3249739743780404,1.0,0.0,0.0,0.0,1.0,0.0,5.36
STU-12404,-0.18673976357718064,-0.1843773503814336,0.42907662082514747,0.6650602409638553,-0.14197530864197502,-1.0,0.10132358877392715,1.0,0.0,0.0,0.0,0.0,1.0,4.97
STU-11409,-0.617783107760837,-0.8423767057053835,-1.1159135559921416,1.6168674698795178,0.030864197530864633,-0.6,-1.9038177994008796,0.0,0.0,0.0,0.0,0.0,1.0,2.91
STU-14138,0.05036833990063287,-0.23895992263887408,-0.3929273084479372,0.544578313253012,-0.7283950617283949,0.4,0.23499968131891508,0.0,0.0,0.0,0.0,0.0,1.0,3.35
STU-10887,0.9988007538118888,0.36230794026001906,0.8377210216110021,-0.8674698795180722,-0.21604938271604915,-0.6,1.0370562365888372,1.0,1.0,0.0,0.0,0.0,0.0,5.76
STU-14272,-0.6582148363885569,-0.05845062855914901,-0.07544204322200401,-0.5879518072289157,0.364197530864198,-0.8,-0.7932779536425244,0.0,0.0,0.0,0.0,0.0,1.0,4.54
STU-11604,-1.9876648963508656,-1.2743096593961538,-1.2227897838899804,0.5783132530120483,1.5555555555555551,0.0,-1.112044020480571,0.0,0.0,0.0,0.0,1.0,0.0,2.35
STU-11818,0.6609559705328066,0.28623616632642085,-0.050294695481336006,0.6337349397590358,-0.9753086419753081,0.6,1.1398840000849817,1.0,0.0,0.0,0.0,1.0,0.0,4.48
STU-10795,-0.2292273428130898,-0.30944450413667146,0.14302554027504916,-0.6795180722891566,-0.833333333333333,2.4,0.039626930676241186,1.0,1.0,0.0,0.0,0.0,0.0,4.84
STU-14654,0.8076066472502985,-0.29096379069517614,-0.5783889980353635,2.298795180722891,0.04320987654321005,0.0,-0.5259257685525504,0.0,0.0,0.0,0.0,1.0,0.0,3.64
STU-10814,0.9988007538118888,0.5273450091329106,0.5296660117878195,0.15421686746987942,-0.21604938271604915,-0.2,-0.23800803076334703,0.0,0.0,0.0,0.0,0.0,1.0,4.92
STU-14118,0.2648620866883669,0.14999462769958075,-0.46365422396856576,1.1590361445783133,0.10493827160493877,-0.2,-0.5567740976013937,0.0,0.0,1.0,0.0,0.0,0.0,3.39
STU-10735,-0.7692307692307697,-1.1862039325239069,-1.0593320235756387,-0.4650602409638554,0.17283950617283964,1.0,-0.18659414901527524,1.0,0.0,0.0,1.0,0.0,0.0,1.68
STU-12075,-0.253212266575296,-0.05243365208982482,-0.4683693516699412,-0.33253012048192765,-0.09259259259259225,0.4,0.6874418407019479,1.0,0.0,0.0,0.0,1.0,0.0,3.93
STU-14439,0.8829878362172342,0.2531427957451381,-0.4086444007858546,-0.11325301204819292,0.6975308641975313,0.2,0.3275446684654445,0.0,0.0,1.0,0.0,0.0,0.0,4.52
STU-11624,-0.40808634572554475,-0.105297088213173,-1.2683693516699412,0.5277108433734938,0.7345679012345686,-0.2,-0.6698846374471524,0.0,0.0,0.0,0.0,1.0,0.0,2.75
STU-11621,0.2264862086688362,0.11733104115182078,1.3469548133595284,0.0,0.0,0.8,-0.6698846374471524,0.0,0.0,0.0,0.0,0.0,1.0,5.12
STU-11111,0.7404488607161207,-0.07822069410121446,0.02200392927308457,0.5734939759036142,-0.07407407407407358,-1.0,-0.46422911045486437,0.0,0.0,0.0,0.0,0.0,1.0,4.06
STU-11951,0.9988007538118888,0.5273450091329106,0.6884086444007861,0.0,0.6296296296296293,-0.4,1.3249739743780404,1.0,0.0,0.0,1.0,0.0,0.0,6.22
STU-13655,0.041459653931813584,-0.4113033200816593,-0.10844793713163059,0.0,-0.6419753086419747,-1.0,0.7902696041980924,1.0,0.0,0.0,0.0,0.0,1.0,4.63
STU-13262,0.9988007538118888,0.5273450091329106,2.2569744597249515,-0.8578313253012048,0.5925925925925931,0.8,0.8828145913446218,0.0,0.0,1.0,0.0,0.0,0.0,5.91
STU-10830,0.48826451944491933,0.4551412915010203,0.5988212180746564,-0.9975903614457832,1.055555555555556,0.4,0.4098068792623597,0.0,0.0,0.0,0.0,1.0,0.0,4.97
STU-11109,0.6403974644509155,0.1358117545933167,0.6585461689587426,-0.9036144578313252,-0.46913580246913567,0.8,0.6051796299050327,0.0,0.0,0.0,0.0,1.0,0.0,5.44
STU-13759,-0.8850436868254243,-0.5892339099602454,-0.337917485265226,-0.5060240963855421,0.39506172839506204,0.2,0.2761307867173727,0.0,1.0,0.0,0.0,0.0,0.0,3.81
STU-10987,-0.30323796470789866,-0.8015472225206837,-0.49666011787819264,0.2987951807228916,1.5432098765432098,-0.4,-0.7624296245936818,1.0,0.0,0.0,0.0,0.0,1.0,4.06
STU-14264,0.0,-0.3911034705060711,-0.8675834970530453,0.3879518072289155,0.25925925925925974,0.4,-0.9578023752363548,0.0,0.0,0.0,0.0,0.0,1.0,3.08
STU-14129,-0.15110501970190252,0.5273450091329106,-0.32848722986247547,0.8433734939759036,0.506172839506173,-0.4,0.6668762880027196,0.0,0.0,0.0,0.0,0.0,1.0,4.11
STU-11402,-0.5581634401233517,-0.38981411840550156,0.7905697445972495,-1.053012048192771,-1.6419753086419748,-1.0,0.965076802141537,1.0,0.0,0.0,0.0,1.0,0.0,4.23
STU-10245,-0.6828850436868266,-1.17846781992049,-0.2231827111984283,0.6746987951807226,0.27777777777777785,-0.6,0.4715035373600457,0.0,0.0,0.0,0.0,0.0,1.0,3.65
STU-11508,0.9988007538118888,-0.747394434296766,-0.050294695481336006,-0.37590361445783144,-0.2839506172839506,0.4,-0.30998746521064807,0.0,0.0,0.0,0.0,0.0,1.0,4.13
STU-13416,0.09491176974473126,0.5187493284624474,0.03300589390962686,1.518072289156626,-0.16666666666666638,1.2,-1.235437336675944,0.0,0.0,0.0,1.0,0.0,0.0,3.81
STU-14332,0.9988007538118888,0.3236273772429355,1.4915520628683696,1.337349397590361,-0.40740740740740694,0.4,0.9033801440438501,0.0,0.0,0.0,0.0,0.0,1.0,6.0
STU-10128,0.9988007538118888,0.5273450091329106,2.027504911591356,0.32289156626506016,0.17901234567901236,0.2,1.3249739743780404,1.0,0.0,0.0,0.0,0.0,1.0,6.68
STU-14474,0.018845297241733183,-0.4830772536800262,0.3929273084479372,0.8313253012048191,1.1049382716049387,0.0,0.09104081242431297,0.0,0.0,0.0,0.0,1.0,0.0,4.86
STU-10461,0.6232653760493393,0.5273450091329106,-0.028290766208251432,1.1373493975903615,1.425925925925926,1.8,0.29669633941660106,0.0,1.0,0.0,0.0,0.0,0.0,5.9
STU-11957,-1.2475586774027763,-0.39583109487482576,-0.5579567779960707,1.6481927710843371,0.3580246913580247,0.4,0.16302024687161404,1.0,0.0,0.0,0.0,0.0,1.0,3.53
STU-14422,-0.09696762035292145,0.036961426882991276,-0.43693516699410606,0.5228915662650602,-0.5555555555555551,-0.4,-0.23800803076334703,0.0,0.0,1.0,0.0,0.0,0.0,3.68
STU-10529,-0.8870995374336136,-0.46072848393682175,-0.7685658153241651,-0.8771084337349397,-0.7037037037037035,0.2,-0.37168412330833495,1.0,0.0,0.0,1.0,0.0,0.0,3.79
STU-12546,-1.124207640911428,-0.46932416460728493,-0.950884086444008,-1.1590361445783133,-0.6851851851851848,0.4,0.5126346427585032,1.0,0.0,0.0,0.0,1.0,0.0,4.11
STU-12360,-0.31077608360459213,-1.1535403459761473,-0.44950884086444004,-0.1855421686746989,-0.0432098765432095,-0.4,-0.906388493488283,0.0,0.0,0.0,0.0,1.0,0.0,3.04
STU-12926,0.34298440979955425,0.16890512517459946,0.0,0.0,0.0,1.0,0.029344154326627007,0.0,1.0,0.0,0.0,0.0,0.0,4.36
STU-10991,0.8288504368682531,0.5273450091329106,-0.6365422396856583,1.202409638554217,0.5308641975308643,-0.2,1.0164906838896088,1.0,0.0,0.0,0.0,0.0,1.0,4.84
STU-11514,-0.511564159671065,0.0,-0.7559921414538311,0.007228915662650447,0.7839506172839503,1.2,0.0,0.0,0.0,0.0,0.0,0.0,1.0,3.47
STU-13328,-0.32379647078978985,0.5273450091329106,0.4683693516699412,0.2240963855421686,-0.9074074074074072,-0.6,0.0,0.0,0.0,0.0,1.0,0.0,0.0,4.58
STU-13905,0.4855233853006677,0.5273450091329106,0.3913555992141455,0.7710843373493974,-0.9999999999999994,0.6,-0.2071597017145045,1.0,0.0,1.0,0.0,0.0,0.0,4.58
STU-13550,0.8288504368682531,0.11518212098420513,0.14302554027504916,1.0457831325301203,0.6296296296296293,1.0,0.2658480103677576,0.0,1.0,0.0,0.0,0.0,0.0,4.86
STU-14813,0.337502141511049,-0.4289244654561085,0.5626719056974461,-0.3349397590361447,-1.685185185185185,0.2,-0.09404916186874583,1.0,1.0,0.0,0.0,0.0,0.0,3.49
STU-14154,0.21415110501970092,-0.5505533469431612,-0.6978388998035364,0.8240963855421686,-0.5246913580246911,0.2,-0.2997046888610339,0.0,0.0,0.0,0.0,0.0,1.0,3.21
STU-11807,0.35600479698475196,-0.000859568067046749,1.1992141453831044,0.0,-0.22222222222222185,-0.2,0.2144341286196858,0.0,0.0,0.0,0.0,0.0,1.0,4.74
STU-10997,0.9988007538118888,0.5273450091329106,0.6868369351669941,1.4337349397590358,-0.23456790123456783,-1.0,0.6463107353034903,1.0,0.0,0.0,0.0,1.0,0.0,4.52
STU-13357,-0.9110844611958208,-0.6107231116364031,-0.46994106090373294,-0.9180722891566265,0.26543209876543244,0.8,-0.505360215853322,0.0,0.0,0.0,0.0,0.0,1.0,3.67
STU-14099,0.9988007538118888,-0.16202858063822975,0.20275049115913574,-0.050602409638554204,-0.22839506172839458,0.4,-0.3819668996579491,1.0,0.0,0.0,0.0,0.0,1.0,4.69
STU-11666,0.5992804522871331,0.05157408402277868,0.028290766208251432,-1.053012048192771,1.3024691358024698,1.2,-0.772712400943296,0.0,0.0,0.0,1.0,0.0,0.0,3.94
STU-10262,0.0,-1.370151498871817,-0.3300589390962672,-0.24578313253012057,-0.8456790123456784,-0.4,0.9033801440438501,1.0,1.0,0.0,0.0,0.0,0.0,3.52
STU-12692,0.7089258180572201,0.5148812721607389,-0.7984282907662084,0.4240963855421686,0.5432098765432103,-0.8,-0.5156429922029362,0.0,0.0,0.0,0.0,0.0,1.0,4.58
STU-10033,0.10382045571355054,0.07306328569893641,1.3736738703339886,0.2120481927710843,-0.2716049382716046,-0.4,1.0987528946865242,1.0,0.0,0.0,0.0,0.0,1.0,5.73
STU-13677,-1.649820113071784,-0.2359514344042123,-0.36306483300589404,-0.12048192771084336,0.9259259259259258,0.2,0.8108351568973208,0.0,1.0,0.0,0.0,0.0,0.0,4.57
STU-14320,-0.9138255953400725,0.0,-0.21060903732809433,-0.32771084337349404,0.17901234567901236,0.0,-0.5464913212517796,0.0,1.0,0.0,0.0,0.0,0.0,3.56
STU-13917,0.5773513791331151,-0.6317825292790374,-0.40392927308447946,-0.1349397590361447,-0.07407407407407358,-0.6,0.34811022116467283,0.0,0.0,1.0,0.0,0.0,0.0,4.0
STU-13771,-0.2305979098852156,0.1362415386268401,-0.15402750491159145,-0.04578313253012057,-0.5185185185185184,0.0,0.3069791157662152,0.0,0.0,0.0,0.0,1.0,0.0,3.99
STU-14543,0.5752955285249259,0.5273450091329106,0.7607072691552067,-0.272289156626506,0.27160493827160515,0.0,0.019061377977012833,1.0,0.0,0.0,0.0,1.0,0.0,5.18
STU-11438,0.7185197875621028,0.5273450091329106,0.6899803536345775,-0.6048192771084338,-0.4320987654320983,0.4,1.2632773162803546,1.0,0.0,0.0,0.0,0.0,1.0,5.51
STU-10265,-0.884358403289362,-1.8068120769313425,-0.8895874263261299,0.6409638554216868,-0.2592592592592592,-0.4,-0.12489749091758927,1.0,0.0,0.0,0.0,1.0,0.0,3.93
STU-11295,0.7054994003769051,-0.25013430751047633,-0.5422396856581532,-0.11325301204819292,0.27160493827160515,1.0,0.008778601627397745,0.0,0.0,0.0,0.0,0.0,1.0,4.27
STU-10944,-1.083775912283708,0.5273450091329106,0.3819253438113949,1.0265060240963855,-0.6111111111111106,0.8,-0.6390363083983089,0.0,0.0,0.0,0.0,0.0,1.0,4.14
STU-14562,-1.2496145280109654,-1.0602772107016225,-0.7041257367387034,-1.1397590361445784,-0.47530864197530837,0.4,-0.4025324523571775,0.0,0.0,0.0,0.0,1.0,0.0,3.47
STU-11233,-0.6828850436868266,-0.13366283442570107,-0.6459724950884087,1.1108433734939758,-0.7469135802469135,0.2,0.6668762880027196,1.0,0.0,0.0,0.0,0.0,1.0,4.69
STU-14939,-0.5204728456398844,0.03610185881594453,-0.09115913555992144,0.7108433734939756,0.2160493827160497,-1.0,0.029344154326627007,0.0,0.0,0.0,1.0,0.0,0.0,4.35
STU-11662,0.4402946719205059,0.242827978940582,0.47779960707269176,-0.8240963855421687,1.141975308641975,0.2,-1.6056172852620616,0.0,1.0,0.0,0.0,0.0,0.0,3.72
STU-14910,0.5835189309576828,-0.15171376383367363,-0.7465618860510806,0.0,0.6851851851851859,0.6,-0.2071597017145045,1.0,1.0,0.0,0.0,0.0,0.0,4.86
STU-10161,-0.3491519616241229,-0.572902116686365,-1.0577603143418468,-0.5180722891566265,-0.9506172839506167,0.2,-0.906388493488283,0.0,0.0,0.0,0.0,0.0,1.0,2.78
STU-11080,-0.9707041288333051,0.22477704953260944,0.16502946954813374,1.0554216867469877,-0.08641975308641955,0.8,0.0,0.0,0.0,0.0,0.0,0.0,1.0,4.21
STU-11074,0.8918965221860535,-0.04942516385516303,0.09587426326129658,-0.8602409638554217,1.5679012345679018,-0.8,0.9239456967430795,0.0,1.0,0.0,0.0,0.0,0.0,4.75
STU-12243,0.70207298269659,0.41216288814870483,0.2640471512770137,-0.6,-0.47530864197530837,-1.0,1.3249739743780404,1.0,0.0,0.0,1.0,0.0,0.0,4.25
STU-10892,0.7116669522014727,0.5273450091329106,0.9823182711198433,-0.4,0.13580246913580285,0.2,-0.28942191251141974,0.0,0.0,0.0,0.0,0.0,1.0,4.99
STU-11175,0.43138598595168665,-0.21833028902976248,0.3316306483300589,0.13253012048192767,0.10493827160493877,0.6,0.2144341286196858,1.0,0.0,0.0,1.0,0.0,0.0,3.69
STU-12854,0.9988007538118888,-0.3760610293327603,0.6098231827111986,-0.18795180722891572,0.8271604938271604,1.4,-0.0015041747222164304,0.0,0.0,0.0,0.0,1.0,0.0,5.13
STU-13567,-0.03871851978756292,0.5273450091329106,0.3567779960707269,-0.21686746987951813,0.06790123456790143,-0.8,-0.17631137266566105,1.0,0.0,0.0,0.0,0.0,1.0,4.83
STU-14431,0.010621894808976318,0.5273450091329106,0.6176817288801573,0.7228915662650601,-0.4320987654320983,-0.2,-0.8446918353905971,0.0,0.0,0.0,0.0,0.0,1.0,4.05
STU-13274,0.28130889155387967,-0.27892983775652774,-0.07701375245579573,-0.6265060240963856,0.9259259259259258,0.0,-0.46422911045486437,1.0,1.0,0.0,0.0,0.0,0.0,4.39
STU-12069,-2.062360801781738,-2.1695498012248846,-1.145776031434185,-0.6096385542168675,-0.9197530864197526,-0.6,-0.011786951071830606,1.0,0.0,0.0,0.0,0.0,1.0,2.26
STU-14358,0.43207126948775004,-0.5011281830879988,-0.6962671905697446,2.0626506024096387,-0.759259259259259,0.6,-0.16602859631604688,0.0,1.0,0.0,0.0,0.0,0.0,2.87
STU-12033,-1.2413911255782084,-0.96314601912539,-0.6035363457760315,-0.9686746987951808,-1.0493827160493823,0.4,0.19386857592045748,0.0,0.0,0.0,0.0,0.0,1.0,3.25
STU-14464,-0.3649134829535732,-0.1843773503814336,0.05500982318271115,0.08433734939759027,-0.7839506172839503,1.0,-0.28942191251141974,0.0,0.0,0.0,0.0,0.0,1.0,4.0
STU-13027,-1.960253554908344,-0.3403889545503386,-0.06286836935167,-1.0626506024096385,-0.3641975308641974,-0.2,0.20415135227007164,0.0,0.0,0.0,0.0,0.0,1.0,2.77
STU-11002,0.4060304951173536,0.06274846889438031,0.3599214145383106,-0.38072289156626504,-0.04938271604938221,-0.8,0.04990970702585536,1.0,1.0,0.0,0.0,0.0,0.0,5.74
STU-12765,0.4087716292616062,0.5273450091329106,0.5862475442043223,0.0,0.506172839506173,2.8,0.49206909005927496,1.0,0.0,0.0,0.0,1.0,0.0,5.65
STU-14936,-1.0049683056364573,-0.0790802621682606,0.16345776031434203,-0.4987951807228916,0.351851851851852,0.6,-0.042635280120674045,1.0,0.0,0.0,0.0,1.0,0.0,3.64
STU-11226,-0.47661469933184936,0.0,0.12259332023575631,0.02891566265060243,-0.012345679012345415,-1.0,-0.4436635577556351,0.0,0.0,1.0,0.0,0.0,0.0,3.51
STU-12691,-0.293643995203016,-0.4641667562050069,-0.1477406679764243,0.253012048192771,-0.9012345679012345,-0.8,-0.2071597017145045,1.0,0.0,0.0,0.0,0.0,1.0,3.06
STU-14037,-0.8569470618468398,0.0,-0.38664047151277003,2.2843373493975903,-0.37037037037037013,-1.0,0.8622490386453926,0.0,0.0,1.0,0.0,0.0,0.0,3.52
STU-10040,0.39095425732396666,0.5273450091329106,1.020039292730845,-0.7325301204819277,0.42592592592592615,1.4,-0.23800803076334703,0.0,1.0,0.0,0.0,0.0,0.0,4.58
STU-12965,0.9988007538118888,0.14354786719673318,0.0,1.1132530120481925,-0.8518518518518517,-0.6,1.3249739743780404,0.0,0.0,0.0,0.0,0.0,1.0,4.99
STU-11382,-0.8137741990748681,-0.6352208015472226,-0.30019646365422403,0.3879518072289155,-1.0123456790123455,0.8,-1.0503473623828843,0.0,0.0,0.0,0.0,0.0,1.0,2.5
STU-11602,0.0,0.5273450091329106,1.1080550098231827,-0.08915662650602411,-0.07407407407407358,-0.4,0.34811022116467283,0.0,1.0,0.0,0.0,0.0,0.0,4.74
STU-12855,-1.2893609731026219,0.5273450091329106,1.1897838899803537,-0.2867469879518073,-0.8827160493827159,0.6,-0.17631137266566105,0.0,0.0,0.0,1.0,0.0,0.0,3.86
STU-12714,0.9988007538118888,0.5273450091329106,1.0546168958742632,1.9108433734939756,0.5679012345679016,-0.4,1.3249739743780404,0.0,0.0,0.0,0.0,1.0,0.0,6.31
STU-10338,0.9988007538118888,0.5273450091329106,0.0,0.6024096385542168,1.012345679012346,0.0,0.8005523805477066,1.0,0.0,0.0,0.0,0.0,1.0,5.87
STU-10120,0.10519102278567635,-1.0220264317180618,-1.031041257367387,-0.31807228915662655,-0.24074074074074053,-1.0,-0.47451188680447853,1.0,0.0,0.0,0.0,1.0,0.0,3.41
STU-11337,-0.07298269659071523,-0.4908133662834427,-1.7304518664047155,-0.2843373493975905,-0.6913580246913575,1.2,-0.3408357942594915,1.0,0.0,1.0,0.0,0.0,0.0,3.42
STU-14892,0.18331334589686366,-0.13237348232513155,0.7827111984282907,0.7783132530120482,-1.3271604938271602,-1.0,1.3249739743780404,0.0,0.0,1.0,0.0,0.0,0.0,4.44
STU-12500,0.3176289189652212,-1.2790372837649084,-0.27347740667976433,-0.06506024096385553,-0.11728395061728364,-0.6,-0.24829080711296211,1.0,0.0,0.0,0.0,1.0,0.0,3.35
STU-14378,0.9988007538118888,0.5273450091329106,1.1819253438113952,0.4674698795180721,0.34567901234567927,1.4,0.358392997514287,1.0,0.0,0.0,1.0,0.0,0.0,5.15
STU-13268,0.9988007538118888,0.5273450091329106,1.2495088408644404,-0.4915662650602409,0.34567901234567927,1.4,1.3249739743780404,0.0,0.0,0.0,1.0,0.0,0.0,6.02
STU-13333,-0.06133287647764332,0.0,0.0,0.7180722891566266,-0.339506172839506,1.8,0.8725318149950068,0.0,0.0,1.0,0.0,0.0,0.0,4.95
STU-12713,-0.0825766660955979,-0.4327925217578171,-0.9115913555992142,-0.5469879518072289,0.19135802469135832,2.0,-0.8549746117402113,0.0,0.0,0.0,0.0,1.0,0.0,2.98
STU-10307,0.9988007538118888,0.5273450091329106,1.7163064833005897,0.325301204819277,0.7160493827160495,0.2,1.3146911980284264,0.0,0.0,0.0,0.0,0.0,1.0,5.36
STU-13185,-0.7164639369539155,-0.20070914365531328,0.06601178781925343,-0.17590361445783143,-1.2469135802469133,1.4,0.12188914147315641,1.0,0.0,0.0,0.0,1.0,0.0,3.15
STU-12276,0.9988007538118888,0.5273450091329106,0.8848722986247547,1.1445783132530118,1.2283950617283952,1.6,0.8828145913446218,1.0,0.0,0.0,0.0,1.0,0.0,6.17
STU-10492,0.6020215864313847,-0.13581175459331732,0.6522593320235758,0.3493975903614458,-0.7283950617283949,0.0,-0.16602859631604688,0.0,0.0,0.0,0.0,0.0,1.0,5.01
STU-14999,-0.8740791502484159,-1.144944665305684,0.0,0.08915662650602411,0.7839506172839503,-0.6,-0.5156429922029362,0.0,0.0,1.0,0.0,0.0,0.0,3.41
STU-12693,0.1456227514133963,0.5273450091329106,0.8172888015717096,0.8313253012048191,0.6049382716049385,0.0,-0.505360215853322,0.0,0.0,0.0,0.0,0.0,1.0,5.17
STU-12036,0.808291930786362,-0.3687547007628666,-0.02671905697445972,-0.6457831325301204,0.15432098765432098,-1.0,1.3249739743780404,1.0,0.0,0.0,0.0,0.0,1.0,5.19
STU-13503,0.3327051567586081,-1.06672397120447,-1.331237721021611,-1.1036144578313252,0.09259259259259281,0.6,0.34811022116467283,0.0,0.0,0.0,0.0,0.0,1.0,3.49
STU-13352,0.41082747986979545,-0.46029869990329897,-0.09430255402750487,-0.31807228915662655,0.6851851851851859,-0.2,0.7182901697507914,0.0,1.0,0.0,0.0,0.0,0.0,4.85
STU-10663,-0.13328764776426297,-0.44568604276351154,0.1493123772102163,0.24096385542168672,-0.8888888888888885,-0.4,0.28641356306698684,0.0,0.0,1.0,0.0,0.0,0.0,3.39
STU-11749,-1.7464450916566738,-1.2798968518319547,-1.3862475442043225,-0.5734939759036145,0.4876543209876543,1.6,-1.4616584163674604,0.0,0.0,0.0,0.0,1.0,0.0,2.09
STU-14966,0.428644851807435,0.5273450091329106,1.0388998035363461,-0.03855421686746991,0.9320987654320986,0.0,0.7799868278484773,1.0,0.0,0.0,0.0,1.0,0.0,6.25
STU-10118,-1.608703100908001,-0.4284946814225851,0.08487229862475458,-0.14698795180722898,1.012345679012346,-0.4,0.23499968131891508,1.0,1.0,0.0,0.0,0.0,0.0,4.54
STU-14459,0.7939009765290383,0.2398194907059202,0.3332023575638509,-0.41927710843373495,-0.759259259259259,-0.2,0.358392997514287,0.0,0.0,0.0,1.0,0.0,0.0,3.47
STU-10654,0.7411341442521832,-0.1671859890405072,0.0,-0.26024096385542167,-0.1296296296296296,1.6,-0.10433193821836001,0.0,0.0,0.0,0.0,0.0,1.0,4.66
STU-11249,0.9988007538118888,0.5273450091329106,-0.2829076620825146,0.0,-1.3209876543209873,-0.6,0.5229174191081175,0.0,0.0,0.0,0.0,0.0,1.0,4.79
STU-14070,-1.3393866712352245,-0.9218867519071668,-1.3186640471512774,-1.0626506024096385,-0.604938271604938,0.6,-0.8755401644394396,0.0,0.0,0.0,0.0,0.0,1.0,2.17
STU-11980,0.6575295528524916,0.0,0.9587426326129667,0.3349397590361445,0.27160493827160515,0.6,1.1810151054834392,0.0,0.0,0.0,0.0,0.0,1.0,5.27
STU-13225,0.3683399006338863,0.5273450091329106,1.8137524557956783,-0.41927710843373495,1.5740740740740744,-0.8,1.3249739743780404,0.0,1.0,0.0,0.0,0.0,0.0,4.23
STU-12190,0.18125749528867444,0.30471687976791617,0.8597249508840867,-0.7277108433734939,-0.8827160493827159,0.0,0.7799868278484773,0.0,0.0,1.0,0.0,0.0,0.0,5.64
STU-11154,0.19427788247387312,-0.0777909100676911,0.37092337917485263,-0.6506024096385542,-0.9135802469135799,-1.0,0.7799868278484773,0.0,0.0,0.0,0.0,1.0,0.0,4.23
STU-13349,-0.48894980298098367,-0.16202858063822975,-0.42907662082514747,-0.5927710843373495,-0.07407407407407358,1.0,-1.492506745416304,0.0,0.0,0.0,0.0,1.0,0.0,3.01
STU-13994,0.041459653931813584,-1.2420758568819172,-0.6585461689587426,-0.23132530120481926,0.3827160493827161,-1.0,0.0,1.0,0.0,0.0,0.0,0.0,1.0,3.71
STU-12162,0.9878362172348804,-0.19813043945417427,-0.43693516699410606,-0.10602409638554225,-0.5061728395061724,0.0,0.38924132656313043,0.0,0.0,1.0,0.0,0.0,0.0,3.37
STU-10578,0.9261606989892057,0.5273450091329106,1.3108055009823187,1.1421686746987951,0.18518518518518562,-0.4,1.3249739743780404,0.0,0.0,0.0,0.0,0.0,1.0,6.0
STU-10385,0.5896864827822504,0.5273450091329106,0.017288801571709148,-0.10361445783132543,-0.24691358024691323,1.4,-0.6801674137967666,0.0,0.0,0.0,0.0,1.0,0.0,3.38
STU-12561,-0.018845297241734154,-0.24841517137638344,-0.048722986247544293,-0.5204819277108433,-0.10493827160493822,0.8,-0.011786951071830606,1.0,0.0,1.0,0.0,0.0,0.0,3.02
STU-10148,0.7452458454685615,0.5273450091329106,0.1587426326129666,-0.12048192771084336,1.3456790123456788,0.6,0.2555652340181434,0.0,0.0,0.0,0.0,0.0,1.0,5.08
STU-10981,-0.2662326537604937,0.2677554528849249,0.4055009823182712,-0.32771084337349404,-1.3395061728395061,0.2,0.10132358877392715,1.0,0.0,0.0,0.0,0.0,1.0,4.36
STU-10495,-1.2619496316600998,-0.535510905769851,-1.163064833005894,0.7445783132530119,1.432098765432099,0.6,0.0,1.0,0.0,0.0,0.0,0.0,1.0,3.06
STU-13707,0.9988007538118888,0.5273450091329106,1.4758349705304519,0.49397590361445776,0.2407407407407411,-1.0,0.5948968535554185,0.0,0.0,0.0,0.0,0.0,1.0,5.44
STU-11987,0.9988007538118888,0.4349414419254321,0.0,0.6361445783132531,0.2530864197530865,0.6,-0.6904501901463808,1.0,0.0,0.0,1.0,0.0,0.0,5.21
STU-13199,-0.40740106218948136,0.5273450091329106,0.6318271119842832,0.26987951807228916,-0.4012345679012342,1.4,0.5743313008561892,1.0,0.0,0.0,1.0,0.0,0.0,4.47
STU-11917,-0.22374507452458553,-0.062318684860857544,-0.047151277013752296,0.01445783132530111,-0.6172839506172839,0.6,-0.6596018610975374,0.0,0.0,0.0,0.0,0.0,1.0,3.82
STU-13211,0.5197875621038199,-0.5105834318255081,-0.03929273084479372,-0.9156626506024096,1.1296296296296295,-0.4,-0.6287535320486948,0.0,1.0,0.0,0.0,0.0,0.0,3.78
STU-13432,-0.10107932156929987,-0.0893950789728161,0.3237721021611003,1.8626506024096385,1.012345679012346,0.0,0.6565935116531045,1.0,0.0,0.0,1.0,0.0,0.0,4.18
STU-14932,-0.06475929415795835,0.0,0.8015717092337918,0.10602409638554204,0.0,1.6,1.1398840000849817,0.0,1.0,0.0,0.0,0.0,0.0,5.35
STU-13817,0.9988007538118888,0.5273450091329106,1.677013752455796,0.3012048192771084,-0.32716049382716006,-0.8,0.29669633941660106,0.0,0.0,0.0,0.0,1.0,0.0,5.86
STU-11647,-1.5237279424361838,-0.6833566133018162,-0.40392927308447946,-0.6,-1.2469135802469133,0.8,-0.505360215853322,0.0,0.0,1.0,0.0,0.0,0.0,2.89
STU-11685,-0.6732910741819439,-0.07607177393359882,0.5013752455795678,0.8650602409638554,0.679012345679012,0.4,-0.08376638551913165,1.0,1.0,0.0,0.0,0.0,0.0,4.3
STU-14738,-1.9643652561247225,-0.9128612872031808,-0.6051080550098232,0.7518072289156624,0.549382716049383,0.2,-0.49507743950370686,1.0,0.0,0.0,0.0,1.0,0.0,2.68
STU-10898,-0.8466678088058947,-0.6451058343182553,-0.18074656188605118,0.20240963855421681,-1.8518518518518516,-0.6,-0.8241262826913678,1.0,1.0,0.0,0.0,0.0,0.0,3.44
STU-11311,-1.091999314716465,-0.5127323519931238,-0.22632612966601176,-0.8120481927710843,0.0,0.0,-0.17631137266566105,1.0,0.0,0.0,1.0,0.0,0.0,3.71
STU-14522,-0.14356690080520904,-0.5707531965187495,0.3567779960707269,1.0698795180722889,-0.8518518518518517,1.0,0.04990970702585536,1.0,1.0,0.0,0.0,0.0,0.0,4.04
STU-14136,0.0,-0.5239067368647254,0.0,0.0746987951807228,-1.3024691358024687,-0.8,-0.0632008328199024,0.0,0.0,0.0,0.0,1.0,0.0,2.88
STU-12724,-0.614356690080522,0.2062963360911141,0.33948919449901777,0.6337349397590358,-0.22839506172839458,0.2,0.0,1.0,1.0,0.0,0.0,0.0,0.0,4.44
STU-14318,-0.07640911427103025,0.0017191361340922766,0.6051080550098232,0.4963855421686746,-0.5246913580246911,2.4,0.3686757738639021,0.0,0.0,0.0,0.0,0.0,1.0,4.28
STU-11579,0.36217234880931864,0.5273450091329106,1.1913555992141456,-0.9397590361445783,1.055555555555556,1.2,0.2658480103677576,0.0,0.0,0.0,1.0,0.0,0.0,5.12
STU-12406,0.9988007538118888,0.42978403352315464,0.22003929273084488,-0.5614457831325301,-0.9629629629629627,-1.0,0.48178631370965985,0.0,0.0,0.0,0.0,0.0,1.0,5.08
STU-10152,0.8857289703614858,-0.5686042763511338,-0.009430255402750571,-0.30843373493975906,-0.06172839506172817,0.6,-0.5464913212517796,0.0,0.0,0.0,1.0,0.0,0.0,3.7
STU-14501,-1.1413397293130043,-0.7564198990007526,0.47308447937131637,0.1373493975903613,0.8765432098765431,0.8,0.24528245766852924,0.0,0.0,0.0,1.0,0.0,0.0,3.34
STU-14902,0.6287476443378436,0.08552702267110755,-0.09587426326129658,0.1759036144578312,-0.5432098765432097,-0.2,1.3249739743780404,0.0,0.0,0.0,1.0,0.0,0.0,4.91
STU-11555,0.4629090286105873,-1.2068335661330185,-0.9445972495088409,-0.4216867469879518,-0.2901234567901233,-0.4,-0.49507743950370686,0.0,0.0,0.0,1.0,0.0,0.0,3.29
STU-13894,0.44577694020901115,0.2505640915439991,0.921021611001965,-0.8240963855421687,0.3271604938271606,-1.0,0.5537657481569609,0.0,0.0,0.0,0.0,1.0,0.0,5.23
STU-10325,-0.7150933698817896,-0.1740625335768775,-0.4762278978388998,-0.9253012048192771,1.7716049382716055,-0.6,0.5229174191081175,1.0,0.0,0.0,0.0,1.0,0.0,4.91
STU-11999,0.14973445262977475,0.5273450091329106,1.1552062868369353,0.10120481927710841,0.4753086419753089,-0.6,-0.3408357942594915,0.0,0.0,1.0,0.0,0.0,0.0,4.69
STU-11672,0.9988007538118888,-0.6034167830665094,7.014108712980404,-0.23855421686746991,-1.3888888888888888,0.0,-0.41281522870679255,1.0,0.0,0.0,1.0,0.0,0.0,4.58
STU-14919,0.47318828165153237,0.26732566885140213,0.16660117878192546,-0.9036144578313252,-0.8271604938271604,0.2,0.6771590643523338,0.0,0.0,0.0,0.0,0.0,1.0,4.76
STU-10521,0.9378105191022776,0.5273450091329106,1.7493123772102166,-0.3397590361445783,-0.5802469135802466,0.0,1.3249739743780404,0.0,0.0,0.0,0.0,1.0,0.0,6.67
STU-13782,-0.7589515161898247,-0.22176856129794825,-0.3913555992141455,0.12048192771084336,-0.20987654320987645,0.2,-0.4025324523571775,1.0,0.0,0.0,1.0,0.0,0.0,3.57
STU-14046,0.9988007538118888,-0.34382722681852373,-0.1713163064833006,-0.5301204819277109,0.4938271604938276,-0.4,0.019061377977012833,1.0,0.0,0.0,0.0,1.0,0.0,3.94
STU-10877,0.4896350865170451,-0.5325024175351887,10.715803059481651,-0.49638554216867464,-0.43827160493827155,0.6,0.24528245766852924,0.0,0.0,1.0,0.0,0.0,0.0,2.95
STU-14360,0.0,0.5273450091329106,1.0058939096267192,-0.9228915662650602,0.4753086419753089,-0.4,0.13217191782277057,0.0,0.0,0.0,0.0,0.0,1.0,5.67
STU-12054,0.205927702586945,0.5273450091329106,0.4982318271119844,-0.45542168674698796,0.8024691358024695,0.8,0.029344154326627007,1.0,0.0,0.0,0.0,1.0,0.0,4.88
STU-10072,0.9988007538118888,0.5273450091329106,0.4982318271119844,1.344578313253012,-0.48765432098765377,0.2,0.9239456967430795,0.0,0.0,0.0,0.0,1.0,0.0,4.66
STU-13434,0.1661812574952875,0.5273450091329106,0.20117878192534375,1.3903614457831324,0.5370370370370371,0.0,0.8108351568973208,0.0,0.0,0.0,0.0,0.0,1.0,5.08
STU-10514,0.136714065444577,0.5273450091329106,0.22632612966601176,-0.06024096385542168,1.5308641975308643,-1.0,-0.12489749091758927,0.0,0.0,0.0,1.0,0.0,0.0,5.14
STU-10183,-0.3018673976357728,0.3747716772321908,-0.088015717092338,-0.37108433734939755,-0.6111111111111106,0.2,-0.4539463341052502,0.0,0.0,0.0,0.0,1.0,0.0,4.0
STU-12261,-0.322425903717664,-0.25658106801332325,-0.18546168958742631,-0.2771084337349398,0.6851851851851859,0.6,0.12188914147315641,1.0,0.0,0.0,0.0,0.0,1.0,3.85
STU-11285,0.516361144423504,0.1624583646717525,0.5139489194499018,-0.8554216867469879,1.518518518518519,-0.2,0.3069791157662152,0.0,0.0,0.0,0.0,0.0,1.0,5.27
STU-12850,-0.26212095254411627,0.1680455571075533,-1.0640471512770138,0.378313253012048,-0.987654320987654,-1.0,0.15273747052199985,0.0,0.0,0.0,0.0,0.0,1.0,4.49
STU-11690,-0.49648792187767715,0.5273450091329106,-0.6098231827111984,0.0,0.30246913580246926,-0.8,-0.2071597017145045,0.0,0.0,0.0,1.0,0.0,0.0,3.82
STU-14205,0.0,0.2458364671752444,-0.07072691552062858,1.5975903614457827,-0.6296296296296293,1.2,-0.16602859631604688,0.0,0.0,0.0,0.0,0.0,1.0,3.29
STU-12458,-0.2669179372965571,0.5273450091329106,-0.059724950884086296,1.8192771084337345,1.5246913580246917,0.2,0.7491384987996348,1.0,0.0,0.0,0.0,0.0,1.0,4.83
STU-12541,-0.7856775740962835,-0.583646717524444,-0.5406679764243615,-0.6385542168674699,0.0,1.4,0.060192483375469535,1.0,0.0,0.0,0.0,1.0,0.0,3.35
STU-10479,0.12643481240363094,0.14827549156548847,0.1838899803536346,1.289156626506024,-0.7469135802469135,-1.0,0.38924132656313043,0.0,0.0,0.0,1.0,0.0,0.0,4.26
STU-10317,0.3484666780880585,-0.5621575158482862,-0.13988212180746573,-0.39277108433734936,2.3765432098765427,-0.4,0.49206909005927496,1.0,0.0,0.0,0.0,1.0,0.0,4.91
STU-13323,-1.3763919821826285,-0.3292145696787369,-0.2719056974459726,-0.47951807228915666,-1.4876543209876538,-0.4,0.07047525972508462,0.0,0.0,0.0,1.0,0.0,0.0,2.83
STU-10867,0.0,-0.6115826797034493,-0.8220039292730845,-0.3493975903614458,-0.22222222222222185,0.6,-1.04006458603327,0.0,0.0,0.0,0.0,1.0,0.0,1.67
STU-12029,0.6883673119753289,0.5273450091329106,0.5280943025540275,-0.3349397590361447,-0.7345679012345675,0.4,0.9959251311903796,1.0,0.0,0.0,1.0,0.0,0.0,5.04
STU-14475,0.9988007538118888,0.5273450091329106,1.3485265225933205,-0.5855421686746988,-0.19753086419753046,0.0,-0.505360215853322,0.0,0.0,0.0,0.0,1.0,0.0,4.45
STU-10383,0.9912626349151954,0.5273450091329106,1.1489194499017685,-0.30361445783132524,-1.438271604938271,-0.6,0.7388557224500197,0.0,0.0,0.0,0.0,0.0,1.0,5.33
STU-13616,0.08120609902347013,0.27549156548834197,-0.32220039292730834,1.5734939759036142,1.691358024691358,-1.0,0.3172618921158294,0.0,0.0,0.0,0.0,0.0,1.0,4.96
STU-14041,0.9988007538118888,0.4916729343504888,0.7842829076620826,-0.021686746987951772,-0.4012345679012342,0.0,0.6463107353034903,0.0,0.0,0.0,0.0,1.0,0.0,5.01
STU-11638,0.7397635771800574,0.26732566885140213,0.27662082514734776,-0.763855421686747,1.0246913580246915,1.6,1.222146210881897,1.0,0.0,0.0,1.0,0.0,0.0,5.46
STU-14241,0.5026554737022438,0.4908133662834427,0.47465618860510805,-0.4024096385542168,-1.141975308641975,1.2,0.2247169049693,0.0,0.0,0.0,1.0,0.0,0.0,4.54
STU-12638,-1.1502484152818235,-1.8914795315354038,-0.8628683693516701,-0.48192771084337344,-0.5185185185185184,0.0,-0.6287535320486948,0.0,0.0,0.0,0.0,1.0,0.0,2.7
STU-10177,0.7034435497687158,-1.4445041366713232,-0.12573673870333973,-0.11807228915662654,1.3580246913580252,0.8,0.13217191782277057,0.0,0.0,0.0,1.0,0.0,0.0,3.8
STU-11348,0.9988007538118888,-0.2531427957451381,-1.1096267190569746,1.9301204819277107,0.012345679012345963,-0.8,-0.7624296245936818,0.0,0.0,0.0,0.0,1.0,0.0,5.24
STU-10008,-0.5663868425561086,-0.6347910175136998,-0.18703339882121803,0.3397590361445783,0.33950617283950657,-0.4,-1.9449489047993371,0.0,0.0,0.0,0.0,0.0,1.0,2.65
STU-12904,-1.366798012677746,-0.7521220586655206,-1.100196463654224,0.20481927710843364,1.1728395061728396,0.4,-0.17631137266566105,0.0,1.0,0.0,0.0,0.0,0.0,3.26
STU-13143,-0.41630974815830163,-0.2720532932201568,-0.06601178781925343,0.0,-1.2901234567901232,-0.6,0.4509379846608173,0.0,0.0,0.0,0.0,1.0,0.0,2.37
STU-10577,-0.10107932156929987,0.0,0.07701375245579573,-0.39277108433734936,-0.6543209876543207,0.2,1.294125645329197,1.0,0.0,0.0,0.0,1.0,0.0,4.88
STU-12951,0.9988007538118888,0.5273450091329106,1.194499017681729,0.3349397590361445,0.26543209876543244,0.8,1.3249739743780404,0.0,1.0,0.0,0.0,0.0,0.0,6.06
STU-13308,0.19907486722631398,0.4843666057805951,0.0,0.0,0.0,0.2,0.4509379846608173,0.0,0.0,0.0,1.0,0.0,0.0,5.38
STU-11460,-0.4875792359088579,0.4319329536907703,-0.587819253438114,-0.38554216867469887,0.6543209876543212,0.4,-0.30998746521064807,0.0,0.0,0.0,0.0,0.0,1.0,3.93
STU-11855,-0.006510193592599833,0.5273450091329106,-0.5139489194499018,0.4409638554216867,0.4876543209876543,1.4,0.18358579957084237,1.0,0.0,0.0,0.0,1.0,0.0,3.76
STU-12664,-0.5088230255268125,-0.922746319974213,-0.38506876227897835,1.973493975903614,-1.1358024691358024,0.0,-0.9475195988867406,0.0,1.0,0.0,0.0,0.0,0.0,4.31
STU-11465,0.0,0.018910497475018707,0.8990176817288804,0.24337349397590355,0.7098765432098767,-0.8,0.358392997514287,1.0,0.0,0.0,1.0,0.0,0.0,4.6
STU-14467,-0.35943121466506794,0.240249274739443,0.583104125736739,-0.3831325301204819,0.351851851851852,0.0,-0.4436635577556351,0.0,1.0,0.0,0.0,0.0,0.0,4.74
STU-13215,0.9988007538118888,0.41302245621575157,0.8927308447937136,1.6650602409638553,1.425925925925926,-0.4,0.3686757738639021,1.0,0.0,0.0,0.0,1.0,0.0,5.66
STU-11125,-0.9186225800925143,-0.09842054367680268,-0.7512770137524558,-0.04096385542168673,0.7098765432098767,-1.0,-0.505360215853322,1.0,1.0,0.0,0.0,0.0,0.0,3.75
STU-14377,0.3793044372108948,0.5273450091329106,0.007858546168958855,-0.4072289156626507,-0.4197530864197529,-1.0,0.5023518664088891,0.0,0.0,1.0,0.0,0.0,0.0,4.28
STU-13970,-0.7164639369539155,0.12205866552057545,0.04086444007858543,-0.32771084337349404,0.30864197530864196,-1.0,-0.07348360916951749,1.0,0.0,0.0,0.0,1.0,0.0,4.27
STU-12117,-0.9323282508137753,-1.2695820350273992,-1.6833005893909627,2.325301204819277,-0.35802469135802417,0.4,-0.37168412330833495,1.0,0.0,0.0,0.0,0.0,1.0,3.38
STU-11416,-0.8925818057221179,-1.2321908241108845,0.7701375245579569,0.7518072289156624,-1.111111111111111,0.6,1.3249739743780404,1.0,1.0,0.0,0.0,0.0,0.0,4.35
STU-13089,0.0,-0.7211776082518535,-0.5752455795677801,1.0674698795180722,-0.46913580246913567,1.0,0.8005523805477066,0.0,0.0,0.0,0.0,0.0,1.0,3.39
STU-13583,-0.07229741305465183,0.5273450091329106,-0.13988212180746573,0.0626506024096385,-0.012345679012345415,-1.0,0.6565935116531045,1.0,0.0,0.0,0.0,0.0,1.0,5.55
STU-13157,0.39712180914853434,-0.1624583646717525,0.971316306483301,-0.04819277108433739,1.1358024691358024,-0.8,0.11160636512354223,0.0,0.0,0.0,1.0,0.0,0.0,4.56
STU-12886,0.0,0.18781562264961815,-0.21375245579567775,1.5493975903614456,0.6172839506172839,-1.0,-0.9578023752363548,0.0,1.0,0.0,0.0,0.0,0.0,3.39
STU-11854,0.9988007538118888,0.5273450091329106,2.096660117878193,-0.6746987951807228,0.0864197530864201,-1.0,1.3249739743780404,1.0,0.0,1.0,0.0,0.0,0.0,6.07
STU-13061,0.5458283364742155,0.45943913183625223,0.12888015717092344,0.5349397590361444,-0.5432098765432097,-1.0,0.7799868278484773,1.0,0.0,0.0,0.0,0.0,1.0,5.15
STU-14276,-0.49785848894980395,-0.7009777586762653,-0.5736738703339883,-0.5156626506024097,-0.7654320987654316,0.6,1.0576217892880664,1.0,0.0,1.0,0.0,0.0,0.0,3.85
STU-13734,0.09491176974473126,0.5273450091329106,-0.1210216110019646,0.10361445783132522,1.2592592592592597,0.2,0.2658480103677576,1.0,0.0,0.0,0.0,0.0,1.0,5.13
STU-12074,0.3169436354291578,-0.2226281293649944,-0.46994106090373294,1.6120481927710841,-0.31481481481481466,0.0,-1.0606301387324992,1.0,1.0,0.0,0.0,0.0,0.0,3.71
STU-11135,-1.0645879732739427,-1.1608466745460408,-1.3092337917485268,-0.12289156626506018,0.43209876543209885,-0.4,-0.9578023752363548,1.0,0.0,0.0,1.0,0.0,0.0,2.87
STU-12919,-1.0543087202329966,-0.911142151069088,-0.12573673870333973,-0.5879518072289157,0.29629629629629656,0.0,-0.4847946631540927,0.0,0.0,0.0,1.0,0.0,0.0,3.2
STU-12940,0.4197361658386147,-0.4349414419254327,-0.6852652259332024,0.0,0.030864197530864633,0.8,-1.04006458603327,1.0,0.0,0.0,1.0,0.0,0.0,3.9
STU-12733,-0.840500256981327,-0.7581390351348448,-0.2451866404715129,0.0,0.0,-1.0,-0.6801674137967666,0.0,1.0,0.0,0.0,0.0,0.0,3.21
STU-14363,0.9988007538118888,0.5273450091329106,2.4722986247544205,0.6240963855421686,0.14814814814814828,-0.6,0.3172618921158294,0.0,0.0,0.0,0.0,1.0,0.0,5.87
STU-13748,0.017474730169607364,-0.20328784785645232,-0.14459724950884087,-0.616867469879518,0.1234567901234569,0.6,-0.9166712698378972,0.0,0.0,0.0,1.0,0.0,0.0,3.52
STU-13310,-0.24019187939009828,0.005587192435800815,-0.4888015717092338,0.8240963855421686,-1.3888888888888888,-0.2,-0.47451188680447853,0.0,0.0,0.0,0.0,1.0,0.0,3.51
STU-14373,-0.3614870652732572,0.24067905877296636,-0.3017681728880158,0.024096385542168586,0.8765432098765431,0.4,-0.7932779536425244,0.0,0.0,0.0,1.0,0.0,0.0,3.2
STU-11568,-0.9700188452972427,-0.19984957558826716,-0.0974459724950883,-0.6216867469879518,-0.2716049382716046,0.6,0.3686757738639021,1.0,0.0,0.0,1.0,0.0,0.0,4.24
STU-14903,0.3518930957683735,-1.5704308584936073,-0.6664047151277015,0.5349397590361444,0.5432098765432103,0.2,0.029344154326627007,0.0,0.0,0.0,1.0,0.0,0.0,3.97
STU-14270,0.9988007538118888,0.5273450091329106,2.06679764243615,-0.2987951807228916,-1.2777777777777772,-0.2,1.3249739743780404,0.0,0.0,0.0,0.0,1.0,0.0,6.02
STU-13596,0.7918451259208492,0.5273450091329106,1.628290766208252,-0.23855421686746991,0.6358024691358032,0.0,0.37895855021351627,0.0,0.0,0.0,0.0,0.0,1.0,5.29
STU-12239,-0.5177317114956318,-0.10056946384441834,-0.14616895874263258,-0.6963855421686747,0.7654320987654322,0.0,0.1733030232212282,0.0,0.0,0.0,0.0,1.0,0.0,3.8
STU-14435,-0.28405002569813326,0.0,-0.5406679764243615,0.27469879518072277,1.2592592592592597,0.4,-1.3896789819201594,0.0,1.0,0.0,0.0,0.0,0.0,3.59
STU-14907,0.7219462052424178,0.0,-0.20275049115913546,0.09156626506024093,0.4753086419753089,-1.0,0.5332001954577326,0.0,0.0,0.0,1.0,0.0,0.0,4.25
STU-14417,0.25321226657529505,0.41903943268507576,0.3724950884086446,0.1879518072289155,0.3271604938271606,-0.8,-0.052918056470288216,1.0,0.0,0.0,0.0,1.0,0.0,4.83
STU-10396,0.08463251670378517,-1.2678628988933065,-1.4789783889980357,-0.6120481927710842,-1.1172839506172836,0.2,-0.6596018610975374,1.0,0.0,0.0,0.0,1.0,0.0,2.74
STU-12100,0.0,-0.15429246803481267,-0.46994106090373294,0.26987951807228916,-0.296296296296296,1.6,1.0576217892880664,0.0,0.0,0.0,1.0,0.0,0.0,3.93
STU-10979,-0.07503854719890443,0.5273450091329106,0.919449901768173,-0.026506024096385618,-0.8148148148148144,0.0,0.5126346427585032,1.0,0.0,0.0,0.0,0.0,1.0,5.17
STU-14555,0.2922734281308882,-1.0426560653271735,0.3536345776031435,1.2072289156626503,0.0,-0.8,0.10132358877392715,0.0,1.0,0.0,0.0,0.0,0.0,4.03
STU-13787,0.07640911427102928,-0.2110239604598694,0.35206286836935174,-0.527710843373494,-0.19135802469135776,-0.6,0.33782744481505866,0.0,0.0,0.0,0.0,1.0,0.0,4.31
STU-11419,-0.8590029124550289,-0.87461050821962,-0.4385068762278978,0.1373493975903613,0.5679012345679016,-0.8,-0.6801674137967666,0.0,0.0,0.0,0.0,0.0,1.0,3.54
STU-12969,0.8350179886928207,-0.11776082518534477,0.7905697445972495,0.4265060240963854,1.0493827160493834,0.8,0.2761307867173727,0.0,0.0,0.0,1.0,0.0,0.0,4.13
STU-14818,-0.18057221175261298,-0.14913505963253462,0.5406679764243615,0.0,0.8518518518518523,1.0,-0.505360215853322,1.0,0.0,0.0,0.0,1.0,0.0,4.63
STU-12968,0.44714750728113695,-0.28580638229289806,-0.35049115913556006,0.15421686746987942,0.19135802469135832,0.6,-0.9989334806348125,1.0,1.0,0.0,0.0,0.0,0.0,4.55
STU-11433,-0.1278053794757587,-1.1733104115182125,-0.23732809430255403,-0.6891566265060242,0.43209876543209885,0.4,0.008778601627397745,0.0,1.0,0.0,0.0,0.0,0.0,3.04
STU-14236,-0.33681685797498756,-0.31374234447190275,-0.4196463654223969,0.0,0.16666666666666693,-1.0,-0.07348360916951749,0.0,0.0,0.0,0.0,0.0,1.0,4.22
STU-11692,0.9988007538118888,-0.23337273020307325,-0.4133595284872298,-0.07951807228915664,-0.5802469135802466,-0.6,0.6977246170515621,0.0,0.0,0.0,0.0,1.0,0.0,4.22
STU-14601,0.19770430015418816,-0.2299344579348881,-0.13516699410609032,1.6,0.3580246913580247,-0.6,-0.3614013469587199,1.0,0.0,1.0,0.0,0.0,0.0,4.5
STU-14054,0.9988007538118888,0.5273450091329106,0.587819253438114,-0.47951807228915666,1.2469135802469133,1.4,1.3249739743780404,0.0,0.0,0.0,1.0,0.0,0.0,5.97
STU-11788,0.5485694706184681,-0.13753089072740962,-0.12259332023575631,0.026506024096385403,-0.8086419753086417,-1.0,0.5537657481569609,0.0,0.0,1.0,0.0,0.0,0.0,3.94
STU-10743,0.7534692479013184,0.5273450091329106,-0.21532416502946947,-0.02891566265060243,-0.12345679012345634,0.2,-0.28942191251141974,0.0,0.0,0.0,0.0,1.0,0.0,4.93
STU-12825,0.1792016446804862,-0.25658106801332325,-0.05500982318271115,-1.0192771084337349,0.0,1.0,-0.18659414901527524,0.0,0.0,1.0,0.0,0.0,0.0,4.5
STU-10363,0.08668836731197439,0.5273450091329106,-0.14145383104125744,2.590361445783132,0.17283950617283964,0.2,-1.9243833521001084,0.0,0.0,1.0,0.0,0.0,0.0,3.82
STU-10334,0.9713894123693666,0.5273450091329106,1.3752455795677805,0.8746987951807226,0.03703703703703734,0.8,1.2118634345322818,1.0,0.0,0.0,0.0,0.0,1.0,6.56
STU-11301,0.9988007538118888,0.5273450091329106,0.0,-0.708433734939759,0.3271604938271606,0.0,1.3249739743780404,1.0,0.0,0.0,1.0,0.0,0.0,5.74
STU-14393,-0.4457769402090121,0.0,-1.2165029469548136,-0.4385542168674699,-0.6172839506172839,-0.2,-0.3408357942594915,0.0,0.0,1.0,0.0,0.0,0.0,2.3
STU-12078,0.7829364399520289,0.42075856881916807,0.8534381139489198,1.2722891566265058,-0.06790123456790088,-1.0,0.6154624062546469,0.0,0.0,1.0,0.0,0.0,0.0,5.04
STU-14394,-1.3352749700188462,-0.3635972923605892,-0.5988212180746564,0.20240963855421681,1.4382716049382716,1.2,-0.5567740976013937,0.0,0.0,0.0,0.0,1.0,0.0,2.99
STU-13860,-1.139283878704815,0.5273450091329106,0.21375245579567775,0.0,0.4629629629629629,0.8,-0.24829080711296211,1.0,0.0,0.0,1.0,0.0,0.0,4.28
STU-10965,-0.7534692479013194,-1.7015149887181693,-1.2007858546168961,0.7927710843373491,-0.3950617283950615,0.0,-0.7418640718944526,0.0,0.0,0.0,0.0,0.0,1.0,2.49
STU-10980,0.34229912626349085,-0.6322123133125608,0.10373280943025544,0.06024096385542168,0.5123456790123457,-0.2,0.9342284730926936,1.0,0.0,0.0,1.0,0.0,0.0,4.41
STU-11137,-1.100222717149221,-1.305683893843344,-1.7304518664047155,-0.20722891566265067,0.16666666666666693,1.4,-0.9372368225371265,0.0,0.0,0.0,1.0,0.0,0.0,1.92
STU-14632,-1.0906287476443381,-1.2932201568711725,-0.8125736738703341,1.1783132530120481,1.3024691358024698,-0.6,-0.9372368225371265,1.0,1.0,0.0,0.0,0.0,0.0,2.5
STU-13025,0.23128319342127707,-0.500268615020952,-0.4919449901768172,-0.10120481927710841,-1.098765432098765,-0.8,0.6668762880027196,0.0,1.0,0.0,0.0,0.0,0.0,4.51
STU-10025,-0.17714579407229794,0.3416783066509081,0.5611001964636544,-0.06987951807228916,0.4506172839506175,1.0,0.7697040514988631,1.0,0.0,0.0,0.0,0.0,1.0,5.54
STU-14975,-1.2468733938667127,0.27892983775652713,-0.39607072691552064,1.737349397590361,-1.3395061728395061,0.0,0.34811022116467283,0.0,0.0,0.0,1.0,0.0,0.0,4.13
STU-12626,-0.35120781223231207,0.19984957558826655,0.0,0.6433734939759035,0.29012345679012386,-1.0,0.4303724319615881,0.0,0.0,0.0,1.0,0.0,0.0,3.95
STU-10137,0.0,-0.9124315031696575,-0.8298624754420433,1.5108433734939757,-0.833333333333333,0.0,0.10132358877392715,1.0,0.0,0.0,0.0,1.0,0.0,3.0
STU-10511,-0.029124550282680236,-0.4405286343612335,-1.1552062868369353,0.34216867469879514,0.0,0.4,-1.2148717839767147,0.0,0.0,0.0,0.0,0.0,1.0,3.91
STU-10702,-0.47729998286791275,-0.721607392285377,-0.650687622789784,0.0,0.0,0.4,-0.49507743950370686,0.0,0.0,0.0,1.0,0.0,0.0,3.71
STU-12859,-1.1639540860030846,-1.1165789190931559,-0.5563850687622789,0.5759036144578314,-0.5493827160493825,0.4,0.49206909005927496,0.0,0.0,0.0,1.0,0.0,0.0,3.16
STU-13208,-0.05105362343669724,-0.4736220049425169,-0.9807465618860512,0.0,0.9382716049382713,0.6,1.0781873419872947,0.0,0.0,1.0,0.0,0.0,0.0,4.07
STU-13504,0.5896864827822504,0.5273450091329106,-0.35206286836935174,-0.0867469879518073,-0.08641975308641955,0.0,-0.49507743950370686,0.0,0.0,0.0,0.0,0.0,1.0,4.26
STU-10124,-0.4718177145794075,-0.6661652519608897,-1.5056974459724954,0.36867469879518056,0.6358024691358032,1.8,-0.906388493488283,1.0,0.0,0.0,0.0,0.0,1.0,3.29
STU-12283,0.9988007538118888,0.05114429998925531,-0.056581532416502864,0.7325301204819274,-1.1358024691358024,-0.2,-0.8446918353905971,1.0,0.0,0.0,0.0,0.0,1.0,4.29
STU-10607,-0.5609045742676043,-1.1436553132051148,0.11316306483300602,-0.019277108433734955,-0.8086419753086417,-0.4,0.564048524506575,0.0,0.0,0.0,0.0,0.0,1.0,4.22
STU-11614,-0.032550967962995274,-0.3923928226066406,-0.2436149312377209,1.0987951807228915,-1.4691358024691357,0.2,0.33782744481505866,1.0,0.0,1.0,0.0,0.0,0.0,3.44
STU-14006,0.9988007538118888,-0.19770065542065152,0.38821218074656205,0.3397590361445783,-0.2654320987654319,-0.4,0.6565935116531045,1.0,0.0,0.0,0.0,0.0,1.0,4.13
STU-12665,0.8829878362172342,0.2355216503706883,1.2102161100196467,0.6554216867469881,1.166666666666667,0.8,1.2838428689795829,1.0,0.0,1.0,0.0,0.0,0.0,6.04
STU-12049,0.9796128148021235,-0.1684753411410767,-0.4652259332023575,-0.38072289156626504,0.8086419753086422,0.2,0.6360279589538761,0.0,0.0,1.0,0.0,0.0,0.0,4.82
STU-11796,0.6602706869967442,0.0,0.7009823182711198,0.5325301204819276,-0.6728395061728394,-0.6,0.6565935116531045,0.0,1.0,0.0,0.0,0.0,0.0,5.57
STU-11408,-0.4375535377762552,-0.041689051251745955,0.2451866404715129,-0.5204819277108433,-0.7160493827160489,0.6,0.0,1.0,0.0,0.0,0.0,0.0,1.0,4.07
STU-11616,0.9988007538118888,0.18394756634791024,-0.007858546168958577,1.4554216867469876,-0.34567901234567877,-0.4,-0.0015041747222164304,0.0,1.0,0.0,0.0,0.0,0.0,4.11
STU-10037,-0.6273770772657197,-1.667132266036317,-1.7304518664047155,0.0,-0.2839506172839506,-0.8,-0.8652573880898254,0.0,0.0,0.0,0.0,1.0,0.0,2.59
STU-10204,-0.7548398149734462,0.3055764478349629,0.6506876227897838,-0.9951807228915661,0.6419753086419758,0.2,-0.9886507042851983,0.0,1.0,0.0,0.0,0.0,0.0,3.57
STU-14850,-1.1351721774884365,-0.8599978510798326,-1.2432220039292734,-0.8216867469879517,-0.7469135802469135,-1.0,-1.307416771123244,0.0,0.0,0.0,1.0,0.0,0.0,1.98
STU-10127,-0.7993832448175436,-1.1006769098527993,-0.9666011787819254,1.0602409638554218,0.7222222222222221,-0.4,0.19386857592045748,0.0,0.0,0.0,0.0,0.0,1.0,4.26
STU-13467,-0.4252184341271209,0.001289352100569513,-0.3693516699410609,-0.2987951807228916,0.3580246913580247,1.0,-0.4025324523571775,0.0,0.0,0.0,1.0,0.0,0.0,3.5
STU-14390,-0.2737707726571872,0.5273450091329106,0.8895874263261301,2.2891566265060237,-0.9506172839506167,1.2,0.04990970702585536,0.0,0.0,0.0,0.0,1.0,0.0,4.81
STU-12454,0.9371252355662143,-0.41216288814870544,0.2467583497053046,0.0,0.15432098765432098,-0.2,0.42008965561197387,0.0,0.0,0.0,0.0,0.0,1.0,4.71
STU-13168,-0.0483124892924456,-0.3416783066509081,0.25461689587426345,-0.03132530120481925,0.7592592592592595,-1.0,-0.9166712698378972,0.0,0.0,0.0,0.0,1.0,0.0,4.02
STU-11308,-0.2600651019359271,-0.9726012678628994,-0.6286836935166995,1.1132530120481925,0.09259259259259281,1.0,0.564048524506575,1.0,0.0,0.0,0.0,0.0,1.0,3.21
STU-11220,0.8240534521158123,0.5273450091329106,0.795284872298625,-0.8963855421686747,-0.7098765432098761,-1.0,0.37895855021351627,1.0,0.0,0.0,1.0,0.0,0.0,5.0
STU-12609,-1.073496659242762,0.01117438487160163,-0.4463654223968566,-0.2963855421686748,-0.08024691358024684,0.0,-1.842121141303193,0.0,0.0,0.0,0.0,0.0,1.0,3.36
STU-11275,-0.7582662326537613,0.37906951756742213,0.36306483300589404,-0.7469879518072289,0.8888888888888896,-0.8,-0.9166712698378972,0.0,0.0,0.0,1.0,0.0,0.0,3.41
STU-10087,0.6356004796984747,-0.017621145374449806,0.28447937131630663,-0.8506024096385542,0.29629629629629656,0.4,1.3249739743780404,1.0,1.0,0.0,0.0,0.0,0.0,5.59
STU-11909,0.02706869967448907,-0.9446653056838941,-0.38506876227897835,-0.6626506024096385,-0.08024691358024684,0.0,1.2632773162803546,1.0,0.0,0.0,1.0,0.0,0.0,4.42
STU-12646,0.7952715436011643,0.4968303427527669,-0.16502946954813347,-1.0168674698795181,-0.9938271604938267,1.2,-0.978367927935584,0.0,0.0,0.0,1.0,0.0,0.0,3.94
STU-11227,0.1223231111872525,-0.661437627592135,-0.47465618860510805,-0.6506024096385542,-0.9197530864197526,0.0,-0.3819668996579491,0.0,0.0,0.0,1.0,0.0,0.0,3.65
STU-11744,-0.20318656844269437,0.5273450091329106,0.2719056974459726,2.166265060240964,0.2530864197530865,0.0,0.33782744481505866,1.0,0.0,0.0,0.0,0.0,1.0,4.99
STU-13966,0.9988007538118888,0.31675083270656457,0.2341846758349706,0.0,0.0,0.8,0.3069791157662152,0.0,0.0,0.0,0.0,0.0,1.0,6.06
STU-14821,0.03871851978756097,-0.6102933276028797,-1.100196463654224,0.8819277108433734,1.6234567901234571,-0.2,-1.2045890076271004,0.0,0.0,0.0,0.0,0.0,1.0,3.54
STU-10622,0.9988007538118888,0.5273450091329106,0.8377210216110021,0.23373493975903606,0.679012345679012,0.0,0.9753595784911512,0.0,1.0,0.0,0.0,0.0,0.0,5.66
STU-11884,-0.3080349494603395,-0.033093370581283345,0.16188605108055001,-0.744578313253012,0.2283950617283951,-0.4,0.38924132656313043,0.0,0.0,0.0,1.0,0.0,0.0,3.95
STU-12630,-0.10382045571355249,0.5273450091329106,0.9241650294695484,0.19759036144578296,-0.7530864197530862,-0.4,-0.6493190847479232,1.0,0.0,0.0,0.0,0.0,1.0,5.3
STU-13752,-0.5101935925989383,-0.8367895132695821,-0.11944990176817287,0.7566265060240964,0.03703703703703734,0.2,-0.4847946631540927,0.0,0.0,0.0,0.0,0.0,1.0,3.45
STU-14263,0.0,-0.6867948855700013,-1.0561886051080551,-0.5349397590361445,0.2160493827160497,1.4,-0.9475195988867406,0.0,0.0,0.0,0.0,1.0,0.0,2.81
STU-10857,0.0010279253040936342,-0.24712581927581392,-0.5563850687622789,-0.5325301204819277,0.6481481481481486,1.6,-0.49507743950370686,0.0,0.0,0.0,0.0,0.0,1.0,3.17
STU-13978,0.9878362172348804,-0.404426775545289,0.0,-0.8265060240963855,0.7592592592592595,1.0,0.4509379846608173,1.0,0.0,0.0,1.0,0.0,0.0,5.07
STU-13861,-0.31762891896522216,-0.5518426990437307,0.545383104125737,0.06987951807228916,0.3703703703703707,0.0,0.6668762880027196,0.0,0.0,0.0,0.0,1.0,0.0,3.61
STU-11459,-0.09148535206441719,0.44826474696464996,-0.3347740667976423,0.2963855421686746,-1.296296296296296,0.2,-0.21744247806411868,0.0,0.0,1.0,0.0,0.0,0.0,3.04
STU-12159,-0.8041802295699855,-0.7890834855485119,-1.7304518664047155,0.5662650602409637,-0.43827160493827155,-0.4,-0.906388493488283,1.0,0.0,0.0,1.0,0.0,0.0,2.43
STU-11099,-1.0872023299640232,-1.28333512410014,-0.9273084479371317,0.4240963855421686,0.549382716049383,0.0,0.029344154326627007,0.0,0.0,0.0,1.0,0.0,0.0,2.57
STU-14130,0.4300154188795608,-0.19168367895132732,-0.3080550098231826,0.06987951807228916,1.6728395061728398,-0.8,0.9753595784911512,1.0,0.0,0.0,0.0,0.0,1.0,4.55
STU-10706,-0.5944834675346932,-1.9550875684968305,-0.5548133595284872,-0.7590361445783133,-0.37037037037037013,0.0,0.33782744481505866,1.0,0.0,0.0,0.0,1.0,0.0,3.7
STU-14578,-0.19770430015418913,0.035672074782421764,-0.9776031434184677,0.3638554216867469,1.1172839506172842,0.8,-0.9166712698378972,0.0,1.0,0.0,0.0,0.0,0.0,2.87
STU-14743,-0.7945862600651028,-1.6357580315891267,0.0,0.9710843373493974,-0.018518518518518122,0.0,-0.13518026726720345,0.0,0.0,0.0,0.0,1.0,0.0,2.77
STU-10539,0.13534349837245122,-0.8230364241968414,-0.51237721021611,0.3204819277108434,0.0802469135802474,-0.8,0.44065520831120225,0.0,0.0,0.0,0.0,0.0,1.0,4.05
STU-12497,-1.1536748329621385,-0.9854947888685939,-0.2970530451866406,1.3734939759036142,-0.6913580246913575,1.0,-0.22772525441373284,0.0,0.0,0.0,0.0,1.0,0.0,3.4
STU-13172,0.7500428302210034,0.5273450091329106,1.0074656188605113,1.944578313253012,-0.1296296296296296,0.4,0.4303724319615881,1.0,0.0,0.0,0.0,1.0,0.0,5.76
STU-10162,0.1456227514133963,0.32706564951112066,0.3190569744597249,-0.21445783132530133,0.16049382716049423,-0.8,0.5229174191081175,0.0,0.0,0.0,1.0,0.0,0.0,5.11
STU-13644,-0.18673976357718064,0.3305039217793058,0.0,-0.12048192771084336,0.7160493827160495,0.0,0.2761307867173727,1.0,0.0,0.0,0.0,1.0,0.0,4.04
STU-12632,-0.48894980298098367,-0.3992693671430109,-0.7827111984282908,-0.7421686746987951,0.6049382716049385,0.0,-0.1454630436168176,0.0,0.0,0.0,1.0,0.0,0.0,3.69
STU-10647,-1.4579407229741308,-1.6843236273772433,-1.5292730844793716,0.3132530120481927,0.3148148148148152,-0.2,-0.7212985191952243,0.0,0.0,0.0,0.0,1.0,0.0,2.88
STU-10966,-0.21963337330820712,0.09369291930804739,-0.4573673870333989,-0.3108433734939759,-0.22839506172839458,-0.6,-0.6698846374471524,0.0,0.0,0.0,0.0,0.0,1.0,3.44
STU-14172,0.45879732739420886,0.0,0.06758349705304516,-0.40963855421686746,0.0802469135802474,-0.2,-0.5670568739510079,0.0,0.0,0.0,0.0,0.0,1.0,4.06
STU-12157,-0.4512592084975164,0.0,-0.6726915520628683,2.3325301204819273,0.4382716049382721,0.0,1.3249739743780404,0.0,0.0,0.0,0.0,0.0,1.0,4.73
STU-13468,0.06818571183827242,-0.2767809175889115,-0.6271119842829078,1.0192771084337349,0.858024691358025,1.0,0.16302024687161404,0.0,0.0,1.0,0.0,0.0,0.0,4.09
STU-14863,0.6767174918622569,0.049854947888685795,0.0,-0.5831325301204819,0.0802469135802474,-0.2,-0.30998746521064807,0.0,0.0,0.0,0.0,0.0,1.0,3.89
STU-12537,0.9905773513791319,0.5273450091329106,0.4809430255402752,-0.4602409638554217,-0.7160493827160489,0.2,1.2632773162803546,1.0,0.0,0.0,0.0,0.0,1.0,5.83
STU-11576,0.0,0.18265821424734072,-0.581532416502947,0.5397590361445783,0.43209876543209885,-0.8,0.9856423548407653,0.0,0.0,1.0,0.0,0.0,0.0,4.48
STU-13267,-0.9748158300496835,0.03782099495003741,-0.47151277013752463,1.7855421686746986,-1.28395061728395,0.4,1.0576217892880664,1.0,1.0,0.0,0.0,0.0,0.0,4.72
STU-14215,0.563645708411855,0.5273450091329106,-0.1587426326129666,1.2289156626506021,-1.2037037037037033,0.6,0.2658480103677576,0.0,0.0,0.0,0.0,0.0,1.0,3.93
STU-13017,-1.675175603906117,-1.1127108627914475,-0.47465618860510805,-0.4746987951807229,0.7901234567901241,1.2,0.0807580360746988,0.0,0.0,1.0,0.0,0.0,0.0,3.25
STU-13667,0.41082747986979545,0.5273450091329106,1.1001964636542245,0.2144578313253011,0.3580246913580247,1.0,-0.16602859631604688,0.0,0.0,0.0,0.0,1.0,0.0,4.52
STU-11207,-1.0858317628918974,-0.037820994950038024,-0.3677799607072692,-1.1734939759036145,-0.48765432098765377,-0.4,0.2761307867173727,1.0,0.0,0.0,1.0,0.0,0.0,3.09
STU-12634,0.0,-0.02922531427957481,0.4573673870333989,0.1662650602409637,1.1481481481481488,0.0,-1.1634579022286429,0.0,0.0,0.0,0.0,0.0,1.0,3.08
STU-13026,-0.37998972074696014,0.5273450091329106,0.24990176817288803,-0.6481927710843374,-0.6913580246913575,0.4,0.49206909005927496,0.0,1.0,0.0,0.0,0.0,0.0,3.94
STU-12898,-0.25047113243104435,-0.9446653056838941,-0.2216110019646366,-0.07951807228915664,-0.006172839506172707,1.8,-0.02206972742144478,1.0,1.0,0.0,0.0,0.0,0.0,3.4
STU-12434,-0.771286619838959,0.11045449661545045,-0.41021611001964636,0.08674698795180709,-1.2345679012345678,-1.0,0.04990970702585536,0.0,0.0,1.0,0.0,0.0,0.0,3.53
STU-10336,0.0,-0.9223165359406902,-0.19960707269155203,-0.8385542168674699,-0.030864197530864085,-1.0,-0.16602859631604688,0.0,0.0,1.0,0.0,0.0,0.0,3.54
STU-12920,-1.0337502141511055,-1.583754163532825,-1.7304518664047155,-0.007228915662650662,-0.25308641975308593,1.0,-1.872969470352036,0.0,0.0,0.0,0.0,0.0,1.0,1.29
STU-12019,0.3587459311290036,0.5183195444289246,0.545383104125737,-0.7397590361445783,0.8086419753086422,1.4,1.0370562365888372,0.0,0.0,1.0,0.0,0.0,0.0,4.94
STU-14237,0.36491348295357123,0.23380251423659604,-0.07701375245579573,0.7084337349397588,-0.6604938271604934,-1.0,0.18358579957084237,1.0,0.0,0.0,0.0,1.0,0.0,4.75
STU-10926,0.9988007538118888,0.5273450091329106,0.8785854616895878,-0.04578313253012057,-0.24074074074074053,1.2,-0.1146147145679751,0.0,0.0,0.0,0.0,0.0,1.0,4.37
STU-10683,0.1236936782593793,0.12592672182228398,0.28919449901768174,-0.009638554216867478,0.2222222222222224,0.6,0.48178631370965985,0.0,0.0,0.0,0.0,0.0,1.0,4.99
STU-12373,0.6431385985951681,0.021489201676157733,-1.0184675834970531,-0.18795180722891572,-0.05555555555555546,0.0,0.49206909005927496,1.0,0.0,1.0,0.0,0.0,0.0,4.42
STU-12766,-1.026212095254412,0.20242827978940556,0.671119842829077,1.3879518072289154,-0.44444444444444425,-0.8,-1.4205273109690026,0.0,0.0,0.0,1.0,0.0,0.0,2.82
STU-11636,-0.5376049340414605,0.37219297303105175,-0.047151277013752296,0.0746987951807228,-0.32716049382716006,1.2,-1.441092863668232,0.0,1.0,0.0,0.0,0.0,0.0,3.56
STU-13136,0.5280109645365759,0.20070914365531328,-0.6522593320235757,1.5734939759036142,-0.944444444444444,-1.0,-0.5567740976013937,0.0,0.0,1.0,0.0,0.0,0.0,4.33
STU-10178,-0.12300839472331786,-0.19254324701837344,-0.1603143418467583,0.04578313253012036,0.7283950617283949,-0.2,0.6977246170515621,0.0,0.0,0.0,1.0,0.0,0.0,5.07
STU-14482,0.10176460510536132,0.5273450091329106,1.4318271119842834,0.378313253012048,-1.0493827160493823,0.6,0.5332001954577326,0.0,0.0,0.0,1.0,0.0,0.0,4.33
STU-11589,0.9988007538118888,0.009885032771032117,0.0,-0.9060240963855422,-1.4012345679012341,-1.0,-0.3408357942594915,0.0,0.0,0.0,0.0,1.0,0.0,4.47
STU-11871,0.9988007538118888,0.16761577307402994,0.04086444007858543,-0.3204819277108434,-0.11728395061728364,-1.0,0.9342284730926936,1.0,0.0,0.0,1.0,0.0,0.0,5.25
STU-10428,-1.0268973787904754,-0.7693134200064471,-1.295088408644401,0.4216867469879518,0.6111111111111112,1.2,-1.3588306528713168,0.0,0.0,0.0,0.0,0.0,1.0,2.04
STU-11857,0.0,0.5273450091329106,1.2306483300589393,0.1493975903614458,0.5432098765432103,-0.2,0.4098068792623597,0.0,1.0,0.0,0.0,0.0,0.0,5.06
STU-12110,-0.7877334247044717,-0.8544106586440319,-0.3174852652259332,-0.4024096385542168,-0.5370370370370365,1.2,-0.8652573880898254,0.0,0.0,0.0,0.0,0.0,1.0,2.54
STU-10567,-1.10227856775741,-0.9476737939185559,-1.11434184675835,0.14457831325301196,-1.3456790123456788,-0.4,-0.3614013469587199,1.0,0.0,1.0,0.0,0.0,0.0,2.88
STU-14648,-0.45537090971389477,0.027935962179004684,0.9178781925343815,-0.4,2.3580246913580245,1.4,0.5846140772058044,0.0,1.0,0.0,0.0,0.0,0.0,4.9
STU-13038,0.32379647078978885,0.11389276888363561,0.24361493123772118,-0.274698795180723,0.351851851851852,-1.0,0.5126346427585032,0.0,0.0,0.0,0.0,1.0,0.0,4.5
STU-12188,0.2347096111015921,0.27506178145481863,1.269941060903733,-0.9469879518072288,-0.32098765432098736,-0.2,0.0,1.0,0.0,0.0,0.0,0.0,1.0,5.13
STU-10871,-1.0974815830049693,-0.9433759535833246,-0.33634577603143434,-0.7469879518072289,-0.31481481481481466,1.0,-0.19687692536489032,0.0,0.0,0.0,0.0,0.0,1.0,3.55
STU-11353,0.771286619838958,0.5273450091329106,1.2652259332023577,0.10843373493975907,-0.44444444444444425,0.8,0.9445112494423078,0.0,1.0,0.0,0.0,0.0,0.0,5.33
STU-10632,-0.5273256810005145,-0.5307832814010963,0.21060903732809433,-0.8433734939759036,-1.2222222222222219,-1.0,-1.8832522467016506,0.0,0.0,0.0,0.0,1.0,0.0,3.12
STU-13960,-0.2518416995031702,0.5273450091329106,0.047151277013752574,0.20963855421686747,1.0061728395061733,-0.2,0.008778601627397745,0.0,0.0,0.0,0.0,1.0,0.0,5.57
STU-10634,0.21552167209182674,-0.1418287310626409,-0.3929273084479372,0.5662650602409637,0.3827160493827161,2.2,0.0,1.0,0.0,1.0,0.0,0.0,0.0,3.66
STU-12502,0.40397464450916437,-0.11088428064897382,0.40235756385068777,0.8168674698795182,0.0,-1.0,-0.27913913616180464,0.0,0.0,0.0,1.0,0.0,0.0,4.34
STU-10812,-1.2174062018160023,-1.1423659611045454,-0.8722986247544205,-0.8265060240963855,1.3456790123456788,-0.4,-1.1223267968301853,0.0,1.0,0.0,0.0,0.0,0.0,3.44
STU-13952,-0.17508994346410872,-0.7018373267433115,-1.0153241650294698,0.4650602409638553,-0.06172839506172817,-0.2,-0.47451188680447853,0.0,0.0,0.0,0.0,0.0,1.0,3.81
STU-11065,0.4169950316943631,0.5273450091329106,0.19803536345776032,-0.4746987951807229,-0.06790123456790088,0.4,-0.772712400943296,0.0,1.0,0.0,0.0,0.0,0.0,3.96
STU-10115,0.30186739763577086,-0.46459654023853025,0.3929273084479372,1.7204819277108434,0.8641975308641977,0.6,-0.08376638551913165,0.0,0.0,0.0,0.0,0.0,1.0,4.3
STU-14817,-0.865855747815659,0.0,0.0031434184675834306,-0.9759036144578314,-0.5493827160493825,0.2,-1.6878794960589767,0.0,1.0,0.0,0.0,0.0,0.0,3.51
STU-13620,0.2237450745245836,-0.5733319007198885,-0.5485265225933204,-0.06987951807228916,0.4876543209876543,-1.0,-0.0632008328199024,0.0,0.0,0.0,0.0,1.0,0.0,4.14
STU-10659,-0.16686654103135284,0.0,0.30333988212180746,0.0,-1.0740740740740735,0.0,0.7080073934011771,0.0,0.0,0.0,0.0,1.0,0.0,4.0
STU-10030,0.11821140997087505,0.1959815192865586,0.09115913555992144,0.24337349397590355,-0.5987654320987652,0.4,0.060192483375469535,0.0,0.0,0.0,0.0,0.0,1.0,4.47
STU-10311,0.7500428302210034,-0.30342752766734726,-0.4652259332023575,0.43373493975903604,-1.746913580246913,-0.4,-0.505360215853322,0.0,0.0,0.0,0.0,0.0,1.0,4.56
STU-10422,-0.0818913825595345,-0.060169764693241895,0.18074656188605118,0.0,-0.5802469135802466,0.0,0.4509379846608173,0.0,0.0,0.0,1.0,0.0,0.0,3.74
STU-12852,0.0,0.5273450091329106,0.49666011787819264,0.631325301204819,0.4444444444444448,0.0,0.13217191782277057,0.0,0.0,0.0,0.0,0.0,1.0,4.95
STU-11399,0.007195477128661282,-0.17492210164392427,0.1603143418467583,-1.0578313253012048,0.2530864197530865,1.8,1.3249739743780404,1.0,0.0,0.0,0.0,0.0,1.0,5.35
STU-13182,-0.5334932328250821,-0.09842054367680268,1.0090373280943028,-0.8072289156626505,0.049382716049382755,-0.4,0.44065520831120225,0.0,0.0,0.0,0.0,0.0,1.0,4.73
STU-14649,-1.211923933527498,-0.5840765015579673,-0.020432220039292577,-0.36626506024096395,0.4814814814814816,1.0,0.07047525972508462,1.0,0.0,0.0,0.0,1.0,0.0,3.58
STU-13885,-0.9988007538118907,0.5273450091329106,-0.42278978388998034,0.0,-0.0432098765432095,-0.6,0.5434829718073467,0.0,0.0,0.0,0.0,0.0,1.0,4.44
STU-10870,0.0,-0.3803588696679922,0.19332023575638516,0.04096385542168673,0.3827160493827161,1.4,-0.7315812955448384,0.0,0.0,1.0,0.0,0.0,0.0,3.97
STU-14840,-0.07640911427103025,-0.06575695712904271,0.09115913555992144,0.7108433734939756,-1.4259259259259256,1.6,-0.011786951071830606,0.0,0.0,0.0,0.0,1.0,0.0,4.12
STU-11651,-0.5588487236594151,-0.2952616310304074,-0.8487229862475443,1.7156626506024093,-0.2716049382716046,-0.4,-1.1531751258790288,0.0,1.0,0.0,0.0,0.0,0.0,3.32
STU-14790,0.0,-0.7112925754808208,-0.5548133595284872,0.21927710843373496,-0.5370370370370365,0.2,0.8725318149950068,1.0,0.0,1.0,0.0,0.0,0.0,4.54
STU-10267,0.006510193592597886,0.5273450091329106,-0.3724950884086443,0.4289156626506022,-0.7839506172839503,-0.8,-0.19687692536489032,1.0,1.0,0.0,0.0,0.0,0.0,4.55
STU-12304,0.4485180743532628,-0.01117438487160224,0.1713163064833006,0.6771084337349398,-0.5370370370370365,-1.0,1.088470118336909,0.0,0.0,0.0,0.0,1.0,0.0,3.92
STU-12066,0.9988007538118888,0.33308262598044486,0.5673870333988212,0.009638554216867478,-0.2901234567901233,1.8,0.33782744481505866,1.0,0.0,1.0,0.0,0.0,0.0,5.03
STU-11631,0.9988007538118888,0.5273450091329106,0.6506876227897838,1.419277108433735,-0.987654320987654,0.6,0.8108351568973208,0.0,0.0,0.0,0.0,0.0,1.0,5.72
STU-10036,-0.5204728456398844,-1.5687117223595148,-1.5277013752455797,0.7518072289156624,1.277777777777778,0.2,-0.46422911045486437,0.0,0.0,1.0,0.0,0.0,0.0,2.25
STU-12018,0.36285763234538204,0.5273450091329106,0.29862475442043235,0.0,0.364197530864198,-0.8,0.2761307867173727,0.0,0.0,0.0,0.0,0.0,1.0,4.72
STU-12203,0.6897378790474546,0.5273450091329106,0.8157170923379176,-1.2048192771084336,0.10493827160493877,0.0,-0.24829080711296211,0.0,0.0,0.0,0.0,1.0,0.0,5.97
STU-13348,0.9988007538118888,0.4804985494788866,0.20589390962671916,0.021686746987951772,-0.493827160493827,-0.2,1.3249739743780404,0.0,0.0,0.0,0.0,0.0,1.0,4.82
STU-11028,0.9988007538118888,0.5273450091329106,1.5984282907662084,-0.4072289156626507,0.5679012345679016,11.4,0.20415135227007164,0.0,0.0,0.0,1.0,0.0,0.0,5.3
STU-14319,-1.2955285249271895,-2.558934135596863,-1.7304518664047155,1.1927710843373491,-0.987654320987654,0.2,-1.492506745416304,0.0,1.0,0.0,0.0,0.0,0.0,1.0
STU-10919,-1.0467706013363032,-1.4281723433974431,-1.0294695481335954,0.03614457831325288,-0.09876543209876497,-0.8,-0.46422911045486437,0.0,0.0,0.0,0.0,1.0,0.0,3.11
STU-12046,0.3265376049340405,-0.041689051251745955,0.6066797642436149,-0.4120481927710843,-0.6234567901234567,-1.0,-0.08376638551913165,0.0,0.0,1.0,0.0,0.0,0.0,4.14
STU-10454,-0.14425218434127243,0.5273450091329106,0.27662082514734776,0.7036144578313253,-0.05555555555555546,-0.4,0.5434829718073467,0.0,0.0,0.0,0.0,1.0,0.0,4.37
STU-12198,0.2052424190508816,-0.5759106049210275,-0.40078585461689575,0.6602409638554216,-1.450617283950617,1.2,-1.2045890076271004,1.0,0.0,0.0,0.0,0.0,1.0,3.49
STU-10587,-0.39986294329278793,-1.2266036316750837,11.817048239293689,-0.8385542168674699,1.0185185185185186,0.6,-0.834409059040982,0.0,0.0,0.0,0.0,0.0,1.0,1.71
STU-12804,0.13876991605276623,0.5273450091329106,1.144204322200393,-1.0265060240963855,-0.19753086419753046,-0.6,0.34811022116467283,0.0,0.0,0.0,0.0,1.0,0.0,4.73
STU-12848,0.45811204385814547,0.4272053293220156,0.9068762278978393,-0.074698795180723,0.6111111111111112,0.4,1.3249739743780404,0.0,0.0,0.0,0.0,1.0,0.0,5.43
STU-14535,0.855576494774712,-0.5251960889652949,-0.2593320235756386,-0.4915662650602409,-0.40740740740740694,0.2,-0.47451188680447853,0.0,0.0,0.0,1.0,0.0,0.0,3.99
STU-10693,-0.8288504368682551,0.0,-1.6298624754420434,-0.636144578313253,-0.34567901234567877,0.8,-0.052918056470288216,0.0,0.0,0.0,0.0,0.0,1.0,3.48
STU-10561,-0.20524241905088259,0.0,-1.4223968565815328,-0.1253012048192772,0.030864197530864633,0.0,-2.1197561027427816,0.0,0.0,0.0,0.0,0.0,1.0,2.33
STU-14691,-1.3894123693678262,0.10486730417964964,-0.37092337917485263,-0.07228915662650598,1.123456790123457,0.6,1.2632773162803546,0.0,0.0,1.0,0.0,0.0,0.0,5.12
STU-12522,0.10793215692992897,0.5273450091329106,1.4003929273084486,-1.1469879518072288,0.8271604938271604,1.8,-0.1454630436168176,0.0,0.0,0.0,0.0,1.0,0.0,5.0
STU-10716,0.10176460510536132,-0.6653056838938436,-1.163064833005894,-0.22650602409638562,1.1790123456790123,-0.2,-0.4025324523571775,0.0,0.0,0.0,0.0,0.0,1.0,3.03
STU-11991,-0.8699674490320375,-0.7250456645535621,-0.49980353634577607,-0.9108433734939759,0.7777777777777776,0.6,-1.379396205570545,0.0,0.0,0.0,1.0,0.0,0.0,3.42
STU-11089,0.47318828165153237,0.5273450091329106,0.7229862475442044,-0.7759036144578313,-0.987654320987654,1.6,0.2658480103677576,0.0,0.0,0.0,1.0,0.0,0.0,4.69
STU-11302,-1.3537776254925482,-2.1330181583754166,-1.5905697445972498,-0.38554216867469887,-0.44444444444444425,1.2,-0.4025324523571775,0.0,0.0,0.0,0.0,1.0,0.0,1.96
STU-14664,-0.10656158985780413,-0.5492639948425917,-1.5497053045186642,-0.09879518072289159,-0.2592592592592592,0.0,0.4303724319615881,0.0,0.0,0.0,0.0,1.0,0.0,3.77
STU-13718,0.6691793729655635,0.5273450091329106,-0.23732809430255403,-0.1373493975903615,-0.14197530864197502,-0.2,-0.5773396503006221,1.0,0.0,0.0,0.0,0.0,1.0,4.09
STU-14512,0.9734452629775558,0.5273450091329106,1.3060903732809432,0.5493975903614455,0.0802469135802474,-0.4,-0.6287535320486948,0.0,0.0,0.0,0.0,1.0,0.0,3.84
STU-12369,0.04008908685968776,-0.16589663693993767,0.16345776031434203,-0.04578313253012057,0.5987654320987658,1.0,-0.9166712698378972,1.0,0.0,0.0,1.0,0.0,0.0,4.1
STU-14701,-0.6451944492033582,0.19684108735360475,0.0,0.3349397590361445,-0.22839506172839458,-0.6,-0.5259257685525504,0.0,0.0,0.0,1.0,0.0,0.0,3.57
STU-12163,0.2360801781737189,0.09584183947566305,-0.23104125736738718,1.775903614457831,-0.604938271604938,-0.6,0.10132358877392715,1.0,1.0,0.0,0.0,0.0,0.0,4.87
STU-12226,-0.5657015590200452,0.49468142258515063,0.20117878192534375,0.3542168674698794,0.40123456790123474,1.0,0.4509379846608173,0.0,0.0,0.0,1.0,0.0,0.0,4.52
STU-10902,0.24978584889497904,-0.6261953368432366,0.13045186640471515,0.8289156626506022,-0.493827160493827,0.6,0.060192483375469535,0.0,0.0,1.0,0.0,0.0,0.0,4.43
STU-14142,0.5286962480726393,-1.0847749006124423,-1.3469548133595288,0.1662650602409637,0.12962962962963015,-0.8,-1.5130722981155322,0.0,1.0,0.0,0.0,0.0,0.0,2.3
STU-12184,0.4026040774370386,0.4800687654453638,0.3489194499017683,-0.40481927710843385,0.46913580246913617,-0.6,0.8725318149950068,1.0,0.0,0.0,0.0,1.0,0.0,5.03
STU-12982,-0.44714750728113795,0.5273450091329106,1.0483300589390965,-0.7614457831325301,0.17283950617283964,-0.4,0.2761307867173727,0.0,1.0,0.0,0.0,0.0,0.0,5.63
STU-12947,0.9988007538118888,0.5273450091329106,1.2856581532416507,0.0,-0.5370370370370365,-0.2,1.0576217892880664,0.0,0.0,0.0,0.0,1.0,0.0,6.09
STU-12650,0.793215692992975,0.5273450091329106,-0.3316306483300589,-0.6819277108433734,-0.20987654320987645,1.0,0.6463107353034903,0.0,1.0,0.0,0.0,0.0,0.0,5.31
STU-10579,0.39849237622066014,-0.0924035672074785,-0.23889980353634574,1.0337349397590359,-0.9135802469135799,0.0,-0.5259257685525504,0.0,0.0,0.0,0.0,0.0,1.0,4.04
STU-10207,-0.05722117526126489,0.5273450091329106,0.4888015717092338,-0.8554216867469879,0.14197530864197555,0.4,-0.4025324523571775,0.0,0.0,0.0,1.0,0.0,0.0,4.98
STU-12732,-0.02295699845811259,-0.6579993553239498,0.6569744597249513,0.15421686746987942,1.2592592592592597,1.4,-0.6801674137967666,0.0,0.0,1.0,0.0,0.0,0.0,3.41
STU-14170,-0.3758780195305817,-0.640807993983024,-1.0829076620825149,-0.37108433734939755,1.4444444444444442,1.2,0.2658480103677576,0.0,0.0,0.0,0.0,0.0,1.0,4.32
STU-11530,0.1792016446804862,-1.3542494896314605,0.0,-0.35662650602409646,-0.05555555555555546,2.2,-0.2071597017145045,0.0,0.0,0.0,0.0,0.0,1.0,3.96
STU-13984,0.0,-0.20285806382292895,0.047151277013752574,-0.05542168674698805,0.6728395061728394,-0.8,0.0807580360746988,0.0,1.0,0.0,0.0,0.0,0.0,4.23
STU-12614,0.14767860202158553,0.5273450091329106,0.6271119842829078,0.5783132530120483,-0.5802469135802466,-1.0,0.8828145913446218,1.0,0.0,0.0,1.0,0.0,0.0,5.32
STU-11284,0.79664211067329,0.28021918985709665,0.21060903732809433,2.954216867469879,-1.5679012345679006,-0.4,0.5743313008561892,0.0,1.0,0.0,0.0,0.0,0.0,4.35
STU-10481,-1.0776083604591404,-1.2829053400666166,-1.2966601178781927,0.5084337349397589,-0.43827160493827155,1.0,-0.8138435063417536,1.0,0.0,0.0,0.0,1.0,0.0,2.57
STU-10985,-1.3777625492547554,-0.8655850435156335,-0.4620825147347741,1.2,-1.1543209876543203,2.4,1.3249739743780404,1.0,0.0,0.0,0.0,0.0,1.0,3.39
STU-14077,-0.07092684598252601,-0.24368754700762876,-0.5045186640471512,-0.8385542168674699,0.209876543209877,-0.4,-0.9680851515859699,1.0,0.0,0.0,0.0,0.0,1.0,3.41
STU-13108,0.21003940380332248,-1.0207370796174926,-0.6365422396856583,0.7638554216867469,1.320987654320988,0.4,0.5126346427585032,0.0,0.0,0.0,0.0,0.0,1.0,3.49
STU-10599,-0.25800925132773783,-0.7675942838723542,-0.5563850687622789,0.4385542168674697,-1.1913580246913578,1.2,-0.5979052029998514,1.0,1.0,0.0,0.0,0.0,0.0,3.63
STU-13774,-0.31899948603734896,-0.13065434619103927,0.8282907662082518,-0.5132530120481928,0.2283950617283951,1.2,1.3249739743780404,0.0,0.0,0.0,0.0,0.0,1.0,4.8
STU-11668,0.501284906630117,0.001289352100569513,0.41493123772102175,1.3108433734939757,0.4382716049382721,1.4,1.3249739743780404,1.0,0.0,0.0,0.0,0.0,1.0,5.01
STU-11427,-0.5122494432071275,0.48221768561297945,0.40078585461689603,-0.619277108433735,-0.27777777777777735,1.6,0.0,0.0,0.0,0.0,0.0,0.0,1.0,4.32
STU-12883,-0.39986294329278793,-0.558719243580101,-0.337917485265226,-0.10361445783132543,0.8827160493827159,-1.0,-0.7212985191952243,0.0,1.0,0.0,0.0,0.0,0.0,3.92
STU-13687,0.0,0.4095841839475664,0.41335952848723007,-0.32771084337349404,-0.604938271604938,-1.0,-0.7521468482440667,0.0,0.0,0.0,1.0,0.0,0.0,3.54
STU-12456,-0.5465136200102798,0.114322552917159,1.1253438113948924,-0.6072289156626506,0.43209876543209885,-0.8,-0.4436635577556351,1.0,0.0,1.0,0.0,0.0,0.0,4.63
STU-12915,-0.8912112386499921,0.11303320081658948,0.10373280943025544,0.8265060240963854,0.4444444444444448,0.2,0.564048524506575,0.0,1.0,0.0,0.0,0.0,0.0,4.5
STU-13126,-0.16549597395922605,-0.06618674116256608,-0.8455795677799608,-0.44337349397590364,-0.2901234567901233,-0.6,0.4303724319615881,1.0,0.0,0.0,1.0,0.0,0.0,4.78
STU-11963,-0.036662669179373705,0.3580100999247878,-0.6459724950884087,1.1662650602409637,0.5308641975308643,-0.2,0.4303724319615881,1.0,0.0,1.0,0.0,0.0,0.0,4.74
STU-14568,-0.24910056535891759,0.5273450091329106,1.343811394891945,0.28915662650602414,2.1419753086419755,0.2,-0.5259257685525504,1.0,0.0,1.0,0.0,0.0,0.0,4.29
STU-11986,-0.9206784307007034,-0.3356613301815839,-0.3457760314341846,-0.40963855421686746,-2.3888888888888884,0.0,-1.0092162569844265,0.0,0.0,0.0,0.0,0.0,1.0,2.61
STU-14018,0.6534178516361132,0.5273450091329106,0.7512770137524558,-0.3734939759036144,-1.1049382716049376,1.4,0.6771590643523338,0.0,0.0,0.0,0.0,0.0,1.0,5.63
STU-10364,0.0435155045400028,-0.10615665628021916,-0.028290766208251432,0.34698795180722874,-0.14814814814814772,0.0,-0.3614013469587199,0.0,0.0,0.0,1.0,0.0,0.0,4.42
STU-12571,0.12849066301182016,0.5273450091329106,-0.45893909626719065,-0.5903614457831325,0.23456790123456836,0.0,0.37895855021351627,0.0,0.0,0.0,0.0,1.0,0.0,5.45
STU-11129,-0.3566900805208163,-0.5436768024067908,-0.11316306483300602,0.8843373493975902,0.4629629629629629,0.6,0.15273747052199985,0.0,1.0,0.0,0.0,0.0,0.0,3.62
STU-10281,-0.730854891211239,-0.20242827978940617,-0.47151277013752463,-0.7566265060240963,-0.09259259259259225,-0.2,-0.9886507042851983,0.0,0.0,0.0,0.0,1.0,0.0,2.58
STU-10609,0.366284050025697,0.0,-0.004715127701375146,0.3132530120481927,0.049382716049382755,0.4,0.5948968535554185,1.0,0.0,1.0,0.0,0.0,0.0,4.6
STU-12031,-0.7281137570669873,-0.4009885032771032,-0.6868369351669943,-0.3590361445783133,0.41358024691358075,0.8,-0.09404916186874583,1.0,0.0,0.0,0.0,0.0,1.0,3.72
STU-14976,0.865855747815658,0.4070054797464274,1.2872298624754421,1.3662650602409636,0.46913580246913617,0.0,0.5846140772058044,1.0,0.0,1.0,0.0,0.0,0.0,5.34
STU-14849,0.9988007538118888,0.058020844525625635,0.3332023575638509,-0.41927710843373495,0.41975308641975345,-0.8,0.5126346427585032,0.0,0.0,0.0,0.0,1.0,0.0,5.29
STU-13935,-0.09833818742504824,0.5273450091329106,1.7493123772102166,1.0409638554216867,0.23456790123456836,0.8,0.23499968131891508,0.0,0.0,1.0,0.0,0.0,0.0,5.1
STU-14656,0.4423505225286951,0.11131406468249659,-0.3269155206286838,0.11807228915662654,-0.7777777777777776,0.2,0.2555652340181434,0.0,0.0,0.0,0.0,0.0,1.0,3.97
STU-11115,-0.13054651362001132,-0.7035564628774044,-0.4793713163064832,-1.069879518072289,0.024691358024691377,0.4,-1.6159000616116765,0.0,0.0,0.0,1.0,0.0,0.0,2.79
STU-10102,-0.44851807435326474,0.44267755452884916,0.3850687622789786,0.07228915662650598,1.055555555555556,0.4,0.49206909005927496,1.0,0.0,0.0,0.0,1.0,0.0,5.22
STU-14355,0.35531951344868856,0.5273450091329106,0.8675834970530455,0.8771084337349399,-1.2283950617283945,0.6,0.6360279589538761,0.0,0.0,0.0,0.0,0.0,1.0,5.35
STU-12150,-0.1744046599280463,-0.2428279789405826,0.3174852652259332,-0.8650602409638555,-0.1728395061728391,-0.4,0.7902696041980924,0.0,0.0,0.0,0.0,1.0,0.0,4.26
STU-14644,0.4492033578893262,0.5273450091329106,0.6459724950884089,-0.45783132530120485,-0.22839506172839458,-0.2,0.16302024687161404,0.0,0.0,0.0,0.0,0.0,1.0,4.63
STU-11982,0.18811033064930546,0.5273450091329106,0.6271119842829078,-0.18313253012048186,-0.6234567901234567,0.2,0.4098068792623597,0.0,0.0,0.0,0.0,1.0,0.0,4.38
STU-10935,0.7219462052424178,-0.7246158805200387,0.2719056974459726,-0.5686746987951807,0.01851851851851867,0.6,-0.3819668996579491,1.0,0.0,0.0,0.0,0.0,1.0,4.26
STU-14807,-0.3436696933356186,-0.822606640163318,-0.39921414538310407,-0.4506024096385542,-0.02469135802469083,-0.2,-0.23800803076334703,1.0,1.0,0.0,0.0,0.0,0.0,5.03
STU-11114,-0.9357546684940904,0.11647147308477464,0.6852652259332027,0.13253012048192767,0.814814814814815,-0.6,-0.5670568739510079,0.0,0.0,0.0,0.0,0.0,1.0,3.48
STU-12893,-0.060647592941579925,0.05888041259267177,-0.5658153241650296,-0.7807228915662651,0.5802469135802472,-0.6,-0.08376638551913165,1.0,0.0,0.0,0.0,1.0,0.0,3.77
STU-13397,0.23059790988521464,-1.5884817879015796,-1.6471512770137529,-0.4385542168674699,-1.3641975308641974,0.2,-0.978367927935584,1.0,0.0,1.0,0.0,0.0,0.0,2.73
STU-13742,0.8946376563303061,0.49425163855162785,0.27819253438113944,-0.1349397590361447,0.5987654320987658,-0.4,0.6565935116531045,1.0,0.0,0.0,0.0,0.0,1.0,5.05
STU-10840,-1.107075552509852,-1.1660040829483187,-0.8330058939096269,-0.29397590361445797,-0.3024691358024687,1.0,-0.8961057171386688,0.0,1.0,0.0,0.0,0.0,0.0,3.29
STU-10367,-0.6527325681000518,-0.7014075427097887,-1.3343811394891947,-1.180722891566265,0.06172839506172872,-0.4,-0.7521468482440667,0.0,0.0,0.0,0.0,0.0,1.0,2.98
STU-14651,0.1360287819085136,-0.03996991511765367,1.0593320235756387,0.125301204819277,0.33950617283950657,-1.0,-0.7829951772929102,1.0,0.0,0.0,1.0,0.0,0.0,5.08
STU-10229,0.10930272400205479,0.05071451595573193,1.1222003929273086,0.7060240963855421,0.364197530864198,0.8,-0.15574581996643272,0.0,0.0,1.0,0.0,0.0,0.0,4.14
STU-11641,0.5999657358231965,0.06618674116256547,1.0231827111984284,0.0,-0.4135802469135802,1.0,0.28641356306698684,0.0,0.0,0.0,0.0,1.0,0.0,4.92
STU-14956,-1.1379133116326892,0.1624583646717525,-0.44950884086444004,-0.6313253012048192,-0.38271604938271553,-0.4,0.18358579957084237,1.0,0.0,0.0,1.0,0.0,0.0,3.41
STU-11290,0.9988007538118888,0.26431718061673976,0.7717092337917489,0.0,0.0,-0.8,0.7902696041980924,0.0,0.0,1.0,0.0,0.0,0.0,4.99
STU-13155,0.9700188452972408,0.018480713441495333,0.9776031434184679,0.7132530120481925,0.4382716049382721,0.2,1.3249739743780404,1.0,0.0,1.0,0.0,0.0,0.0,5.6
STU-10016,0.6033921535035115,0.5273450091329106,0.3300589390962672,0.0,0.5925925925925931,0.8,0.965076802141537,1.0,1.0,0.0,0.0,0.0,0.0,5.4
STU-14060,-0.5334932328250821,0.29354249489631457,0.014145383104125716,-0.32771084337349404,-0.9691358024691353,0.4,1.3249739743780404,0.0,1.0,0.0,0.0,0.0,0.0,5.15
STU-13344,0.7137228028096619,0.5273450091329106,0.9807465618860512,-0.8,0.06172839506172872,-0.2,-0.0015041747222164304,0.0,0.0,0.0,1.0,0.0,0.0,5.57
STU-12903,0.7980126777454158,0.5273450091329106,0.993320235756385,0.1373493975903613,0.38888888888888934,0.2,1.3249739743780404,0.0,0.0,0.0,0.0,1.0,0.0,5.7
STU-11393,-0.6191536748329628,0.3244869453099816,0.46051080550098233,1.214457831325301,0.16666666666666693,-0.8,0.13217191782277057,1.0,0.0,0.0,0.0,1.0,0.0,4.27
STU-12849,-0.08942950145622798,0.5273450091329106,0.5375245579567781,2.1710843373493973,0.2530864197530865,-0.2,-0.2585735834625763,0.0,0.0,0.0,0.0,0.0,1.0,3.88
STU-10387,-0.3957512420764095,0.3691844847963894,0.9854616895874267,1.1204819277108433,-0.38271604938271553,0.0,0.2658480103677576,0.0,0.0,0.0,1.0,0.0,0.0,5.2
STU-13361,0.9707041288333041,-0.0906844310733856,-0.05186640471512772,1.1566265060240961,0.25925925925925974,1.4,-0.37168412330833495,0.0,1.0,0.0,0.0,0.0,0.0,4.86
STU-13209,-1.2934726743190004,-0.028365746212528672,-0.37092337917485263,0.0,-0.23456790123456783,0.2,0.0,0.0,0.0,0.0,1.0,0.0,0.0,3.45
STU-13895,-0.3148877848209706,-0.7882239174814658,-0.23732809430255403,-0.6216867469879518,0.3703703703703707,0.6,0.16302024687161404,1.0,0.0,0.0,0.0,1.0,0.0,3.71
STU-10279,0.9988007538118888,0.45857956376920606,0.09430255402750487,-0.18072289156626503,-1.0432098765432094,0.8,-0.08376638551913165,1.0,0.0,0.0,0.0,1.0,0.0,4.99
STU-13595,0.0,-0.10873536048135818,0.30333988212180746,-0.44337349397590364,-0.5370370370370365,0.0,-0.1454630436168176,0.0,0.0,0.0,0.0,0.0,1.0,3.45
STU-10372,-0.3642281994175098,-0.8230364241968414,-1.331237721021611,-0.9036144578313252,-0.24074074074074053,1.4,-0.15574581996643272,0.0,0.0,0.0,0.0,1.0,0.0,1.61
STU-13851,0.6911084461195814,-0.24411733104115213,-0.6176817288801573,-0.4891566265060241,0.6913580246913585,0.6,-0.6493190847479232,0.0,0.0,1.0,0.0,0.0,0.0,3.87
STU-13641,-1.690251841699504,-1.011281830879983,0.1241650294695483,0.5469879518072288,-0.5555555555555551,-0.2,-0.9989334806348125,0.0,0.0,0.0,0.0,0.0,1.0,3.05
STU-10477,0.0,0.5273450091329106,1.6408644400785857,-0.38554216867469887,-0.8086419753086417,-0.2,0.0,0.0,0.0,1.0,0.0,0.0,0.0,4.9
STU-11865,0.9988007538118888,0.4912431503169654,1.471119842829077,-0.30843373493975906,1.3518518518518525,-0.2,1.2838428689795829,0.0,0.0,1.0,0.0,0.0,0.0,6.35
STU-10621,-0.9830392324824404,-0.10873536048135818,-0.7827111984282908,1.1108433734939758,-0.5185185185185184,0.6,-0.49507743950370686,0.0,0.0,0.0,1.0,0.0,0.0,2.47
STU-14890,-0.20113071783450515,-0.2123133125604383,0.41021611001964636,-0.8096385542168675,-0.31481481481481466,-0.2,0.37895855021351627,0.0,1.0,0.0,0.0,0.0,0.0,4.5
STU-11029,0.0,-0.19727087138712812,0.24047151277013745,0.3493975903614458,-1.0493827160493823,1.2,0.44065520831120225,0.0,0.0,0.0,0.0,0.0,1.0,5.41
STU-13624,0.9988007538118888,0.5273450091329106,0.669548133595285,-0.4457831325301205,-1.1172839506172836,-0.4,1.222146210881897,1.0,0.0,0.0,1.0,0.0,0.0,4.82
STU-14300,0.8788761350008557,0.34339744278500034,0.2530451866404715,-0.3373493975903615,1.3580246913580252,-0.4,0.8108351568973208,1.0,0.0,0.0,1.0,0.0,0.0,5.2
STU-13413,-1.7204043172862777,-1.2240249274739445,-1.5607072691552064,0.22168674698795177,0.8703703703703703,1.0,-1.6775967197093626,0.0,0.0,0.0,1.0,0.0,0.0,1.84
STU-11874,0.047627205756381234,-0.14225851509616427,0.6035363457760315,-0.7903614457831325,1.3024691358024698,0.2,0.44065520831120225,0.0,0.0,0.0,1.0,0.0,0.0,3.55
STU-13628,-0.9583690251841708,0.0,-0.5516699410609038,-1.0457831325301203,-0.9629629629629627,-0.6,-0.21744247806411868,0.0,0.0,0.0,0.0,0.0,1.0,3.72
STU-12155,0.9617954428644839,0.5273450091329106,0.6491159135559924,0.0,0.0,-0.8,0.4612207610104315,1.0,0.0,0.0,0.0,0.0,1.0,5.52
STU-11001,0.06818571183827242,-0.20457719995702184,-0.22789783889980347,0.325301204819277,1.0061728395061733,-0.2,-0.1146147145679751,1.0,0.0,1.0,0.0,0.0,0.0,5.29
STU-13123,-1.00770943978071,-0.5539916192113463,-0.06601178781925343,0.19759036144578296,-1.265432098765432,0.8,0.23499968131891508,0.0,0.0,0.0,0.0,0.0,1.0,3.61
STU-13081,-0.5711838273085494,-1.1006769098527993,-0.5579567779960707,0.3638554216867469,-0.493827160493827,-0.2,-1.4719411927170745,0.0,0.0,0.0,0.0,0.0,1.0,2.9
STU-12382,-1.0611615555936278,-0.5591490276136244,-0.43693516699410606,-1.106024096385542,0.43209876543209885,0.4,-0.7829951772929102,0.0,0.0,0.0,0.0,0.0,1.0,3.34
STU-10595,-0.698646565016276,0.5273450091329106,1.1253438113948924,0.2963855421686746,0.07407407407407414,-0.2,-0.02206972742144478,1.0,1.0,0.0,0.0,0.0,0.0,5.28
STU-13243,-0.24430358060647672,-0.8630063393144944,-1.3296660117878196,-0.12048192771084336,-0.987654320987654,0.6,-0.7932779536425244,0.0,0.0,0.0,0.0,1.0,0.0,3.43
STU-12573,0.27514133972931204,-0.22606640163317956,-0.3049115913555992,1.925301204819277,-0.11111111111111092,0.0,-0.0015041747222164304,0.0,0.0,0.0,0.0,0.0,1.0,4.34
STU-10100,-0.3313345896864833,-0.29053400666165274,-0.7088408644400787,-0.40481927710843385,1.8395061728395063,-0.6,-1.369113429220931,0.0,0.0,0.0,0.0,1.0,0.0,3.17
STU-13288,0.8720232996402257,0.23337273020307264,0.10530451866404716,-0.4,0.18518518518518562,-1.0,-0.0015041747222164304,0.0,0.0,0.0,0.0,1.0,0.0,4.63
STU-14269,0.6726057906458786,0.5273450091329106,0.7355599214145386,-0.2915662650602409,-0.03703703703703679,2.8,1.222146210881897,1.0,0.0,0.0,1.0,0.0,0.0,5.18
STU-13338,0.18536919650505287,0.13194369829160818,-0.3174852652259332,-0.7566265060240963,-0.759259259259259,0.2,0.15273747052199985,0.0,0.0,0.0,0.0,1.0,0.0,4.18
STU-12648,-0.011307178345040688,-0.322338025142366,0.21060903732809433,0.04578313253012036,0.9506172839506178,0.4,0.9959251311903796,1.0,0.0,0.0,1.0,0.0,0.0,4.92
STU-12539,0.1223231111872525,-0.42978403352315464,-0.19960707269155203,-1.1132530120481927,-0.6851851851851848,1.0,0.6154624062546469,0.0,0.0,0.0,1.0,0.0,0.0,4.64
STU-13922,0.6314887784820962,0.5273450091329106,0.6884086444007861,0.14457831325301196,-0.7716049382716049,1.4,1.3249739743780404,0.0,0.0,0.0,0.0,1.0,0.0,5.76
STU-11019,0.0,0.4108735360481359,1.1127701375245582,-0.09156626506024093,0.13580246913580285,-0.8,0.4303724319615881,1.0,0.0,0.0,0.0,0.0,1.0,4.79
STU-14454,-0.42658900119924675,0.18867519071666491,0.03614931237721029,-0.6819277108433734,-0.33333333333333276,-1.0,0.20415135227007164,1.0,0.0,0.0,1.0,0.0,0.0,4.19
STU-12473,0.36559876648963463,-0.1332330503921783,-0.3096267190569746,0.0,-0.20987654320987645,1.0,-0.32027024156026224,0.0,0.0,0.0,1.0,0.0,0.0,3.88
STU-10799,-0.3560047969847529,0.5273450091329106,0.620825147347741,0.32289156626506016,-0.14814814814814772,0.0,-0.5464913212517796,0.0,1.0,0.0,0.0,0.0,0.0,4.25
STU-10602,-0.7760836045914008,0.5273450091329106,-0.22946954813359519,1.1180722891566266,0.7283950617283949,0.2,-0.8446918353905971,0.0,0.0,0.0,0.0,0.0,1.0,3.27
STU-12414,0.26623265376049277,0.5273450091329106,0.0,-0.30602409638554223,0.06790123456790143,-0.2,-0.6801674137967666,0.0,0.0,0.0,0.0,1.0,0.0,4.2
STU-13853,0.17371937639198096,0.16675620500698382,0.6585461689587426,-0.2819277108433735,0.5432098765432103,0.2,-1.0503473623828843,0.0,0.0,0.0,0.0,1.0,0.0,3.4
STU-14534,-0.31077608360459213,-0.9549801224884495,-0.5218074656188606,2.0240963855421685,1.6049382716049378,-0.8,0.0,0.0,0.0,1.0,0.0,0.0,0.0,2.36
STU-12762,0.28953229398663655,0.0,-0.2860510805500983,-1.1542168674698794,-0.9938271604938267,0.8,-0.12489749091758927,0.0,0.0,0.0,0.0,0.0,1.0,4.15
STU-12964,0.25321226657529505,0.05845062855914901,-0.9980353634577604,1.0939759036144576,0.0061728395061732555,-0.6,0.3069791157662152,0.0,0.0,0.0,0.0,0.0,1.0,4.07
STU-11084,0.17303409285591853,-0.42505640915439996,-0.7795677799607074,0.24578313253012035,-0.38271604938271553,0.8,-0.39224967600756333,0.0,0.0,0.0,0.0,1.0,0.0,3.5
STU-11742,0.04899777282850705,-0.14741592349844235,-0.19960707269155203,1.250602409638554,0.09259259259259281,0.6,-1.2662856657247865,0.0,1.0,0.0,0.0,0.0,0.0,3.59
STU-14387,0.290217577522699,0.5273450091329106,0.9288801571709239,1.1421686746987951,-0.2716049382716046,0.4,-0.7007329664959949,0.0,0.0,0.0,0.0,0.0,1.0,4.5
STU-10440,0.6636971046770592,-0.30342752766734726,-0.02200392927308457,-0.9734939759036144,-0.07407407407407358,0.4,-0.21744247806411868,0.0,0.0,0.0,0.0,0.0,1.0,4.73
STU-13638,0.9988007538118888,0.4246266251208766,0.11159135559921429,-0.05542168674698805,-1.358024691358024,0.0,1.2735600926299686,0.0,0.0,0.0,0.0,0.0,1.0,5.69
STU-13464,0.9988007538118888,-0.23895992263887408,-0.10216110019646372,-0.8481927710843373,-1.9691358024691354,0.8,0.13217191782277057,0.0,0.0,0.0,0.0,1.0,0.0,3.73
STU-10769,-1.2482439609388396,-0.7710325561405393,-0.9210216110019647,-0.5518072289156626,0.0,-0.8,-0.8138435063417536,0.0,0.0,0.0,0.0,0.0,1.0,3.05
STU-14196,-0.053794757580949856,0.5273450091329106,-0.056581532416502864,0.27951807228915665,-0.2716049382716046,0.2,1.16044955278421,1.0,0.0,0.0,0.0,1.0,0.0,4.61
STU-11584,0.07161212951858745,0.5273450091329106,0.3111984282907663,0.08915662650602411,-0.9999999999999994,1.0,1.222146210881897,1.0,0.0,0.0,1.0,0.0,0.0,4.74
STU-13795,-0.32448175432585324,-0.049854947888686406,5.737225001863483,-0.5879518072289157,0.5432098765432103,-0.6,-0.0015041747222164304,1.0,1.0,0.0,0.0,0.0,0.0,4.31
STU-13898,0.0,0.06489738906199596,-0.0848722986247543,0.34698795180722874,0.9074074074074078,-0.4,-0.24829080711296211,0.0,0.0,0.0,1.0,0.0,0.0,3.77
STU-13120,0.5677574096282324,0.39583109487482515,0.17760314341846772,1.2915662650602406,-0.6604938271604934,-0.8,0.3686757738639021,1.0,0.0,0.0,0.0,0.0,1.0,4.41
STU-11792,0.9734452629775558,0.5273450091329106,1.3265225933202358,0.16867469879518074,-0.1358024691358023,-0.4,1.3249739743780404,0.0,0.0,0.0,0.0,1.0,0.0,5.07
STU-14043,-0.2045571355148202,0.2050069839905446,0.3222003929273086,-0.6891566265060242,0.0,0.0,0.5743313008561892,1.0,1.0,0.0,0.0,0.0,0.0,5.05
STU-11952,0.8781908514647924,0.32276780917588876,0.34420432220039293,-0.6144578313253012,2.4567901234567904,-0.2,1.2015806581826676,0.0,0.0,0.0,0.0,0.0,1.0,6.08
STU-10848,0.1696076751756035,-0.5084345116578919,0.18860510805501002,1.525301204819277,0.0,-0.2,-0.5876224266502372,0.0,0.0,0.0,0.0,0.0,1.0,3.94
STU-11609,-1.44629090286106,-1.661545073600516,-1.5025540275049116,-0.3975903614457832,0.40123456790123474,0.0,-2.191735537190082,0.0,0.0,0.0,1.0,0.0,0.0,1.74
STU-11254,-0.8329621380846335,-0.710862791447298,0.3174852652259332,-0.19518072289156638,-1.635802469135802,-1.0,0.8416834859461642,1.0,0.0,0.0,0.0,0.0,1.0,4.66
STU-12515,0.5609045742676023,-0.09541205544214028,0.6302554027504912,0.3156626506024095,0.9753086419753086,2.4,-0.052918056470288216,1.0,0.0,0.0,1.0,0.0,0.0,5.27
STU-14687,0.1565872879904048,0.027076394111958547,0.5406679764243615,-0.4746987951807229,-0.6913580246913575,1.6,-0.042635280120674045,0.0,0.0,0.0,0.0,0.0,1.0,4.61
STU-12789,-0.29158814459482674,-0.9158697754378426,-1.6408644400785857,-0.9060240963855422,0.38888888888888934,0.0,-0.6081879793494656,0.0,0.0,0.0,1.0,0.0,0.0,3.02
STU-11493,-1.5107075552509857,-1.194369829160847,-0.8785854616895875,0.0,-0.7222222222222221,-0.6,-1.6775967197093626,0.0,0.0,1.0,0.0,0.0,0.0,2.09
STU-14843,-1.5641596710639032,0.5273450091329106,1.1143418467583501,2.8530120481927703,-0.6913580246913575,0.0,0.8211179332469349,1.0,0.0,0.0,1.0,0.0,0.0,3.87
STU-14325,0.01610416309748057,0.5273450091329106,0.8314341846758353,2.240963855421686,-0.6728395061728394,-0.2,-0.26885635981219047,1.0,0.0,0.0,0.0,1.0,0.0,4.06
STU-13419,0.43207126948775004,0.5273450091329106,0.2593320235756386,-0.8843373493975903,-1.3827160493827155,0.0,0.5332001954577326,0.0,0.0,1.0,0.0,0.0,0.0,3.89
STU-10849,0.8192564673633704,0.5273450091329106,0.9823182711198433,1.7469879518072287,-0.24691358024691323,0.8,0.0,0.0,0.0,0.0,0.0,1.0,0.0,4.82
STU-14515,-1.0686996744903212,-0.5406683141721285,-0.2467583497053046,0.021686746987951772,-0.9259259259259258,-1.0,-0.7932779536425244,0.0,0.0,0.0,1.0,0.0,0.0,3.64
STU-13133,0.49306150419736117,0.5273450091329106,-0.6569744597249509,-0.6530120481927711,-1.0555555555555554,1.0,-0.8138435063417536,0.0,1.0,0.0,0.0,0.0,0.0,4.16
STU-10313,-0.7096111015932854,0.0,0.1823182711198429,0.04819277108433739,-0.45061728395061695,0.6,-0.9269540461875123,0.0,0.0,0.0,0.0,0.0,1.0,3.02
STU-11134,-0.28267945862600746,0.2986999032985926,0.0990176817288803,0.0,0.0,-1.0,-0.9166712698378972,0.0,0.0,0.0,1.0,0.0,0.0,2.9
STU-11425,-0.680143909542574,-0.3292145696787369,-0.43693516699410606,1.337349397590361,-0.5493827160493825,1.4,0.4098068792623597,0.0,1.0,0.0,0.0,0.0,0.0,4.16
STU-11610,0.9713894123693666,0.5273450091329106,1.3563850687622794,0.506024096385542,-0.018518518518518122,1.2,0.49206909005927496,0.0,0.0,0.0,1.0,0.0,0.0,5.29
STU-14604,-0.3991776597567255,-0.06575695712904271,0.37092337917485263,-1.0120481927710843,0.05555555555555601,0.0,0.2144341286196858,0.0,0.0,0.0,0.0,0.0,1.0,3.87
STU-11164,0.0,-0.791662189749651,-0.16345776031434173,-0.6265060240963856,-0.6543209876543207,-0.4,-0.8446918353905971,1.0,0.0,1.0,0.0,0.0,0.0,3.97
STU-12196,-1.4723316772314554,-0.4052863436123351,0.0015717092337917153,-0.19518072289156638,-0.6111111111111106,-1.0,-0.22772525441373284,1.0,1.0,0.0,0.0,0.0,0.0,3.12
STU-14244,-0.2867911598423859,0.24368754700762876,0.3866404715127703,0.9012048192771084,0.7098765432098767,0.0,-0.0632008328199024,0.0,0.0,0.0,0.0,0.0,1.0,4.67
STU-11778,0.12712009593969434,0.0,-0.30019646365422403,-0.13012048192771083,0.29629629629629656,-0.8,-0.07348360916951749,0.0,0.0,0.0,1.0,0.0,0.0,3.78
STU-10747,-0.29090286105876334,-0.2019984957558828,0.8235756385068764,-0.3012048192771084,0.0802469135802474,0.6,1.3249739743780404,1.0,0.0,0.0,0.0,1.0,0.0,5.07
STU-13188,0.7068699674490309,0.0,1.5166994106090377,-0.7566265060240963,0.3580246913580247,-1.0,0.5948968535554185,1.0,0.0,0.0,1.0,0.0,0.0,6.29
STU-14828,-0.9398663697104689,-0.6137315998710648,-1.7304518664047155,1.5662650602409638,0.6172839506172839,0.6,-0.772712400943296,0.0,0.0,0.0,0.0,1.0,0.0,3.28
STU-11428,0.0010279253040936342,0.0,-0.33634577603143434,1.8072289156626504,0.13580246913580285,-1.0,0.2247169049693,1.0,0.0,0.0,1.0,0.0,0.0,3.27
STU-11169,-0.9426075038547205,-1.5979370366390893,-1.419253438113949,0.07228915662650598,-0.20987654320987645,0.8,-0.7932779536425244,0.0,0.0,0.0,0.0,1.0,0.0,1.75
STU-12710,0.5005996230940546,-0.41989900075212255,-0.5721021611001966,2.6891566265060236,-0.2592592592592592,-0.6,0.0,0.0,1.0,0.0,0.0,0.0,0.0,3.75
STU-11653,-1.0940551653246542,-1.950359944128076,-1.524557956777996,1.775903614457831,-0.5493827160493825,0.8,-0.9475195988867406,0.0,0.0,0.0,1.0,0.0,0.0,2.19
STU-14900,-0.09285591913654398,0.37906951756742213,0.36149312377210235,-0.6650602409638554,0.2469135802469138,-0.4,0.3172618921158294,1.0,0.0,0.0,0.0,0.0,1.0,4.83
STU-14015,-0.8110330649306156,0.0644676050284732,-0.20746561886051088,-0.42891566265060244,0.09259259259259281,0.0,0.3275446684654445,0.0,0.0,0.0,1.0,0.0,0.0,3.85
STU-14343,-0.9830392324824404,-0.8462447620070914,-0.4762278978388998,-0.7253012048192771,-0.05555555555555546,-0.2,-1.029781809683656,1.0,0.0,0.0,1.0,0.0,0.0,2.95
STU-11885,-0.3758780195305817,0.5273450091329106,0.19017681728880173,-0.17590361445783143,0.29629629629629656,-1.0,-0.5156429922029362,0.0,0.0,0.0,0.0,0.0,1.0,3.96
STU-11140,0.4553709097138928,0.5273450091329106,0.7072691552062872,-0.08433734939759048,-0.6419753086419747,-0.6,1.1912978818330535,1.0,0.0,0.0,0.0,0.0,1.0,4.96
STU-12828,0.8363885557649466,0.5273450091329106,0.7245579567779964,0.13012048192771083,-0.40740740740740694,-0.4,1.16044955278421,1.0,0.0,0.0,0.0,1.0,0.0,5.64
STU-14940,0.3950659585403451,0.5273450091329106,0.37406679764243633,0.4626506024096385,0.17283950617283964,-0.6,-0.8446918353905971,0.0,1.0,0.0,0.0,0.0,0.0,4.37
STU-13552,0.33133458968648233,0.29096379069517553,-0.0031434184675834306,0.0,-0.05555555555555546,0.4,1.1810151054834392,0.0,0.0,0.0,0.0,0.0,1.0,5.8
STU-11989,0.4553709097138928,0.5273450091329106,1.0420432220039295,0.6072289156626505,0.0,-0.6,1.2632773162803546,1.0,0.0,0.0,0.0,0.0,1.0,5.53
STU-13892,0.8850436868254234,0.5273450091329106,1.7163064833005897,-0.40481927710843385,0.46913580246913617,-0.2,0.6360279589538761,0.0,1.0,0.0,0.0,0.0,0.0,6.74
STU-13531,-0.4121980469419232,-1.2240249274739445,-0.7497053045186641,0.43132530120481927,0.4506172839506175,0.4,-1.1634579022286429,0.0,0.0,0.0,1.0,0.0,0.0,2.28
STU-11472,0.9988007538118888,0.5273450091329106,0.028290766208251432,0.06024096385542168,0.41975308641975345,-0.6,-1.112044020480571,1.0,0.0,0.0,1.0,0.0,0.0,4.55
STU-13968,-0.6815144766146998,-0.5088642956914152,0.0,-0.13253012048192767,0.29629629629629656,1.2,-0.09404916186874583,0.0,0.0,0.0,0.0,0.0,1.0,3.59
STU-12928,0.21963337330820515,-0.87461050821962,-0.3724950884086443,0.30361445783132524,0.030864197530864633,1.6,0.6051796299050327,0.0,0.0,1.0,0.0,0.0,0.0,3.46
STU-10079,0.5019701901661804,0.1418287310626409,0.11473477406679773,1.4361445783132527,0.5555555555555557,-0.6,0.7697040514988631,1.0,0.0,0.0,1.0,0.0,0.0,3.86
STU-12890,-1.3489806407401073,0.0,-0.7292730844793713,1.6771084337349393,0.9567901234567905,0.4,-0.6390363083983089,0.0,0.0,1.0,0.0,0.0,0.0,2.76
STU-14834,0.7884187082405342,-0.28064897389062005,0.3049115913555992,1.2337349397590358,-0.6419753086419747,0.2,0.008778601627397745,0.0,0.0,1.0,0.0,0.0,0.0,4.75
STU-14767,0.0,0.5273450091329106,1.0373280943025542,-0.5325301204819277,-0.7962962962962957,0.0,-0.5979052029998514,0.0,0.0,0.0,0.0,1.0,0.0,4.5
STU-10761,0.9988007538118888,0.5273450091329106,0.33634577603143434,1.1493975903614455,-0.018518518518518122,-0.8,0.4303724319615881,0.0,1.0,0.0,0.0,0.0,0.0,4.81
STU-12846,0.39643652561247095,0.5273450091329106,-0.3567779960707269,1.2216867469879518,0.3827160493827161,0.0,-0.8549746117402113,0.0,0.0,0.0,0.0,0.0,1.0,4.61
STU-12601,0.0,-0.7379391855592566,0.0,-0.42891566265060244,-0.4197530864197529,-0.2,1.3249739743780404,0.0,0.0,1.0,0.0,0.0,0.0,3.99
STU-12213,0.2134658214836385,0.5273450091329106,0.29233791748526516,0.3132530120481927,0.5740740740740744,0.6,-1.1428923495294145,0.0,0.0,0.0,0.0,1.0,0.0,5.45
STU-13757,-0.025012849066301805,-0.05157408402277868,0.6475442043222004,-0.2987951807228916,-0.6234567901234567,1.2,0.24528245766852924,0.0,1.0,0.0,0.0,0.0,0.0,4.03
STU-12716,-0.7870481411684093,-0.8531213065434623,-1.1363457760314344,0.40481927710843363,-1.9259259259259256,1.0,-0.02206972742144478,0.0,1.0,0.0,0.0,0.0,0.0,3.46
STU-10073,0.5005996230940546,0.0,-1.0436149312377212,-0.05542168674698805,1.2160493827160497,-0.8,-0.28942191251141974,1.0,0.0,0.0,0.0,0.0,1.0,3.92
STU-11009,0.6054480041117007,0.21446223272805395,0.35049115913556006,-0.7228915662650601,-0.1728395061728391,0.2,-0.09404916186874583,1.0,1.0,0.0,0.0,0.0,0.0,5.26
STU-10077,-0.6472502998115475,-1.3168582787149459,-1.5669941060903734,0.17108433734939757,0.012345679012345963,-0.2,-0.4847946631540927,0.0,0.0,0.0,0.0,0.0,1.0,2.85
STU-10667,0.0,0.07263350166541303,1.6141453831041261,-0.4602409638554217,0.351851851851852,-1.0,0.8108351568973208,0.0,1.0,0.0,0.0,0.0,0.0,4.57
STU-11121,-0.7322254582833658,-1.0993875577522298,0.5909626719056975,0.9325301204819274,1.580246913580247,0.0,0.039626930676241186,1.0,1.0,0.0,0.0,0.0,0.0,4.11
STU-12558,-0.6554737022443043,0.13796067476093238,0.0,0.026506024096385403,1.0802469135802468,0.6,0.4612207610104315,0.0,0.0,0.0,0.0,1.0,0.0,4.02
STU-10729,-1.0974815830049693,-0.4964005587192435,-1.6943025540275052,0.4650602409638553,-1.0370370370370368,-0.4,-0.28942191251141974,1.0,0.0,0.0,0.0,0.0,1.0,3.2
STU-14197,0.1003940380332355,-0.29955947136563876,-0.11944990176817287,-0.272289156626506,0.6296296296296293,-1.0,0.9033801440438501,0.0,0.0,1.0,0.0,0.0,0.0,3.74
STU-11410,0.720575638170292,-0.7890834855485119,-0.40707269155206294,0.0,0.2530864197530865,-0.2,0.7285729461004056,0.0,0.0,0.0,0.0,1.0,0.0,3.53
STU-10676,0.5204728456398824,-0.7134414956484371,-0.7874263261296661,-1.069879518072289,1.6358024691358026,-1.0,0.5537657481569609,1.0,0.0,0.0,0.0,0.0,1.0,4.85
STU-12584,0.6753469247901311,0.08423767057053805,0.9823182711198433,-0.9108433734939759,-0.27777777777777735,0.4,1.294125645329197,0.0,0.0,0.0,1.0,0.0,0.0,4.96
STU-11633,0.0,0.5273450091329106,1.0121807465618862,0.3012048192771084,-0.5432098765432097,-0.2,1.1296012237353665,0.0,0.0,1.0,0.0,0.0,0.0,4.59
STU-14466,0.28884701045057315,0.5273450091329106,0.6333988212180747,1.3855421686746987,-0.5432098765432097,0.2,0.0,0.0,0.0,0.0,0.0,0.0,1.0,4.35
STU-14918,0.06955627891039824,0.5273450091329106,1.1017681728880158,-0.007228915662650662,-0.5740740740740738,-1.0,0.6051796299050327,0.0,0.0,0.0,0.0,0.0,1.0,5.41
STU-13294,0.8637998972074689,0.5273450091329106,0.7025540275049118,2.1012048192771084,0.5185185185185189,0.2,0.38924132656313043,0.0,0.0,0.0,0.0,0.0,1.0,5.78
STU-13216,0.24567414767860157,0.5273450091329106,0.4557956777996072,-0.22168674698795177,0.30864197530864196,0.0,0.33782744481505866,1.0,1.0,0.0,0.0,0.0,0.0,4.9
STU-12754,-0.030495117354806055,0.5273450091329106,1.0986247544204324,0.7373493975903616,1.0740740740740742,0.0,-0.9166712698378972,0.0,1.0,0.0,0.0,0.0,0.0,5.02
STU-11729,0.0,0.5273450091329106,-0.10216110019646372,-0.8072289156626505,-0.4999999999999997,0.6,-0.7212985191952243,0.0,0.0,1.0,0.0,0.0,0.0,4.92
STU-13010,-1.8951516189823543,-0.7039862469109277,-0.7292730844793713,-0.9204819277108434,-1.5185185185185184,-1.0,-0.6184707556990797,0.0,1.0,0.0,0.0,0.0,0.0,3.33
STU-14809,-1.711495631317458,-0.5385193940045129,-0.4353634577603143,-0.22650602409638562,1.62962962962963,-0.2,-0.5156429922029362,0.0,0.0,0.0,0.0,0.0,1.0,3.14
STU-10081,0.9988007538118888,0.5273450091329106,0.39921414538310435,-0.6433734939759036,1.141975308641975,0.2,1.1912978818330535,0.0,0.0,0.0,0.0,1.0,0.0,5.84
STU-14471,-0.18605448004111821,0.0,-0.2671905697445972,-0.4409638554216867,-0.40740740740740694,1.0,-1.1223267968301853,0.0,0.0,0.0,1.0,0.0,0.0,2.81
STU-14516,0.0,0.5273450091329106,-0.08330058939096259,0.5156626506024096,-0.32716049382716006,0.0,-0.6081879793494656,0.0,1.0,0.0,0.0,0.0,0.0,4.95
STU-13316,-0.5800925132773697,-0.6111528956699258,-1.1033398821218077,1.3012048192771084,-1.7283950617283947,-0.6,-0.42309800505640677,0.0,0.0,1.0,0.0,0.0,0.0,2.82
STU-11521,0.9988007538118888,0.5273450091329106,0.5721021611001966,-0.3831325301204819,-0.32716049382716006,-1.0,0.5434829718073467,1.0,0.0,1.0,0.0,0.0,0.0,5.43
STU-10959,-0.5122494432071275,0.04770602772107014,0.0,1.6,-1.3209876543209873,0.0,-0.26885635981219047,1.0,1.0,0.0,0.0,0.0,0.0,3.76
STU-12504,-1.667637485009423,0.4302138175566774,0.2467583497053046,0.03373493975903606,-0.11111111111111092,-1.0,0.9136629203934643,0.0,0.0,0.0,0.0,0.0,1.0,4.66
STU-10196,-1.2324824396093892,-1.4904910282583006,-1.0436149312377212,-0.7132530120481928,0.3209876543209879,0.4,-0.27913913616180464,0.0,0.0,1.0,0.0,0.0,0.0,2.89
STU-14428,0.8048655131060469,0.2853765982593747,-0.46994106090373294,0.272289156626506,0.6419753086419758,-0.6,0.0807580360746988,0.0,0.0,0.0,0.0,0.0,1.0,4.4
STU-13780,0.5746102449888635,0.5019877511550443,0.0,0.20481927710843364,-0.8518518518518517,1.8,0.38924132656313043,0.0,1.0,0.0,0.0,0.0,0.0,5.17
STU-14993,-0.36080178173719474,0.289674438594606,-0.03614931237721029,0.9831325301204819,0.5185185185185189,1.6,0.3172618921158294,0.0,0.0,0.0,1.0,0.0,0.0,4.39
STU-11415,-2.244646222374508,-1.1715912753841198,0.0,-0.8409638554216867,0.06790123456790143,0.6,-0.39224967600756333,0.0,0.0,1.0,0.0,0.0,0.0,2.89
STU-10925,-1.2694877505567932,-0.3640270763941119,-1.4962671905697449,-0.03132530120481925,0.814814814814815,0.2,-1.5233550744651463,1.0,0.0,0.0,0.0,0.0,1.0,1.98
STU-11456,-0.7068699674490329,0.0,0.3850687622789786,-0.3783132530120482,-0.18518518518518506,1.4,-0.4847946631540927,0.0,0.0,0.0,0.0,0.0,1.0,3.77
STU-10994,-0.3087202329964029,0.16675620500698382,-1.1677799607072694,-0.07710843373493982,-1.296296296296296,0.0,-1.2868512184240157,1.0,0.0,0.0,0.0,1.0,0.0,3.72
STU-12010,-0.07572383073496783,0.5273450091329106,0.587819253438114,0.19277108433734935,0.6172839506172839,0.4,-0.5773396503006221,0.0,0.0,0.0,0.0,1.0,0.0,4.77
STU-13449,0.0,0.5273450091329106,0.5956777996070729,-0.9084337349397591,0.6172839506172839,0.4,1.3249739743780404,1.0,0.0,0.0,0.0,0.0,1.0,5.18
STU-10589,0.93164296727771,0.5273450091329106,0.44479371316306493,0.8987951807228916,0.23456790123456836,0.6,0.5332001954577326,0.0,0.0,0.0,0.0,0.0,1.0,5.36
STU-13815,0.9988007538118888,0.5273450091329106,1.43811394891945,-1.2626506024096384,0.6543209876543212,-0.2,1.0164906838896088,0.0,0.0,0.0,1.0,0.0,0.0,6.55
STU-13226,0.5554223059790981,-0.6928118620393254,0.7968565815324165,-0.4746987951807229,1.493827160493827,0.8,0.6668762880027196,0.0,0.0,0.0,0.0,0.0,1.0,4.41
STU-10203,-0.17097824224773028,0.09369291930804739,0.0,0.6481927710843371,-0.22222222222222185,0.6,0.2555652340181434,0.0,1.0,0.0,0.0,0.0,0.0,4.82
STU-12462,-1.0282679458626012,0.18867519071666491,9.40352317117709,-0.17108433734939757,-0.30864197530864196,0.0,-0.09404916186874583,0.0,0.0,0.0,0.0,1.0,0.0,3.36
STU-14550,-1.5614185369196512,-0.32620608144407454,-0.29862475442043235,-0.09156626506024093,-1.3641975308641974,0.6,-0.17631137266566105,1.0,0.0,0.0,1.0,0.0,0.0,3.06
STU-12185,0.9659071440808623,-0.015472225206833543,0.7874263261296661,0.48433734939759027,-0.4320987654320983,0.8,0.564048524506575,0.0,1.0,0.0,0.0,0.0,0.0,4.9
STU-11762,-1.4168237108103485,0.17019447727516898,0.4573673870333989,-0.6433734939759036,-0.47530864197530837,-0.6,-0.22772525441373284,0.0,1.0,0.0,0.0,0.0,0.0,4.04
STU-13730,0.12574952886756852,0.5273450091329106,0.7104125736738707,0.1493975903614458,0.351851851851852,0.8,0.4715035373600457,1.0,0.0,1.0,0.0,0.0,0.0,5.6
STU-11436,0.32037005310947286,-0.01418287310626403,-0.11473477406679773,0.0,0.0,0.4,0.039626930676241186,1.0,0.0,0.0,0.0,1.0,0.0,4.42
STU-11048,-0.056535891725202465,0.5273450091329106,0.0738703339882123,-0.6096385542168675,-0.04938271604938221,0.6,-0.4847946631540927,0.0,0.0,0.0,0.0,0.0,1.0,3.31
STU-11517,0.2792530409456905,0.5273450091329106,1.4569744597249514,0.0,0.8395061728395069,-1.0,0.33782744481505866,0.0,0.0,0.0,0.0,1.0,0.0,5.32
STU-10637,0.029809833818741683,0.5273450091329106,-0.023575638506876287,-0.37590361445783144,-0.6111111111111106,1.8,-0.16602859631604688,1.0,0.0,0.0,0.0,0.0,1.0,4.32
STU-13092,0.3745074524584539,0.16288814870527527,1.0781925343811398,-0.7879518072289156,-0.12345679012345634,1.2,0.6771590643523338,0.0,0.0,0.0,1.0,0.0,0.0,4.57
STU-10507,0.21620695562789013,-0.1757816697109704,-0.4825147347740669,0.13975903614457832,1.320987654320988,0.4,-0.1146147145679751,0.0,0.0,1.0,0.0,0.0,0.0,4.21
STU-12076,0.9988007538118888,0.5273450091329106,0.4180746561886052,-0.48192771084337344,-1.0740740740740735,-0.2,1.3249739743780404,1.0,0.0,0.0,0.0,0.0,1.0,5.63
STU-11532,0.0,-0.5973998065971852,0.2593320235756386,0.13493975903614447,-1.6975308641975309,2.2,0.7388557224500197,1.0,0.0,0.0,0.0,0.0,1.0,4.25
STU-11596,0.5218434127120092,0.3421080906844308,1.7430255402750496,-0.3445783132530122,-0.02469135802469083,-0.4,1.3249739743780404,0.0,1.0,0.0,0.0,0.0,0.0,5.4
STU-10824,0.9988007538118888,-0.6120124637369726,-0.14459724950884087,0.0,-0.4320987654320983,0.6,0.04990970702585536,1.0,0.0,1.0,0.0,0.0,0.0,4.0
STU-10638,-0.19564844954600089,0.5273450091329106,0.012573673870334002,0.8457831325301204,0.7283950617283949,-0.2,0.12188914147315641,0.0,0.0,0.0,1.0,0.0,0.0,4.75
STU-14627,0.1435669008052071,-0.06274846889438092,0.03300589390962686,-1.0578313253012048,0.8641975308641977,0.2,0.1733030232212282,1.0,0.0,1.0,0.0,0.0,0.0,3.37
STU-12353,0.2011307178345032,-0.68249704523477,0.23104125736738718,-0.7036144578313254,-1.635802469135802,0.4,-0.052918056470288216,0.0,0.0,0.0,0.0,0.0,1.0,3.8
STU-12256,-0.19085146479355905,-0.2660363167508326,-0.0738703339882123,-0.07951807228915664,1.098765432098766,2.4,-0.042635280120674045,0.0,1.0,0.0,0.0,0.0,0.0,4.18
STU-13562,-0.44851807435326474,0.2720532932201568,-0.3206286836935166,0.2674698795180721,0.29012345679012386,-1.0,0.14245469417238477,0.0,0.0,0.0,1.0,0.0,0.0,4.3
STU-13214,0.0,-0.36789513269582047,-1.4648330058939099,-0.5927710843373495,0.3703703703703707,0.0,-1.6673139433597484,0.0,1.0,0.0,0.0,0.0,0.0,2.48
STU-11330,-0.3683399006338882,-0.8909423014934997,-1.633005893909627,0.2265060240963854,-0.5185185185185184,-1.0,-0.8858229407890547,0.0,0.0,0.0,1.0,0.0,0.0,2.22
STU-12829,-0.4725029981154709,-0.2062963360911141,0.10530451866404716,0.20722891566265045,-0.7160493827160489,1.8,-0.02206972742144478,0.0,0.0,0.0,0.0,0.0,1.0,3.58
STU-12251,0.6520472845639874,0.0,-0.5956777996070727,-0.09879518072289159,1.3395061728395061,0.4,0.33782744481505866,1.0,0.0,1.0,0.0,0.0,0.0,4.52
STU-11182,0.20798355319513326,-0.15730095626947507,8.852265244929335,-0.4216867469879518,-0.19135802469135776,1.8,-0.8858229407890547,1.0,0.0,0.0,0.0,1.0,0.0,3.73
STU-12116,-0.6150419736165844,-0.18222843021381796,5.56265993869322,-0.580722891566265,0.16666666666666693,-0.4,-1.3588306528713168,0.0,0.0,0.0,0.0,0.0,1.0,2.73
STU-11820,-0.7171492204899789,-0.9872139250026861,-0.6239685658153243,0.6481927710843371,0.5185185185185189,-1.0,-0.9989334806348125,0.0,0.0,0.0,1.0,0.0,0.0,3.12
STU-13367,0.4176803152304255,-0.49253250241753554,-1.0216110019646367,0.6337349397590358,-0.11111111111111092,-0.2,-0.6904501901463808,0.0,0.0,0.0,0.0,0.0,1.0,3.42
STU-11246,0.14836388555764893,-0.12678628988933074,-0.10687622789783888,-0.5734939759036145,0.549382716049383,-0.6,-0.33055301790987734,1.0,0.0,1.0,0.0,0.0,0.0,4.64
STU-14722,0.3052938153160859,-0.16933490920812283,0.35206286836935174,0.0746987951807228,0.14814814814814828,-1.0,0.14245469417238477,0.0,0.0,1.0,0.0,0.0,0.0,5.55
STU-11872,-0.8452972417337679,-0.6081444074352641,-1.7304518664047155,0.2771084337349396,-0.48765432098765377,-0.6,-0.5670568739510079,1.0,0.0,1.0,0.0,0.0,0.0,2.66
STU-11113,-0.432071269487751,-0.700547974642742,-0.33948919449901777,0.16867469879518074,-1.1728395061728392,-0.4,-0.9372368225371265,0.0,0.0,1.0,0.0,0.0,0.0,1.32
STU-11822,0.9384958026383411,0.0,0.7041257367387033,-0.45783132530120485,1.7777777777777781,0.2,-1.0092162569844265,0.0,0.0,0.0,0.0,0.0,1.0,4.42
STU-14732,0.0,0.5273450091329106,1.5088408644400788,0.4,-0.14197530864197502,2.4,1.0987528946865242,1.0,0.0,0.0,0.0,0.0,1.0,5.5
STU-10395,0.14973445262977475,-0.20113892768883668,-0.13831041257367374,-0.0867469879518073,-0.07407407407407358,-0.8,1.3249739743780404,0.0,0.0,0.0,0.0,0.0,1.0,5.11
STU-11615,0.5917423333904396,0.5273450091329106,1.2888015717092343,0.15421686746987942,-0.9382716049382713,-0.2,1.3146911980284264,0.0,0.0,0.0,0.0,1.0,0.0,5.12
STU-11953,0.6061332876477632,-0.024497689910820134,0.40392927308447946,-0.6626506024096385,-0.9567901234567899,-0.2,-0.0015041747222164304,0.0,1.0,0.0,0.0,0.0,0.0,4.35
STU-12204,-1.5929415795785513,-1.0246051359192008,-0.7968565815324166,-1.2626506024096384,-1.3827160493827155,-0.2,-0.6698846374471524,0.0,0.0,0.0,1.0,0.0,0.0,2.13
STU-13013,0.7733424704471462,0.4233372730203071,0.5422396856581535,-1.0987951807228915,-0.5679012345679012,1.2,1.1810151054834392,0.0,1.0,0.0,0.0,0.0,0.0,5.51
STU-12830,0.32242590371766205,0.0,0.762278978388998,-0.8192771084337349,-0.7777777777777776,0.4,-0.46422911045486437,0.0,0.0,1.0,0.0,0.0,0.0,4.97
STU-11501,0.4142538975501105,0.5273450091329106,0.49666011787819264,0.32289156626506016,-0.32098765432098736,1.8,0.6257451826042619,0.0,0.0,0.0,0.0,0.0,1.0,4.54
STU-13076,-0.03118040089086945,-1.4466530568389386,-0.2813359528487229,0.0,-0.21604938271604915,0.6,-0.9578023752363548,1.0,1.0,0.0,0.0,0.0,0.0,3.87
STU-14798,0.3601164982011304,-0.1362415386268401,0.0,0.13253012048192767,-0.0432098765432095,0.6,-0.08376638551913165,0.0,0.0,0.0,1.0,0.0,0.0,3.49
STU-14423,-0.5321226657529563,-0.8406575695712906,-0.532809430255403,0.09638554216867457,-1.0185185185185182,-0.6,-0.22772525441373284,0.0,1.0,0.0,0.0,0.0,0.0,3.05
STU-11869,0.523213979784135,0.0,0.07072691552062886,-0.43373493975903615,-0.21604938271604915,-1.0,0.49206909005927496,0.0,0.0,0.0,0.0,0.0,1.0,4.53
STU-14826,0.01336302895322893,0.5273450091329106,0.0,1.4578313253012045,1.0493827160493834,1.6,0.2658480103677576,0.0,0.0,0.0,0.0,1.0,0.0,4.41
STU-11132,0.3402432756553016,-0.3571505318577416,0.5406679764243615,0.1638554216867469,-1.4444444444444442,-0.2,-0.9989334806348125,0.0,0.0,1.0,0.0,0.0,0.0,3.61
STU-10468,-1.652561247216036,-1.4298914795315356,-1.3862475442043225,2.5590361445783127,-0.25308641975308593,-1.0,-0.02206972742144478,0.0,0.0,0.0,0.0,1.0,0.0,2.4
STU-13702,0.13945519958882865,0.22434726549908668,0.13831041257367402,0.08192771084337346,0.5555555555555557,-1.0,-0.24829080711296211,0.0,0.0,0.0,0.0,0.0,1.0,3.91
STU-11879,-0.340928559191366,0.5273450091329106,-0.13516699410609032,0.04578313253012036,-0.2037037037037032,-0.6,0.28641356306698684,1.0,0.0,0.0,0.0,1.0,0.0,4.25
STU-12056,-1.5504540003426426,-0.08982486300633946,0.0031434184675834306,0.23855421686746991,0.3827160493827161,0.4,-1.441092863668232,1.0,0.0,1.0,0.0,0.0,0.0,4.05
STU-14469,-0.6575295528524936,-1.1543999140431938,-0.7921414538310414,-0.4120481927710843,-0.09259259259259225,-0.6,-0.5876224266502372,1.0,0.0,0.0,1.0,0.0,0.0,3.17
STU-10752,-0.45468562617783137,-0.27291286128720355,0.4683693516699412,-0.5060240963855421,0.703703703703704,0.0,0.6874418407019479,0.0,1.0,0.0,0.0,0.0,0.0,4.12
STU-13926,0.06133287647764137,-0.06661652519608885,-0.5155206286836935,-0.29397590361445797,-0.06790123456790088,0.0,-0.505360215853322,0.0,0.0,0.0,1.0,0.0,0.0,3.58
STU-10463,-0.14356690080520904,-0.25572149994627713,0.03929273084479372,0.0,-0.6604938271604934,1.0,-0.10433193821836001,1.0,0.0,0.0,1.0,0.0,0.0,3.7
STU-14206,-0.0373479527154371,-0.14870527559901184,-1.3029469548133596,-0.8096385542168675,0.0864197530864201,-1.0,0.10132358877392715,1.0,1.0,0.0,0.0,0.0,0.0,3.71
STU-14107,0.14699331848552213,0.5273450091329106,0.6051080550098232,0.8722891566265057,-0.05555555555555546,-1.0,-0.042635280120674045,1.0,0.0,1.0,0.0,0.0,0.0,5.06
STU-14881,-0.17920164468048716,0.0030084882346617893,0.3347740667976426,2.3975903614457827,0.3765432098765434,2.2,0.11160636512354223,1.0,0.0,0.0,0.0,0.0,1.0,4.41
STU-10592,0.7075552509850942,0.5273450091329106,1.2589390962671907,-0.8337349397590361,-0.9135802469135799,1.8,0.37895855021351627,0.0,0.0,1.0,0.0,0.0,0.0,4.32
STU-14794,0.7068699674490309,-0.45170301923283573,0.0,0.05301204819277102,-0.1728395061728391,0.4,-0.8755401644394396,0.0,0.0,0.0,0.0,0.0,1.0,4.2
STU-13839,-0.9700188452972427,0.0,-1.0923379174852654,0.472289156626506,0.20370370370370375,-1.0,-0.41281522870679255,1.0,0.0,0.0,0.0,0.0,1.0,3.62
STU-10483,-0.9302724002055861,0.0,0.7497053045186644,0.9638554216867469,0.38888888888888934,1.0,0.5743313008561892,1.0,0.0,0.0,0.0,0.0,1.0,6.13
STU-12913,-0.46085317800239906,0.5273450091329106,0.39764243614931233,-0.41445783132530134,0.0802469135802474,-0.2,0.0,1.0,0.0,0.0,1.0,0.0,0.0,4.07
STU-14149,0.13534349837245122,-0.161169012571183,0.25461689587426345,0.906024096385542,0.09259259259259281,-1.0,0.9856423548407653,0.0,0.0,0.0,0.0,0.0,1.0,4.55
STU-14148,0.15384615384615316,0.27033415708606395,0.3724950884086446,0.8072289156626504,0.6358024691358032,-0.2,1.3249739743780404,1.0,0.0,0.0,0.0,1.0,0.0,5.17
STU-14540,0.771286619838958,0.25830020414741556,0.8125736738703341,0.19759036144578296,-2.3333333333333326,-0.2,1.3249739743780404,1.0,0.0,0.0,0.0,0.0,1.0,5.22
STU-13572,0.9343841014219626,-0.17363274954335475,0.587819253438114,-0.6337349397590362,-0.6851851851851848,-0.2,1.3249739743780404,0.0,0.0,0.0,1.0,0.0,0.0,5.3
STU-13257,-0.25663868425561104,-0.9657247233265285,-0.3174852652259332,0.6120481927710841,-1.4259259259259256,0.6,-0.7110157428456101,0.0,0.0,0.0,0.0,0.0,1.0,2.42
STU-12901,-0.12986123008394793,0.02621682604491241,-0.08958742632612973,-0.5542168674698795,0.4814814814814816,-0.2,-0.6904501901463808,0.0,1.0,0.0,0.0,0.0,0.0,4.39
STU-11840,-0.3299640226143575,-0.7645857956376924,-0.982318271119843,0.8746987951807226,1.0185185185185186,0.2,-0.4025324523571775,0.0,0.0,0.0,1.0,0.0,0.0,3.7
STU-13494,0.9576837416481064,0.3984097990759642,0.4385068762278981,-0.672289156626506,-0.1296296296296296,-0.2,1.0781873419872947,0.0,0.0,0.0,0.0,1.0,0.0,4.38
STU-11327,-1.3489806407401073,-0.3515633394219408,0.23889980353634574,-1.2096385542168675,-0.018518518518518122,0.0,0.24528245766852924,0.0,0.0,0.0,0.0,1.0,0.0,4.77
STU-12910,-0.5746102449888645,-0.0893950789728161,-1.2055009823182714,-0.11566265060240973,-1.0061728395061726,-0.2,-0.21744247806411868,1.0,1.0,0.0,0.0,0.0,0.0,4.13
STU-10490,-0.3094055165324663,0.5273450091329106,0.5265225933202358,0.0,-1.0802469135802468,-1.0,0.8519662622957784,0.0,0.0,0.0,0.0,1.0,0.0,3.94
STU-14071,-0.391639540860032,0.0,-0.0848722986247543,-0.272289156626506,-0.06790123456790088,-1.0,-0.7521468482440667,0.0,1.0,0.0,0.0,0.0,0.0,3.37
STU-11544,0.366284050025697,0.22692596970022572,1.0483300589390965,0.7445783132530119,0.0,-0.6,0.0,0.0,0.0,0.0,1.0,0.0,0.0,4.18
STU-13719,-0.12163782765119106,-0.960567314924251,-0.7528487229862477,0.3662650602409637,-1.0864197530864195,0.0,-0.08376638551913165,0.0,1.0,0.0,0.0,0.0,0.0,3.29
STU-12878,-1.497687168065788,-0.7998280863865908,-0.4982318271119844,-0.9301204819277108,-2.1234567901234565,-0.2,0.008778601627397745,1.0,1.0,0.0,0.0,0.0,0.0,2.99
STU-14901,0.5588487236594132,0.5273450091329106,1.2809430255402754,0.43132530120481927,-0.30864197530864196,0.0,0.7388557224500197,1.0,0.0,0.0,0.0,0.0,1.0,5.47
STU-13162,-0.47592941579578596,-0.12076931342000655,-0.41021611001964636,0.41927710843373495,-1.129629629629629,0.2,-1.7495761541566637,0.0,1.0,0.0,0.0,0.0,0.0,3.55
STU-10323,-0.6664382388213128,-0.5814977973568283,-0.63811394891945,-0.5108433734939759,1.0802469135802468,-0.8,-1.8318383649535783,1.0,0.0,0.0,1.0,0.0,0.0,2.64
STU-14583,0.9419222203186561,0.5273450091329106,0.6003929273084481,-0.7903614457831325,0.6543209876543212,0.0,1.3249739743780404,1.0,0.0,0.0,0.0,0.0,1.0,5.85
STU-10113,-0.8850436868254243,-0.1259267218222846,0.17760314341846772,-0.33253012048192765,0.4567901234567902,-1.0,-1.5233550744651463,0.0,0.0,0.0,0.0,1.0,0.0,2.66
STU-13140,-0.46839129689909254,0.3966906629418713,-0.16974459724950888,-0.03373493975903628,0.11728395061728418,0.2,-0.5567740976013937,0.0,0.0,1.0,0.0,0.0,0.0,4.09
STU-11977,0.9988007538118888,0.5273450091329106,0.8722986247544204,0.7903614457831323,0.6111111111111112,0.2,0.6771590643523338,0.0,0.0,0.0,0.0,1.0,0.0,5.18
STU-13996,0.20729826965907083,0.4272053293220156,0.2970530451866406,-0.20240963855421681,0.6358024691358032,0.4,0.29669633941660106,1.0,0.0,0.0,0.0,0.0,1.0,4.64
STU-10874,-0.5636457084118559,-0.26818523691844887,0.2970530451866406,0.3156626506024095,1.2654320987654324,1.4,-0.7007329664959949,0.0,0.0,0.0,1.0,0.0,0.0,3.77
STU-13037,0.5629604248757916,0.5273450091329106,1.137917485265226,0.8457831325301204,0.0802469135802474,-0.2,-0.3614013469587199,1.0,0.0,1.0,0.0,0.0,0.0,4.98
STU-13549,-1.5264690765804358,-0.383367357902654,13.566803707170745,-0.4240963855421687,0.13580246913580285,0.6,-0.10433193821836001,0.0,1.0,0.0,0.0,0.0,0.0,3.01
STU-14191,-0.7959568271372286,0.20156871172235943,-0.3614931237721021,-0.7879518072289156,-0.7839506172839503,-0.6,0.37895855021351627,0.0,1.0,0.0,0.0,0.0,0.0,3.94
STU-13739,0.29707041288333,0.5273450091329106,0.9744597249508844,1.6144578313253009,0.15432098765432098,-1.0,0.8211179332469349,0.0,1.0,0.0,0.0,0.0,0.0,4.94
STU-12282,0.10998800753811819,0.09240356720747789,0.2609037328094303,0.03132530120481925,0.14197530864197555,-0.4,-0.10433193821836001,0.0,1.0,0.0,0.0,0.0,0.0,4.34
STU-13921,0.43549768716806503,0.27549156548834197,0.3316306483300589,-0.2626506024096385,-0.16049382716049368,-1.0,0.7491384987996348,0.0,0.0,0.0,0.0,0.0,1.0,4.43
STU-10346,-0.15658728799040675,0.3085849360696247,0.49980353634577607,-0.1373493975903615,-0.9506172839506167,-0.2,0.4098068792623597,0.0,0.0,0.0,0.0,1.0,0.0,3.92
STU-14616,-0.7753983210553375,-1.0254647039862472,-0.913163064833006,0.016867469879517927,-0.2037037037037032,-0.2,-0.3614013469587199,0.0,1.0,0.0,0.0,0.0,0.0,2.67
STU-14825,0.3169436354291578,-0.15429246803481267,1.1819253438113952,-0.4457831325301205,-1.0370370370370368,-0.8,0.8314007095965491,0.0,0.0,0.0,1.0,0.0,0.0,4.68
STU-10862,0.9988007538118888,0.5273450091329106,0.1948919449901769,0.16867469879518074,-0.15432098765432098,-0.2,-0.12489749091758927,0.0,0.0,0.0,0.0,0.0,1.0,4.84
STU-13810,-1.2304265890012,-0.36230794026001967,-0.3096267190569746,-0.14698795180722898,-0.6111111111111106,-1.0,0.5434829718073467,0.0,0.0,0.0,0.0,0.0,1.0,3.71
STU-11362,-0.3779338701387709,-0.6425271301171163,-0.7575638506876228,0.26506024096385533,-0.018518518518518122,1.0,-0.7932779536425244,0.0,0.0,1.0,0.0,0.0,0.0,3.57
STU-12401,0.0,-0.010744600838078867,-0.2939096267190569,0.8674698795180721,0.2222222222222224,-1.0,-0.30998746521064807,0.0,0.0,0.0,0.0,0.0,1.0,4.1
STU-13003,0.6033921535035115,0.2093048243257759,0.9021611001964639,0.0,-0.8148148148148144,1.0,0.6977246170515621,0.0,0.0,0.0,0.0,0.0,1.0,4.42
STU-13148,-0.8761350008566051,-1.130332008165897,-0.6396856581532416,-0.07228915662650598,-0.493827160493827,0.0,0.6051796299050327,0.0,0.0,0.0,1.0,0.0,0.0,2.89
STU-11531,0.8720232996402257,0.5273450091329106,1.8388998035363462,-0.9590361445783133,0.506172839506173,0.2,1.3249739743780404,0.0,1.0,0.0,0.0,0.0,0.0,6.28
STU-12280,0.7575809491176969,0.5273450091329106,0.5296660117878195,1.2240963855421685,-0.10493827160493822,1.0,0.6874418407019479,1.0,0.0,0.0,0.0,1.0,0.0,5.5
STU-14752,-0.8398149734452636,-0.3760610293327603,-0.5249508840864441,0.07951807228915664,0.7777777777777776,-0.8,-0.3614013469587199,0.0,0.0,0.0,0.0,0.0,1.0,3.08
STU-11864,0.24498886414253818,0.4560008595680671,-0.14145383104125744,0.9518072289156624,-0.12345679012345634,0.2,0.4509379846608173,1.0,0.0,0.0,0.0,0.0,1.0,4.67
STU-14801,-0.21894808977214372,-0.019770065542065455,-0.3457760314341846,-0.39036144578313253,-1.6419753086419748,-0.4,-1.369113429220931,0.0,0.0,1.0,0.0,0.0,0.0,2.98
STU-10953,-0.8713380161041643,-1.13076179219942,-1.1096267190569746,-0.8168674698795181,-0.19135802469135776,-0.2,-0.6390363083983089,0.0,0.0,0.0,0.0,0.0,1.0,2.98
STU-13669,-0.6869967449032041,-0.5931019662619533,-0.3489194499017683,-0.2819277108433735,0.0802469135802474,0.4,0.7388557224500197,1.0,1.0,0.0,0.0,0.0,0.0,4.3
STU-13346,0.4197361658386147,0.5273450091329106,1.5245579567779965,-0.26987951807228916,-0.40740740740740694,-0.6,0.759421275149249,0.0,0.0,0.0,0.0,1.0,0.0,5.3
STU-10734,-0.014733596025356697,-0.5088642956914152,-0.004715127701375146,-0.7855421686746988,0.6234567901234567,1.0,0.42008965561197387,0.0,0.0,1.0,0.0,0.0,0.0,4.59
STU-11804,0.0,-0.591382830127861,-0.913163064833006,0.13975903614457832,-2.061728395061728,-0.8,-1.3279823238224733,1.0,0.0,1.0,0.0,0.0,0.0,2.86
STU-14607,0.0,-0.43537122595895605,-0.4557956777996072,-0.21927710843373496,-0.09876543209876497,1.4,-0.5979052029998514,0.0,0.0,1.0,0.0,0.0,0.0,3.37
STU-12779,-1.0830906287476447,0.07048458149779739,9.743783077395282,1.508433734939759,0.07407407407407414,1.0,-0.8138435063417536,0.0,0.0,0.0,1.0,0.0,0.0,2.48
STU-10187,0.4423505225286951,-0.7078543032126356,-0.5469548133595287,0.9686746987951805,1.1851851851851851,0.2,0.04990970702585536,1.0,0.0,0.0,0.0,1.0,0.0,4.86
STU-13791,-1.0604762720575642,-0.1757816697109704,-0.5359528487229863,-0.10843373493975907,0.2407407407407411,-1.0,-1.5644861798636038,1.0,0.0,1.0,0.0,0.0,0.0,2.93
STU-14409,0.45400034264176703,0.12076931342000655,0.5532416502946955,0.23855421686746991,-0.05555555555555546,0.0,0.12188914147315641,0.0,1.0,0.0,0.0,0.0,0.0,4.56
STU-13912,0.2401918793900973,0.5273450091329106,6.917559220390639,0.09638554216867457,0.4938271604938276,-0.4,0.6257451826042619,0.0,0.0,0.0,1.0,0.0,0.0,5.35
STU-11473,-0.8446119581977054,-0.8763296443537123,-0.8377210216110021,2.1807228915662646,1.2345679012345678,-1.0,-0.052918056470288216,0.0,1.0,0.0,0.0,0.0,0.0,3.97
STU-10362,0.9988007538118888,0.5273450091329106,0.5689587426326133,1.469879518072289,0.27777777777777785,-1.0,0.6874418407019479,0.0,0.0,1.0,0.0,0.0,0.0,5.16
STU-10605,0.0,-0.6958203502739873,0.13988212180746573,-1.1686746987951808,-1.6419753086419748,0.0,-1.101761244130957,0.0,0.0,1.0,0.0,0.0,0.0,1.95
STU-10811,0.0,-0.062318684860857544,-0.9335952848722987,0.0626506024096385,0.14814814814814828,1.4,-0.7932779536425244,1.0,0.0,0.0,0.0,1.0,0.0,3.69
STU-11545,-0.9398663697104689,-0.936929193080477,-1.131630648330059,0.9975903614457832,0.679012345679012,-0.4,-0.978367927935584,0.0,0.0,0.0,1.0,0.0,0.0,3.54
STU-11664,-1.4003769059448357,0.5273450091329106,1.0420432220039295,0.24337349397590355,-0.9382716049382713,1.0,-0.042635280120674045,1.0,0.0,0.0,0.0,0.0,1.0,4.45
STU-12390,0.5101935925989373,0.0,0.671119842829077,-0.41927710843373495,0.7160493827160495,-1.0,1.1912978818330535,0.0,1.0,0.0,0.0,0.0,0.0,4.53
STU-14345,-0.5382902175775239,-1.0177285913828304,-1.5544204322200397,2.1228915662650603,0.29012345679012386,-0.4,-1.029781809683656,0.0,0.0,0.0,0.0,1.0,0.0,2.46
STU-12942,0.7007024156244642,-0.06661652519608885,0.15402750491159145,1.253012048192771,-0.8086419753086417,-0.2,0.07047525972508462,0.0,0.0,0.0,0.0,1.0,0.0,4.31
STU-13605,-0.9419222203186571,-0.11776082518534477,0.1241650294695483,0.3662650602409637,-0.493827160493827,0.2,-0.9886507042851983,0.0,0.0,0.0,0.0,0.0,1.0,3.47
STU-13639,-0.9117697447318832,-1.0963790695175677,-1.5135559921414539,-0.4843373493975904,-0.7345679012345675,-1.0,-1.29713399477363,0.0,1.0,0.0,0.0,0.0,0.0,2.56
STU-12183,-1.1845125920849757,0.06747609326313499,-0.05186640471512772,-0.11807228915662654,0.38888888888888934,1.2,-0.5773396503006221,1.0,0.0,0.0,0.0,1.0,0.0,3.82
STU-11758,0.5629604248757916,0.5273450091329106,0.9791748526522592,-0.26024096385542167,-0.7222222222222221,2.8,0.4612207610104315,0.0,1.0,0.0,0.0,0.0,0.0,5.34
STU-12550,-1.1995888298783628,-0.5015579671215216,-0.3913555992141455,-0.16867469879518074,-0.2037037037037032,-0.2,-0.41281522870679255,0.0,0.0,0.0,0.0,0.0,1.0,3.89
STU-14518,-1.4168237108103485,-1.3207263350166545,-1.4931237721021613,0.0,-1.3024691358024687,0.2,-1.3485478765217016,0.0,0.0,0.0,0.0,1.0,0.0,1.46
STU-11686,0.029809833818741683,0.5273450091329106,0.11159135559921429,0.0,0.0,0.0,1.3249739743780404,1.0,0.0,0.0,0.0,1.0,0.0,4.96
STU-14134,-0.06338872708583254,0.0030084882346617893,-0.5218074656188606,1.9783132530120477,-0.11111111111111092,-0.2,-0.2997046888610339,1.0,1.0,0.0,0.0,0.0,0.0,4.61
STU-12271,-0.5362343669693347,-0.502847319222091,-0.19960707269155203,0.3132530120481927,1.1975308641975315,-0.6,-1.6467483906605191,0.0,0.0,0.0,0.0,0.0,1.0,3.1
STU-14072,0.11409970875449661,0.5273450091329106,0.1728880157170923,0.4867469879518071,-1.0925925925925923,-0.8,1.304408421678812,0.0,0.0,0.0,0.0,1.0,0.0,4.76
STU-10055,0.3032379647078967,-0.3648866444611587,-0.17603143418467573,-0.10361445783132543,-0.7283950617283949,0.4,-1.2662856657247865,1.0,0.0,0.0,1.0,0.0,0.0,4.39
STU-14403,-0.3327051567586101,-0.12205866552057607,0.0,1.03855421686747,-1.1358024691358024,-1.0,-1.1634579022286429,0.0,0.0,0.0,0.0,1.0,0.0,2.33
STU-12783,0.4910056535891719,0.03610185881594453,-0.23575638506876231,0.325301204819277,0.8888888888888896,-0.4,0.965076802141537,0.0,0.0,0.0,1.0,0.0,0.0,4.41
STU-12791,-0.4731882816515343,0.27334264532072633,0.29233791748526516,0.6650602409638553,-0.8888888888888885,-1.0,0.37895855021351627,0.0,0.0,0.0,1.0,0.0,0.0,4.81
STU-12819,0.3847867054994,0.05673149242505612,0.6774066797642438,-0.1855421686746989,0.1234567901234569,1.6,1.304408421678812,1.0,0.0,0.0,0.0,1.0,0.0,6.01
STU-14027,-0.4245331505910575,-0.030944450413667085,0.21689587426326146,-0.39277108433734936,0.0,0.6,-0.052918056470288216,0.0,0.0,0.0,1.0,0.0,0.0,4.52
STU-13129,0.9988007538118888,0.0,-0.6679764243614932,0.19277108433734935,-1.7160493827160488,0.0,-0.07348360916951749,0.0,0.0,0.0,0.0,0.0,1.0,4.05
STU-11520,0.36354291588144544,0.4968303427527669,0.6569744597249513,0.0,0.0,0.8,0.9136629203934643,0.0,0.0,0.0,0.0,0.0,1.0,5.32
STU-10272,-0.26212095254411627,-1.4685720425486195,-0.9634577603143419,0.08433734939759027,0.703703703703704,0.2,1.3249739743780404,1.0,0.0,0.0,0.0,0.0,1.0,3.63
STU-13492,-0.12437896179544368,-0.09713119157623316,-0.5092337917485267,1.783132530120482,-0.5802469135802466,-0.4,-0.7007329664959949,1.0,0.0,0.0,0.0,1.0,0.0,3.22
STU-12525,0.541716635257837,0.3954013108413024,0.3269155206286838,-0.2987951807228916,1.055555555555556,-0.6,-0.3408357942594915,0.0,0.0,0.0,1.0,0.0,0.0,4.41
STU-10914,0.9988007538118888,0.5273450091329106,2.3559921414538314,1.0915662650602407,0.27160493827160515,1.0,1.1090356710361382,0.0,1.0,0.0,0.0,0.0,0.0,5.79
STU-13585,0.7411341442521832,0.5273450091329106,0.6601178781925346,0.5686746987951805,0.0061728395061732555,-0.6,0.3069791157662152,0.0,0.0,0.0,0.0,1.0,0.0,5.07
STU-10426,0.65478841870824,-0.64983345868701,-0.7575638506876228,2.08433734939759,-0.5370370370370365,-0.8,0.38924132656313043,1.0,1.0,0.0,0.0,0.0,0.0,3.83
STU-10655,-0.3834161384272752,-1.631030407220372,-0.738703339882122,-0.6626506024096385,-0.5555555555555551,0.2,-0.26885635981219047,1.0,0.0,0.0,0.0,0.0,1.0,2.6
STU-11426,0.07640911427102928,-0.06833566133018174,-0.3489194499017683,1.0530120481927707,-1.2716049382716046,0.6,-0.19687692536489032,1.0,0.0,0.0,0.0,1.0,0.0,4.21
STU-12112,0.0,-0.25271301171161537,0.088015717092338,1.6963855421686744,-0.38271604938271553,-1.0,0.5332001954577326,1.0,0.0,0.0,0.0,1.0,0.0,4.27
STU-11239,0.0,0.5273450091329106,1.3878192534381142,0.8289156626506022,1.9012345679012346,-0.6,0.0,0.0,0.0,0.0,0.0,0.0,1.0,5.66
STU-12726,-0.6691793729655655,-1.20296550983131,-0.8722986247544205,0.0626506024096385,-0.45679012345678965,-1.0,-0.6287535320486948,0.0,0.0,0.0,0.0,1.0,0.0,2.35
STU-11552,0.05585060818913712,-0.26302782851617085,-0.02671905697445972,-1.2626506024096384,0.2530864197530865,0.6,-0.9269540461875123,0.0,0.0,0.0,0.0,0.0,1.0,4.1
STU-11437,-0.07092684598252601,0.13495218652627058,-0.07858546168958744,0.2915662650602409,1.5061728395061735,0.8,-0.9475195988867406,0.0,0.0,0.0,0.0,1.0,0.0,3.61
STU-11943,-1.259208497515848,0.013753089072740655,-0.47308447937131637,0.0,0.0,0.6,0.029344154326627007,0.0,0.0,0.0,1.0,0.0,0.0,3.03
STU-11396,-0.15316087031009173,0.4211883528526914,0.09273084479371316,0.0,-0.24691358024691323,0.4,-0.07348360916951749,0.0,0.0,0.0,1.0,0.0,0.0,3.91
STU-14802,0.5835189309576828,0.18910497475018767,0.7669941060903736,0.22168674698795177,0.5925925925925931,-0.8,-0.011786951071830606,0.0,0.0,0.0,0.0,1.0,0.0,5.16
STU-10286,0.0,-0.26431718061674037,-0.037721021611002006,0.7710843373493974,-0.16049382716049368,0.0,-0.906388493488283,0.0,0.0,0.0,0.0,0.0,1.0,3.85
STU-11044,-0.9988007538118907,-0.062318684860857544,-0.7308447937131631,0.0,0.5864197530864198,0.0,-0.052918056470288216,1.0,1.0,0.0,0.0,0.0,0.0,4.22
STU-10243,-0.7651190680143913,-1.0993875577522298,-0.9430255402750493,0.8843373493975902,0.25925925925925974,0.6,1.1398840000849817,1.0,0.0,0.0,0.0,1.0,0.0,4.04
STU-13728,0.9988007538118888,0.012463736972171143,-0.11316306483300602,-0.21686746987951813,1.1975308641975315,0.0,1.088470118336909,0.0,0.0,0.0,1.0,0.0,0.0,3.81
STU-13618,0.04214493746787698,0.5273450091329106,0.8125736738703341,0.06987951807228916,0.901234567901235,1.4,1.3249739743780404,1.0,0.0,0.0,0.0,0.0,1.0,5.54
STU-14916,-1.168065787219463,0.3300741377457824,-0.3929273084479372,0.9084337349397589,-1.1728395061728392,-1.0,0.38924132656313043,1.0,0.0,0.0,0.0,0.0,1.0,3.44
STU-12506,0.0,0.5273450091329106,-0.12573673870333973,1.2481927710843372,-0.38271604938271553,-1.0,0.5023518664088891,0.0,0.0,0.0,0.0,0.0,1.0,5.45
STU-10554,0.9988007538118888,0.5273450091329106,0.8314341846758353,0.0,0.0,-1.0,0.965076802141537,1.0,0.0,0.0,1.0,0.0,0.0,5.5
STU-11078,0.9453486379989712,0.5273450091329106,1.5811394891944994,0.5493975903614455,0.2839506172839511,-0.6,0.6257451826042619,0.0,0.0,0.0,0.0,0.0,1.0,5.48
STU-12742,-1.304437210896009,-0.5527022671107769,-0.726129666011788,-1.108433734939759,0.8395061728395069,-0.6,-0.5362085449021645,1.0,1.0,0.0,0.0,0.0,0.0,3.95
STU-11395,0.0,0.5273450091329106,2.759921414538311,0.1132530120481927,-0.23456790123456783,0.2,1.3249739743780404,0.0,0.0,0.0,0.0,1.0,0.0,6.07
STU-13275,0.5095083090628739,-0.6317825292790374,-0.9791748526522595,1.356626506024096,-1.0864197530864195,0.8,0.6565935116531045,1.0,0.0,0.0,0.0,0.0,1.0,4.02
STU-12891,0.14836388555764893,-0.29741055119802307,0.43693516699410606,1.7132530120481926,-1.0679012345679009,0.2,-0.16602859631604688,1.0,1.0,0.0,0.0,0.0,0.0,4.13
STU-10375,0.2148363885557643,-0.9859245729021167,-0.5736738703339883,0.506024096385542,1.3395061728395061,-1.0,0.18358579957084237,0.0,1.0,0.0,0.0,0.0,0.0,3.76
STU-14899,0.05036833990063287,-0.6519823788546256,-0.7434184675834971,0.7060240963855421,1.469135802469136,-0.2,0.1733030232212282,1.0,0.0,0.0,0.0,0.0,1.0,4.22
STU-10266,-0.003083775912284798,0.240249274739443,-0.44950884086444004,0.0,-0.5246913580246911,-0.2,0.6565935116531045,1.0,0.0,0.0,0.0,0.0,1.0,4.42
STU-12673,0.6527325681000508,0.5273450091329106,0.6836935166994107,1.4746987951807227,0.7283950617283949,-0.4,0.5846140772058044,0.0,1.0,0.0,0.0,0.0,0.0,5.55
STU-14917,0.9830392324824385,0.3395293864832918,1.6157170923379176,-0.4746987951807229,0.5679012345679016,0.8,1.232428987231511,1.0,0.0,0.0,0.0,1.0,0.0,6.04
STU-12895,0.4423505225286951,0.5273450091329106,0.7889980353634581,-0.37108433734939755,0.5185185185185189,0.4,-0.6184707556990797,0.0,0.0,0.0,1.0,0.0,0.0,3.98
STU-13813,0.4567414767860196,0.5273450091329106,0.47465618860510805,0.5686746987951805,0.2160493827160497,0.4,0.0,1.0,0.0,1.0,0.0,0.0,0.0,6.11
STU-13971,0.18262806236080123,-0.17621145374449376,-0.24047151277013745,0.21686746987951794,-0.1358024691358023,-1.0,-0.47451188680447853,0.0,0.0,0.0,0.0,0.0,1.0,3.56
STU-10727,0.9988007538118888,0.0,1.43811394891945,-0.4987951807228916,0.5802469135802472,-0.8,0.6463107353034903,1.0,0.0,0.0,1.0,0.0,0.0,5.71
STU-11453,-0.6774027753983214,-0.8535510905769851,0.3347740667976426,1.450602409638554,0.4506172839506175,0.0,0.9753595784911512,1.0,0.0,0.0,0.0,1.0,0.0,4.54
STU-13263,0.3868425561075882,0.03996991511765306,0.5406679764243615,1.5710843373493975,1.1172839506172842,0.0,0.5537657481569609,0.0,0.0,0.0,1.0,0.0,0.0,6.0
STU-12151,-0.2929587116669526,-0.24669603524229117,-0.3567779960707269,0.1638554216867469,0.30246913580246926,-0.2,0.16302024687161404,1.0,1.0,0.0,0.0,0.0,0.0,4.31
STU-13830,0.658214836388555,0.4336520898248626,0.9823182711198433,-0.06506024096385553,-0.5185185185185184,1.6,1.0987528946865242,0.0,1.0,0.0,0.0,0.0,0.0,4.85
STU-12171,0.09696762035292047,-0.708284087246159,-0.4919449901768172,-0.1855421686746989,0.27777777777777785,0.6,0.7388557224500197,0.0,0.0,0.0,0.0,1.0,0.0,4.88
STU-11107,-0.24430358060647672,-1.0396475770925113,-1.1111984282907663,-0.9325301204819276,0.0,1.0,-0.17631137266566105,0.0,0.0,0.0,0.0,1.0,0.0,3.55
STU-12685,-0.6349151961624132,-1.5235843988395834,-1.419253438113949,1.2963855421686743,0.05555555555555601,0.0,-0.21744247806411868,0.0,0.0,1.0,0.0,0.0,0.0,2.73
STU-13375,0.9988007538118888,0.5273450091329106,0.4196463654223969,-1.1036144578313252,0.5432098765432103,0.0,-0.6081879793494656,0.0,0.0,0.0,0.0,0.0,1.0,5.19
STU-12477,-0.2984409799554578,-0.2634576125496942,-1.7304518664047155,0.253012048192771,0.17283950617283964,-0.4,-0.4025324523571775,1.0,1.0,0.0,0.0,0.0,0.0,2.97
STU-14987,-0.44235052252869705,-1.291930804770603,-1.7053045186640474,-0.25783132530120484,0.5555555555555557,0.8,-0.5567740976013937,0.0,0.0,0.0,0.0,1.0,0.0,2.18
STU-10151,-0.7130375192736005,-0.20242827978940617,-0.35520628683693517,0.6120481927710841,0.01851851851851867,-0.4,-0.28942191251141974,1.0,0.0,0.0,0.0,0.0,1.0,4.05
STU-11572,0.381360287819084,0.322338025142366,0.5265225933202358,-0.7469879518072289,-0.2839506172839506,1.0,0.3686757738639021,1.0,0.0,0.0,0.0,0.0,1.0,5.51
STU-14883,0.6712352235737528,0.5273450091329106,0.0,0.4963855421686746,-0.7283950617283949,0.4,0.759421275149249,0.0,0.0,0.0,0.0,0.0,1.0,5.1
STU-14368,0.5622751413397282,0.3627377242935424,-0.11159135559921401,0.6819277108433734,-0.7777777777777776,0.4,-0.3408357942594915,1.0,0.0,0.0,0.0,1.0,0.0,4.2
STU-11679,0.4375535377762543,-0.7559901149672291,-0.11473477406679773,0.17831325301204823,-0.15432098765432098,0.2,0.7182901697507914,1.0,0.0,0.0,1.0,0.0,0.0,3.99
STU-13679,-0.07366798012677862,0.0,-0.9713163064833007,1.8096385542168674,0.4876543209876543,0.4,-0.6493190847479232,0.0,0.0,0.0,0.0,1.0,0.0,3.79
STU-12995,0.9988007538118888,0.5273450091329106,1.3752455795677805,1.2771084337349394,0.8024691358024695,-0.2,1.088470118336909,1.0,0.0,0.0,0.0,0.0,1.0,6.63
STU-11511,0.4361829707041284,0.5273450091329106,0.5139489194499018,-0.9084337349397591,1.1049382716049387,0.6,0.759421275149249,0.0,1.0,0.0,0.0,0.0,0.0,5.37
STU-12064,-0.37861915367483334,0.03438272268185225,-0.22946954813359519,0.0,0.0,-0.8,0.5126346427585032,1.0,0.0,0.0,1.0,0.0,0.0,3.74
STU-11051,0.9988007538118888,0.14010959492854802,0.8110019646365427,0.8168674698795182,-0.4999999999999997,-1.0,0.0,1.0,0.0,0.0,0.0,0.0,1.0,4.57
STU-13053,0.9405516532465303,0.13710110669388623,0.0,-1.1301204819277109,1.0308641975308641,-0.2,0.029344154326627007,0.0,0.0,0.0,0.0,1.0,0.0,4.49
STU-11752,-1.0878876135000866,-1.8244332223057915,-1.3438113948919452,-0.13253012048192767,-0.2716049382716046,1.6,-0.9475195988867406,0.0,0.0,0.0,0.0,1.0,0.0,2.14
STU-13482,0.0,0.5045664553561834,0.011001964636542285,1.289156626506024,1.561728395061729,-0.2,-0.22772525441373284,1.0,0.0,0.0,0.0,0.0,1.0,4.85
STU-10046,0.0,-0.7813473729450955,-0.337917485265226,0.0,0.05555555555555601,-0.6,0.8005523805477066,1.0,1.0,0.0,0.0,0.0,0.0,4.34
STU-13514,0.0,-0.9760395401310845,-1.452259332023576,0.6722891566265058,0.024691358024691377,1.2,-0.5567740976013937,1.0,0.0,0.0,0.0,1.0,0.0,3.84
STU-13249,0.24224772999828556,0.03825077898356079,0.8298624754420433,-0.8120481927710843,-0.4320987654320983,0.2,-0.33055301790987734,0.0,0.0,0.0,1.0,0.0,0.0,3.78
STU-11278,0.9988007538118888,0.5273450091329106,1.6565815324165034,0.35662650602409623,0.3703703703703707,-0.6,1.2632773162803546,0.0,1.0,0.0,0.0,0.0,0.0,5.7
STU-10883,0.9988007538118888,0.5273450091329106,1.6785854616895879,0.07228915662650598,-0.45061728395061695,-1.0,0.8725318149950068,0.0,0.0,0.0,0.0,0.0,1.0,5.07
STU-14333,0.25458283364742085,0.27549156548834197,0.7638506876227901,-0.3397590361445783,-0.5617283950617279,1.2,-0.17631137266566105,0.0,0.0,0.0,0.0,0.0,1.0,4.72
STU-14477,0.47318828165153237,0.5273450091329106,0.12730844793713172,-0.7542168674698795,-0.33333333333333276,0.0,0.3686757738639021,0.0,0.0,0.0,1.0,0.0,0.0,4.53
STU-10094,-1.2694877505567932,-0.9665842913935752,-0.14459724950884087,2.954216867469879,-0.6666666666666661,-0.2,-0.7418640718944526,1.0,1.0,0.0,0.0,0.0,0.0,2.87
STU-10393,0.5204728456398824,0.49511120661867397,0.4353634577603143,-0.30361445783132524,-0.4135802469135802,-0.2,0.2144341286196858,0.0,1.0,0.0,0.0,0.0,0.0,5.65
STU-13867,0.5293815316087027,-0.4336520898248632,-1.1913555992141456,-0.8409638554216867,0.5987654320987658,0.2,-0.6184707556990797,0.0,0.0,0.0,0.0,0.0,1.0,2.98
STU-10633,-1.0371766318314206,-0.572902116686365,0.011001964636542285,0.05301204819277102,0.43209876543209885,0.2,-0.8241262826913678,0.0,1.0,0.0,0.0,0.0,0.0,4.05
STU-13544,0.7431899948603724,-0.8986784140969168,-1.1709233791748528,-0.8578313253012048,0.8827160493827159,-0.2,0.7388557224500197,0.0,1.0,0.0,0.0,0.0,0.0,4.08
STU-10560,0.6136714065444566,-0.2772107016224349,-0.1948919449901769,-0.4409638554216867,0.41975308641975345,-0.8,-0.978367927935584,0.0,0.0,0.0,0.0,0.0,1.0,4.82
STU-10409,0.1209525441151267,-0.6081444074352641,-0.5233791748526524,0.7349397590361443,0.20370370370370375,-0.2,-0.41281522870679255,0.0,0.0,0.0,1.0,0.0,0.0,3.48
STU-12866,0.29364399520301404,0.5273450091329106,-0.35520628683693517,-0.7132530120481928,-0.648148148148148,-1.0,0.7697040514988631,0.0,0.0,0.0,0.0,0.0,1.0,4.1
STU-14031,0.5410313517217736,0.4160309444504134,-0.16974459724950888,0.15662650602409625,-0.4135802469135802,0.4,1.0062079075399946,1.0,0.0,0.0,1.0,0.0,0.0,4.4
STU-14532,0.5725543943806742,0.3029977436338239,0.1367387033398823,-0.8337349397590361,-0.006172839506172707,-0.2,0.7697040514988631,1.0,0.0,0.0,0.0,0.0,1.0,3.92
STU-12725,-0.40671577865341896,-0.2540023638121849,-0.5375245579567781,0.24819277108433718,1.1296296296296295,0.0,-0.3511185706091057,0.0,0.0,0.0,0.0,1.0,0.0,3.95
STU-13196,-0.06887099537433679,0.36703556462877374,-0.7245579567779961,0.7759036144578314,0.38888888888888934,0.0,0.6668762880027196,1.0,0.0,0.0,1.0,0.0,0.0,4.13
STU-11873,0.5711838273085484,0.0717739335983669,0.1713163064833006,1.4626506024096384,0.7530864197530868,-0.6,-0.4539463341052502,0.0,0.0,1.0,0.0,0.0,0.0,3.81
STU-11323,-0.47387356518759677,-0.8135811754593321,-0.3049115913555992,-0.8409638554216867,-0.4999999999999997,-0.6,0.6360279589538761,0.0,0.0,0.0,1.0,0.0,0.0,3.61
STU-14370,-0.6787733424704482,-0.46631567637262317,-0.5705304518664046,-0.1855421686746989,0.19753086419753102,-0.4,-0.5567740976013937,0.0,0.0,0.0,0.0,0.0,1.0,3.17
STU-11504,-1.0796642110673298,-0.8475341141076609,-1.7304518664047155,1.9349397590361443,-1.6728395061728394,1.4,-1.1428923495294145,0.0,0.0,0.0,0.0,1.0,0.0,2.07
STU-12093,0.9988007538118888,-1.0650048350703774,-0.7528487229862477,1.1012048192771084,-1.7777777777777777,-0.8,0.7285729461004056,0.0,1.0,0.0,0.0,0.0,0.0,3.05
STU-14139,-0.05173890697276064,-0.17320296550983136,0.20746561886051088,-0.836144578313253,-0.8148148148148144,0.0,-0.5464913212517796,0.0,0.0,1.0,0.0,0.0,0.0,4.38
STU-14395,0.9988007538118888,0.5273450091329106,0.40078585461689603,0.906024096385542,-1.407407407407407,1.8,0.5332001954577326,0.0,0.0,1.0,0.0,0.0,0.0,5.2
STU-10041,-0.28062360801781827,-0.5200386805630175,-0.48408644400785866,-0.9180722891566265,-0.35802469135802417,-0.8,0.4098068792623597,1.0,0.0,0.0,1.0,0.0,0.0,4.46
STU-10586,-1.09542573239678,0.5273450091329106,-0.12730844793713172,0.9903614457831323,-0.48765432098765377,0.2,-2.2328666425885397,0.0,0.0,0.0,0.0,1.0,0.0,2.98
STU-10600,-0.9336988178859011,0.36832491672934325,-0.3080550098231826,1.6096385542168672,0.2530864197530865,-0.8,0.060192483375469535,1.0,1.0,0.0,0.0,0.0,0.0,4.63
STU-13886,0.8055507966421103,0.12248844955409884,-0.020432220039292577,0.16144578313253008,-1.9938271604938267,0.6,-0.9166712698378972,0.0,0.0,0.0,1.0,0.0,0.0,3.74
STU-10712,-0.47729998286791275,0.25701085204684604,0.3159135559921415,-0.13975903614457832,0.03703703703703734,0.4,-0.18659414901527524,0.0,0.0,0.0,0.0,0.0,1.0,3.98
STU-14351,-0.8829878362172352,-0.14440743526377994,-0.669548133595285,0.4481927710843372,-0.339506172839506,-0.6,-0.2071597017145045,1.0,0.0,0.0,0.0,0.0,1.0,3.94
STU-14056,0.031180400890867505,0.5273450091329106,0.545383104125737,-0.40481927710843385,-1.2901234567901232,-0.4,-0.2071597017145045,0.0,0.0,1.0,0.0,0.0,0.0,4.04
STU-14486,0.18468391296899045,0.5273450091329106,0.5422396856581535,0.0,-1.1666666666666663,0.4,-0.02206972742144478,1.0,0.0,0.0,0.0,1.0,0.0,4.61
STU-12025,0.17508994346410775,-0.14999462769958136,-0.15717092337917488,0.4361445783132529,0.9938271604938278,0.6,0.38924132656313043,0.0,0.0,0.0,0.0,0.0,1.0,4.51
STU-12945,0.0,-0.5226173847641565,-0.8188605108055012,0.06506024096385532,0.0,-0.4,0.9239456967430795,1.0,0.0,0.0,0.0,0.0,1.0,4.49
STU-14792,-0.3436696933356186,-1.5081121736327499,-0.9288801571709235,1.4939759036144575,0.8209876543209876,-0.4,0.3069791157662152,0.0,0.0,0.0,0.0,0.0,1.0,3.24
STU-10199,0.29501456227514083,-0.24970452347695296,0.015717092337917432,-0.8,0.6975308641975313,1.8,0.29669633941660106,1.0,0.0,0.0,0.0,0.0,1.0,4.54
STU-11503,0.133287647764262,-1.0228859997851083,-0.06915520628683687,-0.872289156626506,1.1851851851851851,1.0,0.3995241029127446,0.0,0.0,0.0,0.0,1.0,0.0,3.7
STU-14754,-0.5896864827822523,-0.8380788653701515,-0.14302554027504916,2.4554216867469876,0.0,-0.6,0.19386857592045748,0.0,0.0,0.0,0.0,1.0,0.0,2.38
STU-12734,-0.4786705499400386,0.1040077361126035,0.7277013752455798,-1.0626506024096385,-0.5493827160493825,0.2,0.6360279589538761,0.0,1.0,0.0,0.0,0.0,0.0,4.67
STU-11623,0.0,-1.2553991619211347,-0.587819253438114,0.6987951807228916,0.049382716049382755,0.8,0.20415135227007164,0.0,0.0,0.0,0.0,0.0,1.0,4.0
STU-13427,-1.2715436011649823,-0.4147415923498445,0.4542239685658155,0.44337349397590353,0.5555555555555557,0.4,0.0,1.0,1.0,0.0,0.0,0.0,0.0,4.61
STU-13272,0.7863628576323449,0.5273450091329106,0.8550098231827112,-1.1566265060240966,-0.679012345679012,0.0,0.3275446684654445,0.0,1.0,0.0,0.0,0.0,0.0,4.63
STU-10921,0.43960938838444347,0.4113033200816587,-0.24047151277013745,-0.2867469879518073,0.0,-1.0,0.2761307867173727,0.0,0.0,0.0,1.0,0.0,0.0,4.33
STU-13151,0.058591742333389735,-0.09455248737509414,0.18860510805501002,-0.9590361445783133,0.8950617283950624,-1.0,-1.502789521765918,0.0,0.0,0.0,0.0,0.0,1.0,3.54
STU-14668,0.1709782422477293,-0.44568604276351154,-0.0974459724950883,-0.7301204819277108,0.012345679012345963,-0.4,0.09104081242431297,0.0,0.0,0.0,0.0,1.0,0.0,4.27
STU-13424,-0.15316087031009173,0.38852476630493143,-0.3159135559921415,-0.24819277108433738,0.6913580246913585,0.8,0.28641356306698684,1.0,1.0,0.0,0.0,0.0,0.0,4.31
STU-11257,-0.10998800753812013,-0.08681637477167768,0.10216110019646372,0.0,0.7222222222222221,0.6,-0.9680851515859699,0.0,0.0,0.0,1.0,0.0,0.0,4.53
STU-11195,0.46496487921877555,0.5273450091329106,0.5202357563850689,-0.7156626506024096,0.0802469135802474,0.6,-0.3614013469587199,0.0,0.0,0.0,1.0,0.0,0.0,4.84
STU-13972,0.5485694706184681,0.5273450091329106,0.0,-0.8096385542168675,0.41358024691358075,-1.0,0.34811022116467283,0.0,0.0,0.0,0.0,1.0,0.0,4.93
STU-11678,0.2641768031523035,0.0717739335983669,0.2467583497053046,-0.8240963855421687,-1.0740740740740735,1.0,0.5126346427585032,0.0,0.0,0.0,1.0,0.0,0.0,4.45
STU-14930,-1.3784478327908176,-1.205544214032449,0.3190569744597249,0.03132530120481925,-0.10493827160493822,-0.8,0.029344154326627007,1.0,0.0,0.0,1.0,0.0,0.0,3.28
STU-14380,-1.7402775398321062,-1.4436445686042767,-1.0891944990176818,0.0,-1.2592592592592586,-0.6,-0.1146147145679751,1.0,0.0,0.0,1.0,0.0,0.0,2.67
STU-11713,0.24498886414253818,0.16202858063822914,-0.33634577603143434,-0.30361445783132524,1.2469135802469133,-0.4,0.18358579957084237,1.0,1.0,0.0,0.0,0.0,0.0,4.62
STU-10971,0.22854205927702542,0.24196841087353588,0.8314341846758353,0.6337349397590358,0.7962962962962968,-0.4,0.2247169049693,0.0,0.0,0.0,0.0,1.0,0.0,3.67
STU-10179,0.0,0.2926829268292684,-0.6852652259332024,-0.1253012048192772,-0.648148148148148,-1.0,-0.43338078140602093,0.0,0.0,0.0,1.0,0.0,0.0,3.94
STU-12807,-0.6314887784820982,-0.29354249489631457,-0.13202357563850686,-0.5590361445783133,0.8086419753086422,0.8,-0.5464913212517796,0.0,0.0,0.0,0.0,1.0,0.0,3.76
STU-14210,-0.8987493575466855,-0.4499838830987429,-0.7811394891944992,0.8024096385542168,-0.8703703703703699,9.4,0.7491384987996348,1.0,0.0,0.0,1.0,0.0,0.0,3.88
STU-12311,-0.9090286105876316,-1.3456538089609973,-0.7874263261296661,1.963855421686747,0.4382716049382721,-0.4,-0.13518026726720345,1.0,0.0,0.0,0.0,1.0,0.0,3.49
STU-14684,-0.22443035806064796,-0.041689051251745955,0.3111984282907663,-0.4602409638554217,-0.3641975308641974,-0.8,0.759421275149249,1.0,0.0,0.0,0.0,0.0,1.0,4.86
STU-13283,-0.46085317800239906,-1.224884495540991,-1.7304518664047155,0.4506024096385542,-0.11728395061728364,0.6,-0.19687692536489032,0.0,0.0,0.0,0.0,0.0,1.0,3.34
STU-11215,-0.22648620866883717,0.427635113355539,-0.2420432220039292,-0.7228915662650601,-0.38271604938271553,0.0,0.4098068792623597,1.0,0.0,1.0,0.0,0.0,0.0,4.82
STU-13231,0.6623265376049334,-0.1538626840012893,-0.12730844793713172,0.1493975903614458,-1.3024691358024687,0.0,0.23499968131891508,0.0,0.0,0.0,0.0,0.0,1.0,4.69
STU-14113,0.39095425732396666,-0.24497689910819828,0.43379174852652264,0.7301204819277106,1.5679012345679018,1.0,0.8519662622957784,0.0,0.0,0.0,0.0,0.0,1.0,4.67
STU-13298,-0.4450916566729487,-0.9313420006446762,-0.9335952848722987,1.267469879518072,-0.8271604938271604,1.2,-0.41281522870679255,1.0,1.0,0.0,0.0,0.0,0.0,3.6
STU-14672,0.9268459825252692,-0.322338025142366,0.4086444007858546,0.7975903614457832,1.5555555555555551,0.4,1.3249739743780404,1.0,0.0,0.0,1.0,0.0,0.0,5.08
STU-14089,-0.33818742504711435,0.3996991511765337,0.7072691552062872,-0.3301204819277108,1.6419753086419753,-1.0,0.6257451826042619,0.0,0.0,1.0,0.0,0.0,0.0,4.88
STU-12006,0.7089258180572201,0.5273450091329106,0.3269155206286838,-0.19036144578313252,-0.06790123456790088,-0.2,-0.4025324523571775,0.0,0.0,1.0,0.0,0.0,0.0,4.46
STU-14262,0.28816172691450975,0.15128397980015026,-0.07072691552062858,-0.014457831325301323,-0.32716049382716006,-0.2,0.20415135227007164,1.0,0.0,0.0,1.0,0.0,0.0,4.51
STU-10719,0.0,0.5273450091329106,-0.2829076620825146,-0.744578313253012,1.432098765432099,0.0,0.8108351568973208,0.0,0.0,1.0,0.0,0.0,0.0,5.56
STU-12384,0.1785163611444228,0.33308262598044486,-0.6805500982318272,-0.14216867469879513,-0.7407407407407403,0.0,0.759421275149249,0.0,1.0,0.0,0.0,0.0,0.0,4.66
STU-11141,0.0,-1.1157193510261094,-0.9917485265225934,1.0,0.4074074074074075,1.0,-0.6081879793494656,0.0,0.0,0.0,0.0,1.0,0.0,2.56
STU-10172,-0.39438067500428364,0.5273450091329106,-0.18074656188605118,0.0,-0.3024691358024687,0.8,0.7388557224500197,0.0,1.0,0.0,0.0,0.0,0.0,6.31
STU-13165,-0.7706013363028956,-0.747394434296766,-0.707269155206287,-0.21445783132530133,-0.21604938271604915,0.4,-0.8961057171386688,0.0,0.0,0.0,0.0,1.0,0.0,2.85
STU-13803,0.9988007538118888,0.5273450091329106,-0.16188605108055001,0.6265060240963854,-0.33333333333333276,0.6,1.3249739743780404,0.0,0.0,0.0,0.0,1.0,0.0,4.92
STU-12138,0.46085317800239806,-0.4031374234447195,-0.3929273084479372,1.0072289156626504,0.19753086419753102,-1.0,-0.08376638551913165,0.0,0.0,0.0,1.0,0.0,0.0,4.06
STU-13337,-0.322425903717664,-1.4728698828838511,-1.0373280943025542,-0.41927710843373495,-0.2592592592592592,1.2,-0.6184707556990797,0.0,0.0,0.0,0.0,0.0,1.0,2.62
STU-13943,0.004454342984408669,0.40786504781347355,0.1477406679764243,-0.7132530120481928,1.3703703703703707,0.0,-1.0811956914317276,0.0,1.0,0.0,0.0,0.0,0.0,4.65
STU-13559,-1.1701216378276522,-1.4518104652412165,-1.488408644400786,-0.11325301204819292,-0.2901234567901233,0.2,0.029344154326627007,1.0,0.0,0.0,0.0,0.0,1.0,2.73
STU-13709,-0.34709611101593363,-0.4847963898141185,-1.3909626719056976,-0.9493975903614458,1.3703703703703707,-0.8,-0.8755401644394396,1.0,0.0,0.0,1.0,0.0,0.0,2.85
STU-14280,-0.10519102278567831,-0.10185881594498784,-0.14302554027504916,2.1879518072289157,1.0617283950617287,0.2,0.07047525972508462,1.0,0.0,0.0,1.0,0.0,0.0,4.86
STU-11529,-1.3695391468219984,-0.36918448479639,0.21060903732809433,-0.8313253012048193,0.351851851851852,-0.6,-0.7624296245936818,1.0,0.0,0.0,0.0,0.0,1.0,3.26
STU-11014,-1.6854548569470627,-0.02320833781025062,-0.3803536345776032,0.0,-0.944444444444444,-0.2,-0.7521468482440667,0.0,0.0,0.0,0.0,0.0,1.0,3.26
STU-13699,0.0,-1.0130009670140758,-0.4542239685658155,-0.6072289156626506,1.5925925925925926,0.4,0.49206909005927496,0.0,0.0,0.0,1.0,0.0,0.0,3.78
STU-11004,0.0887442179201636,0.5273450091329106,0.6836935166994107,-0.5542168674698795,-0.4197530864197529,-1.0,1.3249739743780404,1.0,1.0,0.0,0.0,0.0,0.0,5.61
STU-10218,-0.7664896350865181,-1.583324379499302,-0.9163064833005895,-0.050602409638554204,1.5308641975308643,-0.2,-1.3485478765217016,0.0,0.0,0.0,1.0,0.0,0.0,2.3
STU-10089,-0.13465821483638976,0.030944450413667085,0.05186640471512772,0.0,0.0,1.8,-0.3511185706091057,0.0,0.0,0.0,0.0,0.0,1.0,3.65
STU-10642,0.8261093027240015,0.1830879982808635,0.07858546168958744,0.7710843373493974,1.2469135802469133,0.2,0.5126346427585032,0.0,0.0,0.0,0.0,1.0,0.0,3.31
STU-14551,0.15864313859859402,-1.658536585365854,-0.6271119842829078,0.47951807228915666,-0.1296296296296296,-0.2,0.24528245766852924,1.0,0.0,1.0,0.0,0.0,0.0,3.59
STU-11298,0.8041802295699835,0.12377780165466834,0.07544204322200401,-0.18795180722891572,-1.407407407407407,-0.4,0.6771590643523338,0.0,0.0,0.0,0.0,1.0,0.0,4.49
STU-13132,-0.5862600651019364,-0.00816589663693984,0.6522593320235758,0.9108433734939757,1.1481481481481488,0.8,0.12188914147315641,0.0,0.0,0.0,0.0,0.0,1.0,4.54
STU-10002,0.1579578550625316,-0.46330718813796073,-0.7135559921414539,-0.7349397590361446,1.0617283950617287,1.0,0.04990970702585536,0.0,0.0,0.0,0.0,1.0,0.0,3.78
STU-11634,0.0,0.39583109487482515,0.30019646365422403,0.5662650602409637,0.030864197530864633,1.4,-0.7418640718944526,0.0,1.0,0.0,0.0,0.0,0.0,4.07
STU-12265,0.632859345554222,0.28752551842699037,0.746561886051081,0.7783132530120482,-1.1851851851851851,-0.6,1.2735600926299686,0.0,1.0,0.0,0.0,0.0,0.0,5.15
STU-11510,0.09559705328079368,0.5273450091329106,0.47779960707269176,0.6674698795180721,0.8827160493827159,0.6,0.07047525972508462,0.0,1.0,0.0,0.0,0.0,0.0,4.59
STU-10809,0.0,-0.05759106049210287,-0.3803536345776032,0.11566265060240952,-1.0679012345679009,-0.4,0.04990970702585536,0.0,0.0,0.0,0.0,0.0,1.0,3.86
STU-10803,0.0,-0.49296228645105833,-0.8220039292730845,0.0,0.9074074074074078,-1.0,0.14245469417238477,1.0,0.0,0.0,1.0,0.0,0.0,4.24
STU-14569,0.5972246016789439,0.5273450091329106,1.3988212180746564,0.8674698795180721,-0.3950617283950615,-1.0,-0.07348360916951749,0.0,0.0,1.0,0.0,0.0,0.0,4.81
STU-10506,-0.12163782765119106,0.13839045879445575,0.22475442043222002,0.0,-0.31481481481481466,0.2,0.0,1.0,0.0,0.0,0.0,0.0,1.0,5.59
STU-13833,0.6198389583690243,0.5273450091329106,0.8361493123772101,-0.3349397590361447,-0.7716049382716049,-0.4,0.9445112494423078,0.0,0.0,0.0,0.0,0.0,1.0,5.48
STU-10185,0.9988007538118888,0.5273450091329106,0.971316306483301,-1.2626506024096384,-0.6296296296296293,0.6,0.8314007095965491,1.0,0.0,0.0,1.0,0.0,0.0,5.71
STU-10975,0.8836731197532967,0.5273450091329106,0.8597249508840867,0.3879518072289155,-0.6172839506172839,-0.6,0.6463107353034903,0.0,0.0,0.0,0.0,1.0,0.0,5.6
STU-10580,0.0,-0.149564843666058,-1.0561886051080551,1.2457831325301203,-0.5308641975308638,0.2,-0.1454630436168176,0.0,0.0,0.0,0.0,0.0,1.0,3.6
STU-13266,0.5382902175775219,-1.530460943375954,-1.43811394891945,0.17108433734939757,-0.14197530864197502,-0.4,-0.9680851515859699,0.0,0.0,1.0,0.0,0.0,0.0,2.08
STU-12042,-0.9158814459482616,-0.18222843021381796,-1.2620825147347743,1.4891566265060239,0.660493827160494,0.0,-1.029781809683656,0.0,0.0,0.0,1.0,0.0,0.0,2.72
STU-13403,0.6821997601507612,0.5273450091329106,1.1017681728880158,1.286746987951807,-0.2037037037037032,-1.0,0.14245469417238477,0.0,0.0,0.0,1.0,0.0,0.0,5.12
STU-13324,-0.5814630803494955,0.012463736972171143,0.0,-0.5783132530120483,1.2839506172839505,0.8,0.6565935116531045,1.0,0.0,0.0,1.0,0.0,0.0,4.87
STU-10793,0.512934726743189,0.5273450091329106,0.3049115913555992,-0.5012048192771084,0.0,0.0,1.294125645329197,0.0,1.0,0.0,0.0,0.0,0.0,5.42
STU-11994,-0.4307007024156252,0.0064467605028469535,0.4793713163064835,0.8385542168674699,-1.7037037037037035,-0.4,0.20415135227007164,1.0,1.0,0.0,0.0,0.0,0.0,3.67
STU-13725,0.058591742333389735,-0.27334264532072633,-0.21375245579567775,1.3325301204819275,-0.8209876543209871,0.8,0.358392997514287,0.0,0.0,0.0,0.0,1.0,0.0,4.84
STU-11475,-1.3928387870481422,-0.3618781562264963,-0.5862475442043223,0.1638554216867469,1.0617283950617287,0.6,-0.6596018610975374,0.0,0.0,0.0,0.0,0.0,1.0,2.79
STU-13171,0.6143566900805201,0.5273450091329106,1.0671905697445976,-0.5590361445783133,0.4814814814814816,0.6,1.2529945399307394,1.0,0.0,0.0,0.0,0.0,1.0,6.15
STU-12768,0.9988007538118888,0.32663586547759726,1.1740667976424364,0.7012048192771084,-0.10493827160493822,-0.6,0.5846140772058044,0.0,0.0,0.0,0.0,1.0,0.0,5.0
STU-11625,-0.0592770258694541,0.5273450091329106,0.3489194499017683,-0.7373493975903614,-1.2901234567901232,0.2,0.23499968131891508,1.0,0.0,0.0,1.0,0.0,0.0,4.2
STU-12385,-0.698646565016276,-0.04770602772107014,0.18703339882121803,-0.7566265060240963,-0.24691358024691323,-0.6,0.3172618921158294,0.0,1.0,0.0,0.0,0.0,0.0,4.05
STU-14972,0.8206270344354972,0.5251960889652949,0.7858546168958747,-0.6626506024096385,0.3827160493827161,-0.6,0.13217191782277057,0.0,1.0,0.0,0.0,0.0,0.0,4.91
STU-11357,0.020901147849922398,0.5273450091329106,0.11473477406679773,-0.39036144578313253,0.8209876543209876,1.0,-0.2997046888610339,0.0,0.0,0.0,0.0,1.0,0.0,4.29
STU-13693,0.0,0.5273450091329106,0.05343811394891944,-0.25783132530120484,-0.648148148148148,1.0,0.5332001954577326,0.0,0.0,1.0,0.0,0.0,0.0,3.85
STU-12748,-0.6129861230083952,0.23380251423659604,0.762278978388998,-0.40481927710843385,0.0,1.4,0.44065520831120225,0.0,0.0,0.0,0.0,1.0,0.0,4.95
STU-11815,0.9110844611958189,-0.13581175459331732,-0.9807465618860512,-0.1373493975903615,0.209876543209877,-1.0,-0.16602859631604688,0.0,0.0,0.0,0.0,0.0,1.0,4.31
STU-10649,-0.4176803152304275,-1.2373482325131624,-1.5229862475442044,0.7397590361445783,-0.5802469135802466,-0.2,0.2144341286196858,1.0,0.0,0.0,1.0,0.0,0.0,2.23
STU-10750,0.012677745417165534,-0.3072955839690558,-0.7669941060903734,-0.8674698795180722,0.5740740740740744,-0.4,0.3275446684654445,0.0,0.0,0.0,1.0,0.0,0.0,3.34
STU-13103,0.8528353606304603,0.5273450091329106,1.4428290766208256,-0.6626506024096385,-0.5864197530864192,1.2,0.6565935116531045,0.0,0.0,1.0,0.0,0.0,0.0,5.2
STU-13705,0.5526811718348454,0.5273450091329106,1.7681728880157177,0.44337349397590353,1.320987654320988,0.8,0.9445112494423078,0.0,0.0,0.0,0.0,0.0,1.0,5.93
STU-13113,-0.40671577865341896,-0.3893843343719782,-0.08172888015717086,-0.39518072289156636,-0.2901234567901233,0.4,-1.4513756400178461,0.0,0.0,0.0,1.0,0.0,0.0,3.77
STU-14659,0.9988007538118888,0.27892983775652713,0.47151277013752463,-0.16626506024096394,0.2283950617283951,0.6,1.1296012237353665,0.0,0.0,1.0,0.0,0.0,0.0,5.16
STU-10859,-1.2646907658043522,0.29741055119802307,-0.12416502946954802,1.0,-0.09259259259259225,0.6,-1.8626866940024218,0.0,1.0,0.0,0.0,0.0,0.0,2.83
STU-11776,0.6102449888641416,-0.18523691844847975,-0.41178781925343805,-0.48192771084337344,-0.27777777777777735,0.0,0.5846140772058044,1.0,0.0,1.0,0.0,0.0,0.0,4.79
STU-12699,0.4615384615384605,-0.872031804018481,-0.028290766208251432,0.4674698795180721,0.2222222222222224,-0.6,-0.41281522870679255,0.0,0.0,0.0,0.0,1.0,0.0,3.48
STU-11266,0.3834161384272732,0.0,0.6491159135559924,-0.8072289156626505,-0.5617283950617279,-0.6,0.2247169049693,0.0,0.0,0.0,0.0,0.0,1.0,5.09
STU-12249,0.271714922048997,0.5273450091329106,-0.1100196463654223,0.0,0.0,-0.6,0.14245469417238477,0.0,0.0,0.0,0.0,0.0,1.0,5.56
STU-11794,-0.4300154188795618,-0.5612979477812401,-0.7654223968565816,0.5927710843373492,1.1728395061728396,-0.8,-1.2457201130255582,1.0,0.0,1.0,0.0,0.0,0.0,2.68
STU-13542,-0.7836217234880942,-1.17846781992049,-0.7968565815324166,-0.39036144578313253,0.9814814814814813,1.2,-1.7907072595551208,0.0,0.0,0.0,1.0,0.0,0.0,2.99
STU-13517,0.9988007538118888,0.5273450091329106,1.0577603143418468,0.3204819277108434,-0.37654320987654283,0.0,0.9239456967430795,1.0,0.0,0.0,0.0,1.0,0.0,5.15
STU-12212,0.01610416309748057,-0.30901472010314807,0.24047151277013745,-0.23855421686746991,-0.46913580246913567,-1.0,0.2247169049693,0.0,0.0,1.0,0.0,0.0,0.0,3.71
STU-14517,-0.9028610587630639,-1.1436553132051148,-1.0876227897838902,-0.1493975903614458,0.01851851851851867,0.0,0.0,0.0,0.0,0.0,0.0,0.0,1.0,2.1
STU-13785,0.9988007538118888,0.5273450091329106,1.3673870333988216,-0.5084337349397591,1.3271604938271606,-0.2,1.088470118336909,0.0,0.0,1.0,0.0,0.0,0.0,5.56
STU-12122,-0.8631146136714074,-2.0926184592242403,-1.7304518664047155,1.4626506024096384,1.6604938271604945,1.6,-1.112044020480571,0.0,1.0,0.0,0.0,0.0,0.0,2.94
STU-10846,0.42590371766318236,0.5273450091329106,1.2275049115913559,-0.672289156626506,1.0370370370370368,-0.4,0.8725318149950068,0.0,1.0,0.0,0.0,0.0,0.0,5.03
STU-10571,-0.31762891896522216,0.41345224024927435,0.0,0.4891566265060239,-0.7407407407407403,0.2,0.4303724319615881,0.0,0.0,1.0,0.0,0.0,0.0,4.67
STU-14860,-0.25663868425561104,0.22090899323090152,0.12259332023575631,1.5879518072289156,0.20370370370370375,0.2,-0.6287535320486948,0.0,0.0,0.0,1.0,0.0,0.0,4.21
STU-14278,0.3745074524584539,0.43537122595895544,-0.3206286836935166,-1.0096385542168675,1.0246913580246915,0.8,0.6463107353034903,1.0,0.0,0.0,1.0,0.0,0.0,5.18
STU-11324,0.37656330306664315,-0.7822069410121416,-0.8015717092337918,-0.012048192771084293,1.1172839506172842,0.8,-0.24829080711296211,1.0,0.0,0.0,0.0,0.0,1.0,4.77
STU-13836,0.13945519958882865,0.5273450091329106,-0.543811394891945,-0.3349397590361447,-1.2160493827160492,-0.4,0.3172618921158294,0.0,0.0,0.0,0.0,0.0,1.0,4.52
STU-12790,-0.28062360801781827,-0.4104437520146126,0.0,0.27469879518072277,-1.5370370370370365,-0.2,0.5743313008561892,1.0,1.0,0.0,0.0,0.0,0.0,4.09
STU-12419,-0.19564844954600089,-0.46631567637262317,-0.4542239685658155,-0.20963855421686747,0.6419753086419758,0.6,-0.24829080711296211,0.0,1.0,0.0,0.0,0.0,0.0,4.15
STU-10042,-0.005139626520474014,0.06188890082733417,7.3514796118653125,0.0,0.0,0.4,0.44065520831120225,0.0,0.0,0.0,0.0,1.0,0.0,4.19
STU-11120,0.403289360973102,0.08337810250349191,-0.5249508840864441,0.34216867469879514,0.6234567901234567,0.0,-0.052918056470288216,1.0,0.0,0.0,0.0,0.0,1.0,4.6
STU-12578,0.14288161726914467,-0.2475556033093373,0.22946954813359546,0.38072289156626504,0.9135802469135804,-0.2,0.9033801440438501,0.0,0.0,0.0,0.0,0.0,1.0,4.27
STU-12336,-0.6691793729655655,-0.6141613839045883,-1.1646365422396858,2.0963855421686746,-0.03703703703703679,1.0,-1.2148717839767147,0.0,0.0,0.0,0.0,1.0,0.0,2.76
STU-12863,0.6451944492033573,0.09369291930804739,0.9634577603143422,-0.9975903614457832,-1.950617283950617,-0.8,1.1398840000849817,0.0,0.0,0.0,0.0,1.0,0.0,4.79
STU-11119,0.32242590371766205,0.4280648973890618,0.31277013752455807,-0.8144578313253013,0.14197530864197555,-1.0,0.4509379846608173,1.0,0.0,0.0,0.0,1.0,0.0,4.59
STU-12842,0.32859345554222974,0.2634576125496936,-0.05500982318271115,0.44578313253012036,0.0,-0.6,0.2247169049693,0.0,0.0,0.0,0.0,0.0,1.0,5.4
STU-13937,0.9275312660613316,0.5273450091329106,0.8172888015717096,-0.43132530120481927,-0.012345679012345415,1.4,0.5229174191081175,0.0,0.0,0.0,0.0,0.0,1.0,5.07
STU-11069,0.27377077265718625,0.03395293864832887,0.8581532416502947,-0.5036144578313253,0.41975308641975345,2.0,-0.7932779536425244,1.0,0.0,0.0,1.0,0.0,0.0,4.52
STU-14612,0.4204214493746781,-0.028365746212528672,-0.26247544204322204,0.4867469879518071,0.7407407407407414,0.2,0.358392997514287,0.0,0.0,0.0,0.0,1.0,0.0,4.37
STU-12038,0.4752441322597216,0.3734823251316213,0.8078585461689587,1.125301204819277,0.0,-0.6,-0.6081879793494656,1.0,0.0,0.0,0.0,1.0,0.0,5.21
STU-13055,0.06133287647764137,-0.08552702267110816,-0.46051080550098233,-0.7879518072289156,-0.03703703703703679,0.6,0.3069791157662152,1.0,0.0,0.0,0.0,1.0,0.0,4.36
STU-13388,-1.5161898235394904,0.2445471150746749,0.9037328094302558,-1.036144578313253,-0.9999999999999994,-1.0,-0.834409059040982,1.0,0.0,0.0,1.0,0.0,0.0,3.43
STU-13916,0.8295357204043166,0.5273450091329106,1.1269155206286838,-0.7228915662650601,-0.8209876543209871,0.0,0.4098068792623597,0.0,0.0,1.0,0.0,0.0,0.0,4.43
STU-13990,0.0,0.5273450091329106,0.05343811394891944,0.0,0.01851851851851867,-0.4,-1.29713399477363,0.0,0.0,0.0,0.0,0.0,1.0,4.66
STU-14005,0.36422819941750784,0.17750080584506267,-0.15088408644400775,0.23855421686746991,-0.339506172839506,-0.4,-0.26885635981219047,1.0,1.0,0.0,0.0,0.0,0.0,5.01
STU-10264,0.33544629090285977,0.5273450091329106,-0.38821218074656205,-0.0867469879518073,0.16666666666666693,-1.0,-0.772712400943296,0.0,0.0,0.0,0.0,0.0,1.0,4.03
STU-12858,-0.7198903546342306,-0.6184592242398196,-0.7308447937131631,1.556626506024096,-0.08024691358024684,-0.6,-0.41281522870679255,0.0,0.0,0.0,0.0,1.0,0.0,2.19
STU-11613,0.007195477128661282,0.5273450091329106,0.12573673870334,0.7132530120481925,-1.0246913580246908,-0.2,-0.0015041747222164304,0.0,0.0,0.0,1.0,0.0,0.0,4.37
STU-13459,-0.4526297755696432,0.5273450091329106,0.43693516699410606,0.05301204819277102,-0.03703703703703679,0.2,-0.42309800505640677,0.0,0.0,0.0,0.0,0.0,1.0,4.55
STU-11159,-0.916566729484325,-1.408402277855378,0.16502946954813374,2.544578313253012,-0.648148148148148,0.2,-0.22772525441373284,0.0,0.0,1.0,0.0,0.0,0.0,2.78
STU-11967,-1.362001027925305,-1.2033952938648333,-0.30333988212180746,-1.1975903614457832,0.7530864197530868,-0.8,-1.4719411927170745,0.0,0.0,0.0,1.0,0.0,0.0,2.43
STU-10742,0.8973787904745577,0.3803588696679916,-0.6679764243614932,1.1518072289156625,1.3950617283950615,0.4,-1.235437336675944,0.0,1.0,0.0,0.0,0.0,0.0,4.23
STU-12262,-0.6856261778310783,0.3485548511872784,-0.11473477406679773,0.7132530120481925,-0.6851851851851848,0.6,-0.13518026726720345,0.0,0.0,0.0,0.0,0.0,1.0,2.94
STU-12111,-1.2729141682371092,0.4727624368754701,0.059724950884086574,-1.0626506024096385,0.7530864197530868,0.4,-0.032352503771059866,0.0,1.0,0.0,0.0,0.0,0.0,3.66
STU-14401,0.3827308548912108,0.2677554528849249,0.12888015717092344,-1.0072289156626504,0.3333333333333333,1.4,0.008778601627397745,0.0,0.0,1.0,0.0,0.0,0.0,4.64
STU-13405,0.78978927531266,-0.0863865907381543,1.1536345776031438,-0.22650602409638562,1.6358024691358026,0.2,1.16044955278421,1.0,0.0,0.0,0.0,1.0,0.0,5.63
STU-13340,0.1983895836902506,0.14612657139787222,-0.48408644400785866,-0.40481927710843385,-1.1358024691358024,-1.0,-1.04006458603327,0.0,0.0,0.0,1.0,0.0,0.0,3.29
STU-14137,-0.3964365256124729,-0.5080047276243691,-0.33634577603143434,0.8987951807228916,0.23456790123456836,-0.2,0.060192483375469535,0.0,0.0,0.0,0.0,0.0,1.0,4.21
STU-13512,0.9988007538118888,-0.9077038788009029,-0.5862475442043223,-0.1253012048192772,-0.8641975308641971,-0.4,-0.23800803076334703,0.0,0.0,0.0,0.0,0.0,1.0,3.91
STU-11712,-1.3462395065958546,-0.6674546040614592,-1.3893909626719059,0.13253012048192767,0.26543209876543244,-0.2,-0.8961057171386688,0.0,0.0,0.0,0.0,0.0,1.0,3.15
STU-14710,-1.0035977385643315,-1.0207370796174926,-1.2007858546168961,0.2144578313253011,0.2283950617283951,-1.0,0.0,0.0,0.0,0.0,1.0,0.0,0.0,2.12
STU-13975,-1.4414939181086182,-0.017621145374449806,-0.7434184675834971,1.1228915662650603,-0.1728395061728391,-0.4,-0.6184707556990797,0.0,1.0,0.0,0.0,0.0,0.0,3.52
STU-12481,-0.1140997087544976,0.383367357902654,-0.8172888015717094,-0.21445783132530133,0.15432098765432098,-0.8,0.8828145913446218,1.0,0.0,0.0,1.0,0.0,0.0,4.55
STU-11321,0.33681685797498656,0.0,1.0310412573673873,0.9831325301204819,0.12962962962963015,0.6,1.3249739743780404,1.0,1.0,0.0,0.0,0.0,0.0,5.58
STU-12141,-0.847353092341957,-0.7744708284087252,-1.7304518664047155,-0.012048192771084293,-1.7283950617283947,0.0,-0.30998746521064807,1.0,0.0,0.0,0.0,1.0,0.0,2.35
STU-13602,-0.3142025012849072,-0.2591597722144623,0.15717092337917488,-0.0867469879518073,-0.23456790123456783,2.0,-0.1454630436168176,0.0,0.0,0.0,1.0,0.0,0.0,4.0
STU-13767,-0.661641254068872,-0.01117438487160224,1.120628683693517,-0.9638554216867469,-1.1049382716049376,-0.2,0.23499968131891508,0.0,1.0,0.0,0.0,0.0,0.0,4.57
STU-14500,-0.6246359431214671,0.25744063608036943,0.9901768172888016,-1.0144578313253012,-0.2592592592592592,0.0,0.008778601627397745,0.0,1.0,0.0,0.0,0.0,0.0,4.38
STU-11571,-1.2749700188452984,-0.5234769528312027,-0.9618860510805503,-0.012048192771084293,-0.25308641975308593,-0.4,-1.9757972338481802,0.0,1.0,0.0,0.0,0.0,0.0,3.4
STU-12865,-0.4169950316943641,-0.01719136134092643,-0.5689587426326129,-1.1759036144578312,0.3271604938271606,1.8,0.6668762880027196,0.0,0.0,1.0,0.0,0.0,0.0,4.59
STU-10946,-0.47729998286791275,-1.2102718384012037,-1.6471512770137529,-0.7879518072289156,0.0,0.4,0.019061377977012833,0.0,1.0,0.0,0.0,0.0,0.0,2.93
STU-13096,-0.49717320541374055,0.0,-0.15088408644400775,0.5662650602409637,0.23456790123456836,1.2,-0.32027024156026224,0.0,0.0,0.0,0.0,1.0,0.0,4.11
STU-12587,-1.0337502141511055,-0.037820994950038024,-0.025147347740668003,0.0,0.3333333333333333,0.8,0.6565935116531045,0.0,0.0,0.0,0.0,1.0,0.0,3.34
STU-12963,-0.9672777111529901,-0.006016976469324189,-0.7559921414538311,1.2361445783132528,-1.111111111111111,0.0,0.0,0.0,0.0,0.0,0.0,1.0,0.0,4.01
STU-10411,0.7034435497687158,-0.3464059310196627,-1.0499017681728882,1.3518072289156624,1.425925925925926,-0.2,0.3686757738639021,1.0,0.0,0.0,0.0,0.0,1.0,4.33
STU-12182,-0.1257495288675695,0.427635113355539,-0.16345776031434173,-0.074698795180723,0.9382716049382713,0.4,-0.032352503771059866,0.0,0.0,0.0,0.0,1.0,0.0,4.35
STU-10538,-0.5499400376905949,-0.544536370473837,0.0,0.0,0.0,1.2,0.5023518664088891,0.0,0.0,0.0,0.0,1.0,0.0,3.83
STU-11297,0.9988007538118888,0.29784033523154585,-0.09115913555992144,0.2915662650602409,0.030864197530864633,2.2,-0.4847946631540927,0.0,0.0,1.0,0.0,0.0,0.0,5.09
STU-11366,-2.0000000000000004,-2.437735038143333,-1.6880157170923382,0.0626506024096385,0.2283950617283951,0.4,-0.2997046888610339,1.0,0.0,0.0,1.0,0.0,0.0,1.65
STU-12192,-0.3669693335617624,-0.322338025142366,1.2872298624754421,-0.04096385542168673,-0.3888888888888888,0.8,1.3249739743780404,0.0,0.0,0.0,0.0,1.0,0.0,4.35
STU-12325,-1.019359259893782,-0.7456752981626736,-0.6789783889980354,-0.11807228915662654,1.6111111111111118,-0.8,-0.08376638551913165,0.0,0.0,0.0,1.0,0.0,0.0,3.3
STU-10940,-0.6630118211409978,-0.4989792629203825,0.713555992141454,1.7903614457831323,0.7777777777777776,-0.8,-0.772712400943296,0.0,0.0,0.0,0.0,0.0,1.0,4.24
STU-10962,-1.7382216892239168,0.0,-0.6019646365422398,-1.0216867469879518,0.33950617283950657,0.0,-1.6775967197093626,0.0,0.0,0.0,0.0,0.0,1.0,2.8
STU-11017,-0.6047627205756393,-1.0950897174169982,-0.8408644400785855,0.6409638554216868,0.27160493827160515,-0.2,-0.12489749091758927,0.0,0.0,0.0,1.0,0.0,0.0,3.36
STU-11528,-1.248929244474902,-0.3674653486622971,-0.6223968565815323,0.6048192771084336,0.6172839506172839,0.6,0.759421275149249,1.0,1.0,0.0,0.0,0.0,0.0,4.31
STU-10389,0.4279595682713716,0.5273450091329106,-0.1210216110019646,0.0,0.0,-0.4,-0.9372368225371265,1.0,0.0,1.0,0.0,0.0,0.0,4.27
STU-10753,0.9988007538118888,-0.043837971419362215,-0.906876227897839,0.009638554216867478,-0.38271604938271553,-0.2,0.9342284730926936,0.0,0.0,0.0,0.0,1.0,0.0,5.18
STU-13843,-1.1653246530752104,-0.001289352100569513,0.20589390962671916,-0.19759036144578318,-0.7407407407407403,0.0,1.0781873419872947,0.0,0.0,0.0,1.0,0.0,0.0,4.37
STU-14478,0.007880760664724679,0.5273450091329106,1.2243614931237725,-0.17831325301204823,-1.296296296296296,0.6,-0.4025324523571775,0.0,0.0,0.0,0.0,1.0,0.0,4.48
STU-14989,-0.8795614185369202,-0.780917588911572,-0.6931237721021613,-0.7807228915662651,0.6358024691358032,-0.2,0.15273747052199985,0.0,0.0,0.0,0.0,1.0,0.0,2.5
STU-13057,0.35531951344868856,0.5273450091329106,0.0,0.0,0.5370370370370371,0.4,0.20415135227007164,1.0,0.0,0.0,0.0,0.0,1.0,4.23
STU-10256,-1.3092341956484508,-0.2578704201138928,-0.5831041257367386,-0.7421686746987951,-0.15432098765432098,-0.6,-0.0015041747222164304,0.0,0.0,0.0,0.0,0.0,1.0,3.19
STU-13547,-0.8631146136714074,-1.7075319651874936,-1.068762278978389,-0.04578313253012057,0.12962962962963015,-0.4,-2.130038879092396,0.0,0.0,0.0,0.0,0.0,1.0,2.06
STU-10108,0.9864656501627536,0.3128827764048566,-0.15088408644400775,0.5710843373493973,0.19753086419753102,0.8,-0.32027024156026224,0.0,0.0,0.0,1.0,0.0,0.0,3.65
STU-14199,-0.7575809491176979,-1.4290319114644896,-1.6282907662082517,0.5927710843373492,0.14814814814814828,-0.4,-0.3511185706091057,0.0,0.0,1.0,0.0,0.0,0.0,1.39
STU-10796,-0.15521672091828093,0.3412485226173847,-0.581532416502947,-0.47951807228915666,0.43209876543209885,0.6,0.4612207610104315,0.0,0.0,0.0,0.0,0.0,1.0,4.57
STU-11018,0.8932670892581793,0.5273450091329106,-0.17760314341846745,0.525301204819277,0.049382716049382755,-0.2,0.6154624062546469,0.0,0.0,0.0,0.0,0.0,1.0,5.33
STU-10934,0.0,-0.9390781132480933,-1.076620825147348,-0.7518072289156627,-1.1790123456790118,-0.6,1.3249739743780404,0.0,0.0,0.0,0.0,0.0,1.0,3.79
STU-10694,-0.37382216892239245,0.5273450091329106,0.17917485265225946,0.21927710843373496,-0.8024691358024689,0.4,0.4612207610104315,0.0,0.0,0.0,0.0,1.0,0.0,3.86
STU-11218,0.6314887784820962,0.5273450091329106,1.2495088408644404,-0.3638554216867469,0.9753086419753086,0.2,0.6360279589538761,0.0,1.0,0.0,0.0,0.0,0.0,5.77
STU-11649,0.33613157443892316,-0.38551627807026967,0.4573673870333989,-0.7734939759036145,-1.3333333333333328,-0.8,0.3995241029127446,0.0,0.0,0.0,0.0,0.0,1.0,4.18
STU-10829,-0.8672263148877858,-0.23810035457182793,0.0,0.30361445783132524,0.29629629629629656,-0.4,-1.112044020480571,0.0,0.0,0.0,0.0,1.0,0.0,3.82
STU-14764,0.49237622066129777,0.07951004620178337,0.9273084479371319,-0.2987951807228916,-0.45061728395061695,0.6,-0.17631137266566105,1.0,1.0,0.0,0.0,0.0,0.0,4.57
STU-13871,-0.2525269830392336,0.47834962931127095,0.971316306483301,-0.44337349397590364,0.38888888888888934,1.2,-0.5362085449021645,0.0,0.0,0.0,0.0,0.0,1.0,4.03
STU-12364,0.9988007538118888,0.5273450091329106,0.5139489194499018,0.08192771084337346,-0.0432098765432095,0.8,-0.0015041747222164304,0.0,0.0,0.0,0.0,0.0,1.0,4.44
STU-10608,0.9494603392153496,0.17320296550983136,-0.029862475442043148,0.11084337349397588,0.6111111111111112,-1.0,-0.19687692536489032,1.0,0.0,0.0,0.0,1.0,0.0,4.18
STU-12197,0.3107760836045902,0.39583109487482515,0.5705304518664049,-0.5036144578313253,-0.790123456790123,1.4,0.8005523805477066,1.0,0.0,1.0,0.0,0.0,0.0,4.32
STU-10418,0.0,0.0292253142795742,0.22789783889980375,0.0,0.13580246913580285,0.0,-0.15574581996643272,0.0,0.0,0.0,1.0,0.0,0.0,4.56
STU-14158,0.5396607846496477,0.07865047813473723,0.0,-0.5421686746987951,0.679012345679012,0.4,-1.1737406785782571,0.0,0.0,0.0,0.0,0.0,1.0,4.48
STU-10628,0.0,0.27892983775652713,0.12888015717092344,0.05542168674698784,-0.8888888888888885,0.4,-0.3614013469587199,0.0,1.0,0.0,0.0,0.0,0.0,4.02
STU-11714,0.07915024841528093,-0.4327925217578171,-1.032612966601179,0.4240963855421686,0.16666666666666693,-0.6,1.0473390129384523,0.0,0.0,0.0,0.0,0.0,1.0,4.15
STU-12776,0.5999657358231965,0.35672074782421825,-0.0738703339882123,0.15180722891566262,-0.32716049382716006,-1.0,-0.33055301790987734,1.0,0.0,0.0,0.0,0.0,1.0,4.62
STU-10290,0.47935583347610006,0.5273450091329106,-0.01886051080550086,0.002409638554216816,1.4629629629629635,0.0,-0.09404916186874583,1.0,0.0,0.0,0.0,1.0,0.0,4.17
STU-14504,0.29569984581120323,0.043837971419361604,-0.2797642436149312,0.10361445783132522,0.33950617283950657,0.2,-0.30998746521064807,0.0,0.0,0.0,1.0,0.0,0.0,4.95
STU-13942,0.4855233853006677,0.27592134952186537,1.0719056974459724,1.0602409638554218,-0.22222222222222185,0.8,-0.505360215853322,0.0,0.0,0.0,1.0,0.0,0.0,3.92
STU-10804,0.745931129004625,0.20887504029225312,0.10373280943025544,0.9469879518072287,-0.9197530864197526,-0.6,0.19386857592045748,0.0,0.0,0.0,0.0,0.0,1.0,4.62
STU-14657,-1.1557306835703278,-1.013860535081122,-0.5516699410609038,0.29397590361445775,0.3703703703703707,0.0,-1.184023454927872,0.0,0.0,0.0,0.0,0.0,1.0,2.96
STU-14610,0.3327051567586081,0.5273450091329106,-0.2640471512770137,-0.7759036144578313,-0.21604938271604915,-0.8,0.5229174191081175,1.0,0.0,0.0,0.0,1.0,0.0,4.69
STU-13304,0.6842556107589505,0.5273450091329106,0.8785854616895878,0.3012048192771084,0.6913580246913585,0.4,-0.42309800505640677,1.0,1.0,0.0,0.0,0.0,0.0,5.06
STU-10332,0.15384615384615316,0.5273450091329106,0.30648330058939116,-0.6385542168674699,-1.0246913580246908,0.8,-0.49507743950370686,1.0,0.0,0.0,1.0,0.0,0.0,4.55
STU-14419,0.7048141168408416,0.5273450091329106,-0.29862475442043235,0.11807228915662654,-0.7530864197530862,1.8,-0.47451188680447853,0.0,0.0,1.0,0.0,0.0,0.0,5.09
STU-11250,-0.15658728799040675,0.2544321478457076,-0.3300589390962672,-0.15180722891566262,-0.18518518518518506,0.4,-0.8755401644394396,0.0,0.0,0.0,0.0,0.0,1.0,3.78
STU-11705,0.4855233853006677,0.5273450091329106,0.15088408644400803,1.1566265060240961,-0.7407407407407403,0.6,0.0,0.0,0.0,0.0,1.0,0.0,0.0,5.01
STU-14437,0.4409799554565693,-0.07048458149779739,-0.16660117878192546,2.1493975903614455,-0.12345679012345634,-0.4,0.20415135227007164,0.0,0.0,1.0,0.0,0.0,0.0,4.51
STU-12996,0.15453143738221656,0.14913505963253462,0.768565815324165,2.209638554216867,-0.2037037037037032,-0.4,0.1733030232212282,0.0,0.0,0.0,1.0,0.0,0.0,4.69
STU-10771,-0.4985437724858664,-0.7207478242183308,-0.33320235756385064,0.9012048192771084,-0.833333333333333,0.8,0.4509379846608173,0.0,0.0,0.0,1.0,0.0,0.0,2.82
STU-12270,-0.14425218434127243,0.5273450091329106,0.6082514734774069,0.28433734939759026,0.29012345679012386,0.6,-1.2251545603263299,0.0,1.0,0.0,0.0,0.0,0.0,4.12
STU-10392,0.4437210896008219,-0.2062963360911141,-0.16974459724950888,1.8915662650602407,0.7345679012345686,0.8,0.2555652340181434,0.0,1.0,0.0,0.0,0.0,0.0,3.76
STU-13238,-1.3311632688024677,-1.0968088535510907,-0.6176817288801573,1.0024096385542167,-1.141975308641975,0.8,0.3995241029127446,0.0,0.0,0.0,0.0,1.0,0.0,3.51
STU-12359,0.5033407572383063,0.5170301923283551,0.08015717092337915,0.0,-0.11111111111111092,1.2,1.1193184473857525,0.0,0.0,0.0,1.0,0.0,0.0,5.8
STU-12327,-0.3909542573239686,0.16331793273879863,0.9807465618860512,1.3879518072289154,-1.4629629629629624,-0.2,0.0807580360746988,0.0,0.0,0.0,0.0,0.0,1.0,4.67
STU-14718,-0.19085146479355905,-0.5170301923283551,-0.20589390962671916,-1.2048192771084336,0.9506172839506178,-0.4,-0.10433193821836001,1.0,0.0,0.0,1.0,0.0,0.0,4.59
STU-14859,0.5876306321740612,0.5273450091329106,1.6125736738703342,-0.019277108433734955,0.5000000000000002,1.4,-0.15574581996643272,0.0,0.0,0.0,0.0,1.0,0.0,4.84
STU-12238,-0.4115127634058598,-0.17148382937573908,0.3866404715127703,-1.1180722891566266,0.3333333333333333,-0.2,0.6977246170515621,1.0,0.0,1.0,0.0,0.0,0.0,4.4
STU-12334,-0.9042316258351898,0.15429246803481206,-0.6994106090373282,-0.672289156626506,0.0,0.2,0.6771590643523338,1.0,0.0,0.0,0.0,1.0,0.0,4.19
STU-13095,0.9988007538118888,0.5187493284624474,-0.21218074656188604,-0.02891566265060243,-0.23456790123456783,0.2,-1.8318383649535783,0.0,0.0,0.0,0.0,0.0,1.0,3.64
STU-12237,-0.6541031351721786,-0.5144514881272161,-0.09901768172888002,1.4939759036144575,-0.018518518518518122,0.2,0.44065520831120225,0.0,0.0,0.0,1.0,0.0,0.0,3.64
STU-11728,-0.9439780709268463,0.4736220049425163,0.6318271119842832,-0.23132530120481926,-0.6975308641975307,0.0,0.7491384987996348,0.0,0.0,0.0,0.0,0.0,1.0,4.3
STU-14167,0.9378105191022776,0.0717739335983669,-0.1713163064833006,2.2819277108433735,-0.2839506172839506,1.0,0.2658480103677576,1.0,0.0,1.0,0.0,0.0,0.0,5.4
STU-10738,0.23059790988521464,-0.2772107016224349,0.1713163064833006,0.26024096385542167,-0.8518518518518517,1.0,0.3686757738639021,0.0,0.0,0.0,0.0,0.0,1.0,4.62
STU-14057,-0.6157272571526478,0.00816589663693984,-0.5375245579567781,-0.13012048192771083,0.27777777777777785,1.0,-0.9680851515859699,0.0,1.0,0.0,0.0,0.0,0.0,3.37
STU-10165,0.9035463422991253,0.16030944450413626,0.6318271119842832,0.1373493975903613,-0.07407407407407358,1.0,0.10132358877392715,0.0,0.0,0.0,0.0,1.0,0.0,4.74
STU-11868,-0.12437896179544368,-0.5316428494681424,-0.07544204322200401,1.580722891566265,1.0246913580246915,-1.0,-0.7624296245936818,0.0,0.0,0.0,1.0,0.0,0.0,2.98
STU-14759,0.9988007538118888,0.4817879015794561,0.8801571709233793,-0.4457831325301205,-0.48148148148148107,-0.6,0.2761307867173727,0.0,0.0,0.0,0.0,1.0,0.0,4.26
STU-12834,-0.745931129004626,-1.1836252283227682,-1.0876227897838902,-0.21445783132530133,0.6419753086419758,-1.0,-0.7932779536425244,1.0,0.0,0.0,0.0,0.0,1.0,3.81
STU-13370,0.060647592941578954,0.1272160739228535,-1.0891944990176818,-0.2987951807228916,0.858024691358025,1.0,0.16302024687161404,0.0,0.0,0.0,0.0,0.0,1.0,4.64
STU-10213,-0.9844097995545662,-0.3287847856452136,0.4982318271119844,-0.6891566265060242,0.7592592592592595,0.2,-0.052918056470288216,1.0,0.0,0.0,0.0,0.0,1.0,4.14
STU-10060,0.4300154188795608,0.18050929407972507,0.017288801571709148,0.8746987951807226,2.018518518518518,-0.2,0.2658480103677576,0.0,1.0,0.0,0.0,0.0,0.0,4.84
STU-10074,0.9988007538118888,0.5273450091329106,0.870726915520629,0.7590361445783133,-1.0493827160493823,0.2,0.6463107353034903,1.0,1.0,0.0,0.0,0.0,0.0,5.22
STU-11052,0.37587801953057975,-0.9773288922316541,-1.1033398821218077,0.8457831325301204,0.4074074074074075,1.6,-0.21744247806411868,0.0,0.0,0.0,0.0,0.0,1.0,3.44
STU-14681,-0.6657529552852505,-1.2807564198990011,-1.7304518664047155,1.5879518072289156,-0.09876543209876497,0.0,0.16302024687161404,0.0,1.0,0.0,0.0,0.0,0.0,3.11
STU-13200,-0.3094055165324663,-0.2939722789298379,0.0,-0.4506024096385542,0.9320987654320986,0.8,0.0,0.0,0.0,0.0,1.0,0.0,0.0,2.94
STU-12943,0.28610587630632056,0.5273450091329106,-0.20589390962671916,0.36867469879518056,0.14814814814814828,0.0,-1.0606301387324992,0.0,0.0,0.0,1.0,0.0,0.0,3.56
STU-14557,0.0,-1.0486730417964976,-0.8377210216110021,-0.9349397590361445,0.0864197530864201,-0.2,0.07047525972508462,0.0,0.0,0.0,1.0,0.0,0.0,2.21
STU-10242,0.4224772999828673,0.3472654990867089,1.095481335952849,0.19759036144578296,0.6543209876543212,0.0,0.5846140772058044,1.0,0.0,0.0,0.0,1.0,0.0,5.55
STU-10955,-0.00034264176803218524,0.4903835822499193,-0.23575638506876231,0.32289156626506016,0.7098765432098767,-0.8,0.6360279589538761,0.0,1.0,0.0,0.0,0.0,0.0,5.48
STU-14163,0.43344183655987584,0.5273450091329106,0.4793713163064835,-0.5493975903614458,-0.5370370370370365,-1.0,0.2761307867173727,1.0,0.0,1.0,0.0,0.0,0.0,5.41
STU-13386,-0.42042144937467907,-0.1934028150854196,0.6742632612966604,0.6048192771084336,-0.1358024691358023,0.2,-0.7315812955448384,1.0,0.0,0.0,1.0,0.0,0.0,3.48
STU-13078,0.2689737879047444,-0.7413774578274418,-0.48565815324165035,-0.6337349397590362,-0.9999999999999994,1.0,-0.3511185706091057,1.0,0.0,0.0,0.0,1.0,0.0,3.2
STU-10791,-0.22305979098852213,-0.44267755452884916,0.6318271119842832,-0.34216867469879514,0.10493827160493877,-0.2,0.3995241029127446,0.0,0.0,0.0,0.0,1.0,0.0,4.55
STU-10093,-0.18673976357718064,-0.10185881594498784,-0.15088408644400775,-0.8746987951807229,0.3333333333333333,0.2,-0.07348360916951749,0.0,0.0,0.0,0.0,1.0,0.0,3.39
STU-13501,0.9988007538118888,0.5273450091329106,0.048722986247544293,-0.42891566265060244,0.16049382716049423,-0.4,1.2838428689795829,1.0,0.0,0.0,1.0,0.0,0.0,5.61
STU-13899,0.0,0.3747716772321908,0.619253438113949,0.2240963855421686,0.11111111111111148,1.0,0.3172618921158294,0.0,0.0,0.0,1.0,0.0,0.0,4.51
STU-14804,0.27582662326537544,-0.3167508327065652,-0.8267190569744598,-0.4506024096385542,0.16666666666666693,1.0,-0.6493190847479232,1.0,0.0,0.0,0.0,0.0,1.0,4.97
STU-12288,-0.38136028781908593,-0.491243150316966,-0.5186640471512769,-0.8048192771084337,-0.19753086419753046,-0.4,-0.9578023752363548,1.0,0.0,0.0,0.0,1.0,0.0,2.59
STU-13020,-0.060647592941579925,-0.05157408402277868,-0.3693516699410609,0.24819277108433718,-0.18518518518518506,0.4,0.6051796299050327,1.0,0.0,0.0,0.0,1.0,0.0,3.94
STU-14450,0.18125749528867444,0.09627162350918642,-0.24047151277013745,1.595180722891566,-0.2716049382716046,0.6,0.20415135227007164,0.0,0.0,1.0,0.0,0.0,0.0,3.85
STU-11439,0.006510193592597886,0.5273450091329106,0.3316306483300589,-0.5325301204819277,0.6913580246913585,1.6,-0.772712400943296,0.0,0.0,0.0,0.0,0.0,1.0,4.65
STU-12352,0.9988007538118888,0.5273450091329106,0.28447937131630663,0.0,-0.8950617283950613,0.6,0.5434829718073467,0.0,1.0,0.0,0.0,0.0,0.0,4.39
STU-12818,0.9988007538118888,0.17621145374449315,9.965598746022957,0.0626506024096385,-0.7530864197530862,-0.6,0.7182901697507914,0.0,0.0,0.0,0.0,1.0,0.0,5.52
STU-12730,0.4916909371252344,0.3777801654668526,0.36149312377210235,-0.563855421686747,-0.493827160493827,0.2,-0.6698846374471524,1.0,0.0,0.0,0.0,0.0,1.0,4.27
STU-12897,0.3128319342127794,0.5273450091329106,-0.26247544204322204,-0.3108433734939759,-1.2098765432098764,-0.4,-0.0015041747222164304,0.0,0.0,0.0,1.0,0.0,0.0,3.78
STU-14179,0.3046085317800235,-0.1684753411410767,1.2133595284872303,-0.8987951807228916,-0.25308641975308593,0.6,0.38924132656313043,0.0,0.0,0.0,0.0,1.0,0.0,5.25
STU-12460,0.9988007538118888,0.5273450091329106,1.301375245579568,-0.27951807228915665,0.0,0.2,0.04990970702585536,0.0,0.0,0.0,0.0,0.0,1.0,5.82
STU-12252,-1.0776083604591404,-0.7426668099280113,-0.5343811394891946,0.4481927710843372,-1.1234567901234565,-0.4,-0.8035607299921395,0.0,0.0,0.0,1.0,0.0,0.0,2.67
STU-11345,0.0,-1.247663049317718,-1.3108055009823185,-0.6698795180722892,1.098765432098766,-1.0,-1.3588306528713168,0.0,0.0,1.0,0.0,0.0,0.0,2.27
STU-12287,-1.3051224944320723,-0.47233265284194736,-1.0514734774066798,0.18313253012048186,-0.8580246913580244,-1.0,-1.0914784677813418,1.0,1.0,0.0,0.0,0.0,0.0,2.35
STU-11454,0.0,0.27592134952186537,0.8078585461689587,-0.6939759036144578,-0.33333333333333276,-1.0,-0.28942191251141974,0.0,0.0,0.0,0.0,1.0,0.0,4.67
STU-11843,0.9988007538118888,0.5273450091329106,0.6585461689587426,0.1638554216867469,0.2283950617283951,-0.2,0.8108351568973208,1.0,0.0,0.0,0.0,1.0,0.0,5.45
STU-13106,0.5115641596710632,0.4964005587192435,1.7571709233791755,-0.03373493975903628,-0.45061728395061695,-1.0,1.3249739743780404,0.0,1.0,0.0,0.0,0.0,0.0,6.92
STU-11582,0.6897378790474546,0.0,1.252652259332024,0.6530120481927708,0.6296296296296293,0.4,1.3249739743780404,0.0,0.0,0.0,0.0,0.0,1.0,5.84
STU-10034,0.9988007538118888,-0.05114429998925531,-0.5563850687622789,-0.7108433734939759,-0.08641975308641955,0.4,-0.42309800505640677,0.0,0.0,0.0,0.0,0.0,1.0,3.97
STU-11933,-1.0748672263148888,-0.6218974965080047,-0.9398821218074657,0.04096385542168673,-1.0864197530864195,-1.0,-0.7624296245936818,0.0,0.0,0.0,1.0,0.0,0.0,2.87
STU-13948,0.42384786705499317,-0.861716987213925,0.0,0.021686746987951772,-0.7777777777777776,0.6,0.19386857592045748,0.0,0.0,0.0,0.0,0.0,1.0,4.23
STU-10065,0.3395579921192382,0.0,1.425540275049116,0.17349397590361437,0.2283950617283951,0.2,0.9342284730926936,0.0,0.0,1.0,0.0,0.0,0.0,5.89
STU-14980,-0.31146136714065553,-1.0018265821424737,-0.47151277013752463,-0.4120481927710843,0.3580246913580247,0.2,-1.2457201130255582,0.0,0.0,0.0,1.0,0.0,0.0,3.03
STU-13688,-0.4519444920335798,-1.519716342537875,-1.6110019646365425,1.8168674698795177,0.3271604938271606,0.4,-0.1454630436168176,0.0,0.0,1.0,0.0,0.0,0.0,3.12
STU-12394,0.012677745417165534,0.5273450091329106,0.6082514734774069,0.4216867469879518,0.351851851851852,-0.8,0.19386857592045748,0.0,0.0,0.0,0.0,0.0,1.0,5.56
STU-10908,0.22785677574096203,0.5273450091329106,-0.012573673870334002,0.13012048192771083,1.1790123456790123,0.4,0.0,0.0,0.0,0.0,0.0,1.0,0.0,5.38
STU-11363,0.1209525441151267,0.0,0.10058939096267201,2.159036144578313,-1.141975308641975,-0.4,-0.5362085449021645,0.0,0.0,1.0,0.0,0.0,0.0,3.65
STU-14156,-0.9432927873907839,0.0,-1.4679764243614934,0.3638554216867469,0.17283950617283964,2.2,-0.32027024156026224,0.0,0.0,0.0,0.0,0.0,1.0,2.25
STU-12884,-1.5607332533835883,-1.3929300526485444,-0.14616895874263258,0.0,0.0,0.8,0.10132358877392715,1.0,0.0,0.0,0.0,1.0,0.0,3.23
STU-10783,-1.2633201987322265,-0.7405178897603957,-0.8314341846758351,1.2843373493975903,-0.8024691358024689,-1.0,-0.4436635577556351,0.0,0.0,0.0,0.0,0.0,1.0,3.35
STU-12409,0.0,-1.2403567207478245,-0.07858546168958744,0.2867469879518071,-1.3888888888888888,0.4,0.039626930676241186,0.0,0.0,1.0,0.0,0.0,0.0,2.26
STU-12005,-0.9343841014219636,-0.7061351670785434,-0.7434184675834971,-0.5253012048192771,-0.47530864197530837,0.4,-2.0169283392466375,0.0,0.0,0.0,0.0,1.0,0.0,2.38
STU-11152,-0.6904231625835201,-0.1418287310626409,0.2326129666011789,-1.1903614457831326,-0.679012345679012,-0.2,0.28641356306698684,0.0,0.0,0.0,1.0,0.0,0.0,3.57
STU-10635,0.9103991776597554,0.0,0.43693516699410606,-0.08915662650602411,0.8086419753086422,-0.4,0.8416834859461642,0.0,0.0,0.0,0.0,0.0,1.0,4.99
STU-14176,-0.8514647935583355,-1.2489524014182876,-1.7304518664047155,1.0481927710843373,-0.32098765432098736,-0.8,-0.39224967600756333,0.0,0.0,0.0,0.0,0.0,1.0,2.47
STU-14003,0.3724516018502647,-0.9291930804770605,-1.3485265225933205,-0.19759036144578318,-0.6296296296296293,0.4,-0.18659414901527524,0.0,0.0,0.0,0.0,1.0,0.0,2.31
STU-13534,0.3751927359945173,0.44912431503169675,-0.2436149312377209,-1.1301204819277109,0.01851851851851867,1.6,-0.5567740976013937,0.0,0.0,0.0,0.0,1.0,0.0,4.59
STU-12160,0.9988007538118888,0.5273450091329106,0.5438113948919452,-0.16867469879518074,0.9506172839506178,-0.2,0.8828145913446218,1.0,0.0,1.0,0.0,0.0,0.0,5.03
STU-13765,-0.2086688367311986,-1.0340603846567102,-0.34106090373280945,-0.5759036144578313,1.6728395061728398,0.6,0.0,0.0,0.0,0.0,0.0,0.0,1.0,3.25
STU-12131,0.9988007538118888,0.4671752444396687,-0.5343811394891946,-0.96144578313253,1.3580246913580252,-0.6,1.0987528946865242,1.0,1.0,0.0,0.0,0.0,0.0,5.26
STU-10217,0.13876991605276623,-0.929622864510584,-0.8833005893909628,1.0698795180722889,-0.339506172839506,1.4,0.07047525972508462,0.0,0.0,0.0,0.0,1.0,0.0,2.63
STU-10565,-0.07777968134315608,-0.6365101536477922,-0.5783889980353635,0.9686746987951805,1.0679012345679015,0.8,-0.7212985191952243,0.0,0.0,1.0,0.0,0.0,0.0,3.21
STU-11385,0.0668151447661466,0.5273450091329106,0.7544204322200393,0.09638554216867457,-0.09259259259259225,1.4,-0.5259257685525504,0.0,0.0,0.0,0.0,1.0,0.0,4.65
STU-12297,0.34366969333561664,-0.3928226066401634,0.7245579567779964,0.0,-0.07407407407407358,0.0,1.3249739743780404,0.0,0.0,0.0,0.0,1.0,0.0,4.73
STU-11158,0.5060818913825589,0.2531427957451381,0.0,0.15421686746987942,0.23456790123456836,0.2,-0.9372368225371265,0.0,0.0,0.0,1.0,0.0,0.0,3.22
STU-13934,-0.2854205927702591,-1.325024175351886,-0.012573673870334002,-1.036144578313253,0.5864197530864198,0.0,0.28641356306698684,0.0,0.0,1.0,0.0,0.0,0.0,3.7
STU-10624,-0.4444063731368863,-0.29827011926506924,-0.07544204322200401,0.06024096385542168,0.5185185185185189,-0.8,-0.5773396503006221,0.0,0.0,0.0,0.0,0.0,1.0,3.75
STU-13311,0.2922734281308882,-0.32018910497475034,-0.7889980353634578,0.975903614457831,-0.7345679012345675,-0.2,0.8622490386453926,1.0,1.0,0.0,0.0,0.0,0.0,4.5
STU-13341,-0.06818571183827339,0.5273450091329106,0.24361493123772118,0.7783132530120482,-0.5555555555555551,0.2,-0.49507743950370686,0.0,0.0,1.0,0.0,0.0,0.0,4.61
STU-13729,-1.3071783450402614,-1.2369184484796392,-1.7304518664047155,-1.110843373493976,0.9135802469135804,0.6,-1.6056172852620616,1.0,0.0,0.0,0.0,0.0,1.0,2.69
STU-13131,-0.7555250985095087,-0.5733319007198885,-0.3567779960707269,0.3301204819277108,0.3827160493827161,0.4,-0.18659414901527524,0.0,0.0,1.0,0.0,0.0,0.0,2.72
STU-11789,0.6020215864313847,0.5273450091329106,0.8833005893909627,-0.4602409638554217,1.0864197530864195,-0.6,0.6874418407019479,0.0,0.0,0.0,1.0,0.0,0.0,5.37
STU-12361,-0.3080349494603395,-0.5870849897926297,-1.0341846758349706,0.7879518072289154,-1.6419753086419748,0.6,0.6668762880027196,0.0,0.0,0.0,1.0,0.0,0.0,4.08
STU-11897,-0.9391810861744054,-0.25744063608037004,-0.3929273084479372,1.4963855421686743,-0.7777777777777776,0.0,-0.47451188680447853,0.0,0.0,0.0,0.0,0.0,1.0,3.29
STU-11434,0.3464108274798693,0.5273450091329106,0.8377210216110021,0.13975903614457832,0.33950617283950657,0.0,0.0,0.0,0.0,0.0,0.0,1.0,0.0,4.65
STU-14823,-0.37245160185026666,0.2668958848178788,0.24204322200392947,-0.5180722891566265,1.2716049382716053,-0.2,-0.6801674137967666,0.0,0.0,0.0,0.0,1.0,0.0,4.58
STU-11611,-0.5944834675346932,-0.2140324486945312,0.16188605108055001,-0.6265060240963856,-0.296296296296296,1.2,0.5948968535554185,0.0,0.0,0.0,0.0,0.0,1.0,4.14
STU-12424,-0.3546342299126271,0.5273450091329106,0.42278978388998034,0.5397590361445783,1.0370370370370368,1.0,-0.33055301790987734,0.0,0.0,0.0,0.0,0.0,1.0,4.94
STU-14674,-0.6952201473359609,0.08509723863758419,-0.13202357563850686,-0.05542168674698805,-0.06790123456790088,-1.0,0.42008965561197387,0.0,1.0,0.0,0.0,0.0,0.0,4.26
STU-14766,-0.9405516532465312,0.02836574621252806,-0.13673870333988203,0.3831325301204819,-0.44444444444444425,0.0,-0.8652573880898254,0.0,0.0,0.0,0.0,0.0,1.0,3.44
STU-12493,-0.3888984067157794,0.12549693778876123,-0.6758349705304519,0.06506024096385532,0.7283950617283949,-0.6,-0.07348360916951749,1.0,0.0,0.0,0.0,1.0,0.0,3.67
STU-13977,0.717149220489977,0.5273450091329106,0.696267190569745,-0.9084337349397591,-0.43827160493827155,1.8,0.14245469417238477,0.0,0.0,0.0,0.0,1.0,0.0,4.01
STU-11102,-0.07572383073496783,-0.4366605780595256,0.0990176817288803,0.2265060240963854,-0.11111111111111092,-0.6,0.3686757738639021,0.0,0.0,0.0,1.0,0.0,0.0,3.76
STU-13118,0.3525783793044359,0.5273450091329106,1.0420432220039295,0.23132530120481926,0.8024691358024695,0.0,0.039626930676241186,0.0,0.0,0.0,0.0,0.0,1.0,4.73
STU-13174,0.32037005310947286,-0.6889438057376169,-0.3300589390962672,1.469879518072289,0.746913580246914,0.4,0.6154624062546469,0.0,0.0,0.0,0.0,1.0,0.0,4.19
STU-14880,-0.29090286105876334,0.5273450091329106,0.3080550098231829,0.28433734939759026,-0.34567901234567877,1.0,-0.5876224266502372,0.0,0.0,0.0,0.0,0.0,1.0,4.14
STU-10856,0.04694192222031784,0.5273450091329106,1.6424361493123776,0.41927710843373495,-0.9320987654320986,0.4,1.3249739743780404,1.0,0.0,0.0,0.0,0.0,1.0,6.08
STU-11526,-1.1536748329621385,-0.33351241001396825,-0.7182711198428291,-0.7662650602409639,-0.3888888888888888,0.4,-0.7932779536425244,1.0,1.0,0.0,0.0,0.0,0.0,2.63
STU-11049,-1.0488264519444923,-1.2906414526700334,-1.163064833005894,-0.5228915662650603,0.1234567901234569,0.6,-1.0709129150821135,0.0,0.0,0.0,0.0,0.0,1.0,2.38
STU-10568,0.22443035806064698,0.5273450091329106,0.7088408644400787,-0.27951807228915665,-0.11111111111111092,-0.4,-0.42309800505640677,1.0,0.0,0.0,0.0,0.0,1.0,4.76
STU-14091,-0.27102963851293554,-0.5187493284624479,-0.26561886051080547,0.26024096385542167,-0.6851851851851848,1.8,-0.13518026726720345,0.0,0.0,0.0,1.0,0.0,0.0,3.61
STU-10308,-1.4469761863971222,-1.0099924787794134,-0.7277013752455797,0.7614457831325301,0.0,0.2,0.10132358877392715,1.0,0.0,1.0,0.0,0.0,0.0,2.52
STU-13362,0.9988007538118888,0.5273450091329106,1.5119842829076622,-0.5349397590361445,0.46913580246913617,-0.8,1.3249739743780404,1.0,0.0,0.0,0.0,1.0,0.0,5.79
STU-14376,0.4567414767860196,0.3459761469861394,0.009430255402750571,-0.19277108433734935,-0.2839506172839506,0.2,-1.574768956213219,0.0,0.0,0.0,0.0,0.0,1.0,3.77
STU-13455,-0.7520986808291936,0.27291286128720293,-0.2703339882121809,1.3204819277108433,0.9444444444444451,-1.0,-0.7212985191952243,0.0,0.0,1.0,0.0,0.0,0.0,3.66
STU-14165,0.7548398149734443,0.3764908133662831,-0.4196463654223969,0.9855421686746987,0.29012345679012386,0.4,0.4715035373600457,1.0,0.0,0.0,0.0,0.0,1.0,4.63
STU-10069,0.25458283364742085,0.1272160739228535,0.9068762278978393,-0.7493975903614458,-0.1358024691358023,-0.2,0.04990970702585536,1.0,0.0,0.0,1.0,0.0,0.0,4.6
STU-11450,0.5156758608874416,-0.299129687332116,0.34734774066797663,2.6891566265060236,-0.2901234567901233,-1.0,-0.7829951772929102,0.0,0.0,0.0,1.0,0.0,0.0,4.15
STU-14728,-0.9241048483810185,-0.05458257225744108,-0.07544204322200401,1.2722891566265058,0.2839506172839511,-0.2,-1.441092863668232,0.0,0.0,0.0,0.0,1.0,0.0,2.95
STU-13008,0.0,-1.0095626947458907,-0.13516699410609032,-0.7132530120481928,-0.7469135802469135,0.4,-0.3614013469587199,0.0,0.0,1.0,0.0,0.0,0.0,3.73
STU-14026,0.7116669522014727,-0.5969700225636618,-0.6978388998035364,0.0,0.0,0.6,-0.7315812955448384,0.0,0.0,1.0,0.0,0.0,0.0,3.78
STU-14248,-0.20524241905088259,-0.21145374449339216,-0.545383104125737,-0.19277108433734935,0.0,-0.4,-0.07348360916951749,0.0,0.0,0.0,0.0,0.0,1.0,3.77
STU-11655,-1.8382730854891216,0.08423767057053805,0.275049115913556,-0.4915662650602409,-0.3888888888888888,-0.4,0.14245469417238477,0.0,0.0,0.0,0.0,0.0,1.0,3.59
STU-14706,-0.00719547712866323,0.5273450091329106,0.587819253438114,0.0,0.0,0.0,0.8622490386453926,1.0,0.0,0.0,0.0,0.0,1.0,5.1
STU-14470,-0.7719719033750224,-0.3872354142043626,-0.35834970530451865,-0.10843373493975907,0.4938271604938276,0.6,-0.43338078140602093,0.0,1.0,0.0,0.0,0.0,0.0,3.14
STU-13102,0.5060818913825589,0.24927473944342957,0.38821218074656205,-0.7662650602409639,0.858024691358025,-0.4,0.29669633941660106,0.0,0.0,1.0,0.0,0.0,0.0,4.23
STU-12229,0.33476100736679737,-0.5707531965187495,0.44950884086444004,0.4361445783132529,0.660493827160494,1.0,0.2658480103677576,0.0,0.0,0.0,0.0,0.0,1.0,4.79
STU-11023,-0.6280623608017821,-0.8857848930912217,-1.5104125736738705,-0.4843373493975904,1.537037037037037,0.8,1.2118634345322818,1.0,0.0,0.0,0.0,0.0,1.0,4.16
STU-13374,-0.9199931471646401,-0.5681744923176104,-0.8125736738703341,0.14457831325301196,0.12962962962963015,-0.4,-0.6390363083983089,0.0,0.0,0.0,0.0,1.0,0.0,3.19
STU-10327,0.0,-0.37305254109809854,0.14616895874263258,0.6867469879518071,0.06790123456790143,-0.8,-0.6390363083983089,1.0,0.0,0.0,0.0,0.0,1.0,2.49
STU-11780,-0.4519444920335798,-0.5299237133340496,-0.8927308447937132,2.1638554216867467,0.04320987654321005,1.6,0.10132358877392715,0.0,0.0,0.0,0.0,0.0,1.0,4.27
STU-14133,0.9988007538118888,0.4435371225958953,0.5045186640471515,0.2915662650602409,-0.40740740740740694,-0.4,-0.8755401644394396,0.0,0.0,1.0,0.0,0.0,0.0,4.64
STU-14131,0.0,-0.45342215536692804,0.15559921414538316,-0.5012048192771084,-0.2037037037037032,-0.4,-0.2585735834625763,0.0,0.0,0.0,0.0,0.0,1.0,3.99
STU-10064,-0.49580263834161475,-0.2956914150639308,-0.8047151277013754,0.23373493975903606,-1.2283950617283945,-0.6,-1.04006458603327,0.0,0.0,0.0,0.0,0.0,1.0,2.94
STU-12418,-1.0474558848723665,0.019770065542064844,-0.36306483300589404,-0.9421686746987952,-0.46913580246913567,-0.2,-0.4436635577556351,0.0,0.0,0.0,0.0,0.0,1.0,2.95
STU-12987,0.0,0.5273450091329106,0.24204322200392947,0.253012048192771,-0.9691358024691353,0.8,-0.2997046888610339,0.0,0.0,0.0,0.0,0.0,1.0,4.53
STU-12177,-0.7945862600651028,0.5273450091329106,-0.0738703339882123,0.944578313253012,-0.14197530864197502,0.8,0.8211179332469349,1.0,0.0,0.0,1.0,0.0,0.0,4.83
STU-13414,0.5478841870824046,-0.6120124637369726,-0.6051080550098232,-0.2963855421686748,1.3086419753086425,-0.8,0.11160636512354223,0.0,0.0,1.0,0.0,0.0,0.0,3.76
STU-12498,0.9988007538118888,-0.06145911679381141,0.11630648330058944,0.2578313253012047,-0.11111111111111092,-1.0,0.44065520831120225,0.0,0.0,0.0,1.0,0.0,0.0,4.86
STU-11905,0.4711324310433432,0.4504136671322656,1.1913555992141456,0.6144578313253009,0.8765432098765431,0.6,1.3249739743780404,0.0,1.0,0.0,0.0,0.0,0.0,6.9
STU-12605,0.4752441322597216,-0.16288814870527588,0.012573673870334002,-0.5156626506024097,-0.11111111111111092,-1.0,1.3249739743780404,0.0,0.0,0.0,0.0,0.0,1.0,5.3
STU-14837,-0.6595854034606827,-0.20457719995702184,0.36620825147347746,1.4024096385542169,-0.25308641975308593,-0.6,0.019061377977012833,0.0,0.0,0.0,0.0,0.0,1.0,3.96
STU-11797,0.16481069042316168,-0.4113033200816593,0.42436149312377236,0.0,-0.7530864197530862,1.2,-0.1454630436168176,1.0,0.0,0.0,0.0,1.0,0.0,4.46
STU-13247,0.9988007538118888,0.2578704201138928,1.3359528487229868,0.0,0.8209876543209876,0.8,0.7285729461004056,0.0,0.0,0.0,0.0,1.0,0.0,4.96
STU-12548,0.7363371594997423,-0.3485548511872784,-0.5579567779960707,-0.24578313253012057,0.19135802469135832,0.2,0.12188914147315641,0.0,0.0,0.0,0.0,0.0,1.0,4.15
STU-13646,0.560219290731539,0.1710540453422151,0.08172888015717086,0.0,0.19753086419753102,0.2,1.3249739743780404,1.0,0.0,0.0,0.0,0.0,1.0,5.03
STU-12194,-1.0467706013363032,-0.8539808746105084,-0.23104125736738718,-1.0457831325301203,-0.23456790123456783,0.8,-0.6904501901463808,1.0,0.0,1.0,0.0,0.0,0.0,3.04
STU-10548,0.9419222203186561,0.4680348125067154,0.8392927308447942,-0.6144578313253012,0.4629629629629629,2.4,1.3249739743780404,1.0,0.0,1.0,0.0,0.0,0.0,5.58
STU-12619,-0.47455884872366016,0.0,-0.2797642436149312,-0.47710843373493983,0.04320987654321005,1.0,-0.9166712698378972,0.0,1.0,0.0,0.0,0.0,0.0,4.2
STU-12621,0.7877334247044707,0.18179864618029398,0.5925343811394892,0.13493975903614447,0.3209876543209879,1.2,1.0267734602392231,0.0,0.0,0.0,1.0,0.0,0.0,4.49
STU-12431,0.40054822682884933,0.5273450091329106,-0.15717092337917488,-0.09638554216867477,0.3271604938271606,-0.6,0.14245469417238477,0.0,0.0,0.0,0.0,0.0,1.0,4.22
STU-14582,0.0,0.5273450091329106,0.5249508840864441,0.9373493975903615,0.5246913580246917,-1.0,-0.8755401644394396,0.0,0.0,0.0,1.0,0.0,0.0,4.08
STU-10913,-0.5314373822168929,-1.1316213602664664,-0.7717092337917487,0.021686746987951772,1.734567901234568,-0.2,0.358392997514287,1.0,0.0,0.0,1.0,0.0,0.0,3.39
STU-12555,-1.0323796470789797,-0.45170301923283573,0.20589390962671916,-0.8096385542168675,-0.23456790123456783,0.0,-0.18659414901527524,1.0,0.0,0.0,1.0,0.0,0.0,3.9
STU-13014,0.0880589343841002,0.22649618566670232,-0.7559921414538311,-0.10602409638554225,-1.2407407407407405,0.2,0.7182901697507914,0.0,0.0,0.0,1.0,0.0,0.0,4.74
STU-14908,0.6164125406887092,0.5273450091329106,0.9917485265225936,-0.7132530120481928,-0.9567901234567899,0.0,-0.21744247806411868,0.0,0.0,0.0,1.0,0.0,0.0,5.16
STU-12527,-0.9994860373479532,0.5273450091329106,0.14616895874263258,-0.7975903614457831,-0.44444444444444425,0.0,-0.4025324523571775,0.0,0.0,0.0,1.0,0.0,0.0,3.95
STU-14886,0.6616412540688701,0.5273450091329106,-0.18074656188605118,1.619277108433735,0.7777777777777776,1.6,0.0,0.0,0.0,0.0,0.0,1.0,0.0,5.34
STU-12223,0.9988007538118888,0.5273450091329106,0.7984282907662084,0.9180722891566265,-0.22222222222222185,-0.8,0.3275446684654445,0.0,0.0,0.0,0.0,0.0,1.0,4.78
STU-10319,0.0,-0.019770065542065455,0.28919449901768174,-0.5783132530120483,0.25925925925925974,0.6,-0.5567740976013937,1.0,0.0,0.0,0.0,1.0,0.0,3.92
STU-12496,-0.30597909885215124,-0.40743526377995076,-0.29862475442043235,-0.4650602409638554,1.3024691358024698,-0.2,-0.5670568739510079,0.0,1.0,0.0,0.0,0.0,0.0,3.94
STU-14806,-0.438924104848382,0.5273450091329106,1.0373280943025542,-0.38554216867469887,0.5185185185185189,-0.4,0.5332001954577326,0.0,1.0,0.0,0.0,0.0,0.0,5.41
STU-12718,0.8912112386499911,0.27592134952186537,0.2829076620825149,-0.39277108433734936,1.0185185185185186,0.6,0.5229174191081175,0.0,0.0,0.0,0.0,0.0,1.0,5.54
STU-14983,-0.5355490834332713,0.1873858386160954,0.7308447937131632,-0.6457831325301204,0.049382716049382755,0.2,0.9959251311903796,1.0,0.0,0.0,0.0,0.0,1.0,5.06
STU-14716,-0.49717320541374055,-0.2724830772536802,-0.8047151277013754,0.5734939759036142,0.18518518518518562,1.0,-0.4539463341052502,0.0,0.0,0.0,0.0,1.0,0.0,2.89
STU-11588,0.9816686654103126,-0.3029977436338239,0.6758349705304518,-0.6337349397590362,0.7222222222222221,0.0,0.7902696041980924,0.0,0.0,1.0,0.0,0.0,0.0,4.75
STU-12612,0.9988007538118888,0.5273450091329106,0.12888015717092344,0.30361445783132524,-0.27777777777777735,0.0,-0.13518026726720345,0.0,0.0,0.0,0.0,1.0,0.0,5.2
STU-14727,0.18194277882473783,0.0,1.3862475442043223,-0.8698795180722891,0.7901234567901241,0.4,0.6874418407019479,0.0,0.0,0.0,0.0,0.0,1.0,6.26
STU-14001,-0.4916909371252363,0.5273450091329106,0.7292730844793712,0.5301204819277109,0.2407407407407411,1.0,-0.21744247806411868,0.0,0.0,0.0,0.0,0.0,1.0,4.38
STU-13556,-0.6684940894295021,-0.3296443537122597,0.30648330058939116,1.2433734939759036,0.30246913580246926,0.4,0.008778601627397745,0.0,0.0,0.0,0.0,0.0,1.0,3.62
STU-13309,0.9110844611958189,0.5273450091329106,0.8770137524557958,0.0,0.6419753086419758,2.0,1.3249739743780404,0.0,0.0,0.0,1.0,0.0,0.0,4.32
STU-14544,-1.4044886071612133,0.052003868056301444,-0.023575638506876287,1.356626506024096,0.30246913580246926,1.4,-1.0092162569844265,0.0,1.0,0.0,0.0,0.0,0.0,3.74
STU-13939,-1.3078636285763239,-0.6451058343182553,-1.5434184675834974,1.708433734939759,-0.0432098765432095,0.0,-1.2457201130255582,0.0,0.0,0.0,1.0,0.0,0.0,2.45
STU-14683,-0.9419222203186571,0.3627377242935424,-0.0738703339882123,-0.7228915662650601,-0.944444444444444,-1.0,-0.39224967600756333,0.0,0.0,0.0,1.0,0.0,0.0,3.88
STU-12108,-0.6506767174918625,-1.0963790695175677,-0.2829076620825146,-0.9927710843373493,0.4506172839506175,-1.0,-0.3408357942594915,0.0,1.0,0.0,0.0,0.0,0.0,4.52
STU-14635,0.9988007538118888,0.5273450091329106,0.0,1.0554216867469877,0.6296296296296293,-0.8,-0.2585735834625763,0.0,0.0,0.0,0.0,1.0,0.0,4.28
STU-12098,-0.49648792187767715,-0.17921994197915556,0.4432220039292732,-0.619277108433735,-0.4320987654320983,-1.0,0.7182901697507914,1.0,0.0,0.0,0.0,0.0,1.0,3.22
STU-12295,0.9988007538118888,0.28623616632642085,0.2671905697445975,-0.10843373493975907,0.6049382716049385,-0.2,0.8108351568973208,1.0,0.0,0.0,0.0,0.0,1.0,5.58
STU-13176,0.9926332019873212,-0.082088750402923,-0.3300589390962672,0.43132530120481927,0.9753086419753086,0.0,-0.02206972742144478,1.0,0.0,0.0,0.0,0.0,1.0,4.5
STU-10321,0.3532636628404993,0.5273450091329106,-0.4196463654223969,-0.8265060240963855,-0.5925925925925926,1.0,-0.042635280120674045,0.0,0.0,0.0,0.0,0.0,1.0,3.86
STU-13210,-0.13191708069213715,0.38723541420436197,-0.5359528487229863,-0.04337349397590376,0.4506172839506175,-0.2,-0.8241262826913678,0.0,0.0,0.0,1.0,0.0,0.0,4.17
STU-14637,0.19701901661812476,-0.10056946384441834,0.2829076620825149,0.5951807228915663,0.0,-0.6,-0.12489749091758927,0.0,0.0,0.0,0.0,1.0,0.0,3.84
STU-13250,-0.5821483638855579,-1.135919200601698,-1.15049115913556,-0.014457831325301323,0.3765432098765434,0.8,0.3172618921158294,0.0,0.0,0.0,0.0,1.0,0.0,3.0
STU-12081,0.3032379647078967,0.0,0.6396856581532415,0.09638554216867457,1.1358024691358024,-0.2,-0.10433193821836001,0.0,0.0,0.0,1.0,0.0,0.0,4.91
STU-12300,-0.7925304094569136,-0.5638766519823791,-0.8675834970530453,-0.014457831325301323,-0.09876543209876497,0.2,-0.17631137266566105,0.0,0.0,0.0,0.0,1.0,0.0,3.35
STU-13441,-0.21483638855576528,-0.16288814870527588,-0.07701375245579573,1.2554216867469876,-0.48765432098765377,1.2,0.7080073934011771,1.0,1.0,0.0,0.0,0.0,0.0,5.31
STU-14529,-0.5088230255268125,-0.7297732889223167,-0.5139489194499018,0.0,-1.1172839506172836,0.0,-0.2997046888610339,1.0,0.0,0.0,0.0,1.0,0.0,3.13
STU-11808,0.5794072297413043,-0.7791984527774798,-0.7685658153241651,0.5156626506024096,-0.4259259259259256,0.2,0.49206909005927496,1.0,0.0,0.0,0.0,1.0,0.0,4.08
STU-14714,0.9988007538118888,-0.093692919308048,0.03614931237721029,0.3108433734939759,0.0,1.0,1.1193184473857525,1.0,0.0,0.0,0.0,1.0,0.0,4.9
STU-11268,-0.047627205756382206,0.2694745890190178,-0.7685658153241651,0.13493975903614447,0.858024691358025,2.0,-1.1223267968301853,1.0,0.0,0.0,0.0,0.0,1.0,3.71
STU-13953,-0.9069727599794424,-1.720425486193188,0.0,0.14457831325301196,0.0,-0.8,-1.6570311670101343,0.0,1.0,0.0,0.0,0.0,0.0,2.25
STU-10950,-1.825252698303924,-1.0323412485226175,-0.8518664047151279,1.2819277108433735,0.5925925925925931,1.6,-0.032352503771059866,1.0,0.0,0.0,0.0,0.0,1.0,3.99
STU-12366,-1.029638512934727,-0.009455248737509353,-0.6113948919449904,-1.0072289156626504,-0.5308641975308638,0.2,-0.8755401644394396,0.0,0.0,0.0,0.0,1.0,0.0,2.91
STU-13689,-0.5944834675346932,-0.11647147308477525,-0.46051080550098233,0.8915662650602407,0.6851851851851859,-0.6,-1.5953345089124473,0.0,0.0,0.0,0.0,1.0,0.0,2.61
STU-11537,-0.457426760322084,-0.018480713441495943,-0.40392927308447946,0.0,-0.4012345679012342,0.2,-0.5670568739510079,1.0,0.0,0.0,1.0,0.0,0.0,3.37
STU-12702,0.9988007538118888,0.5273450091329106,0.32848722986247547,-0.09638554216867477,0.5308641975308643,-0.4,0.2761307867173727,0.0,0.0,0.0,0.0,1.0,0.0,5.56
STU-12736,-0.21620695562789208,0.38379714193617676,0.05815324165029486,1.8385542168674696,0.2160493827160497,-0.4,0.04990970702585536,1.0,0.0,0.0,0.0,1.0,0.0,4.44
STU-12749,0.09354120267260543,0.2767809175889115,0.4903732809430258,-0.5301204819277109,-0.34567901234567877,-0.4,0.3275446684654445,1.0,0.0,0.0,0.0,1.0,0.0,4.47
STU-14036,-0.9871509336988189,-0.7482540023638127,0.10373280943025544,-0.38554216867469887,0.7283950617283949,1.4,-0.1146147145679751,0.0,0.0,1.0,0.0,0.0,0.0,2.83
STU-10001,0.07846496487921753,-0.4684645965402388,-0.028290766208251432,-0.23855421686746991,1.0925925925925923,0.8,0.5023518664088891,0.0,0.0,0.0,0.0,1.0,0.0,5.13
STU-11347,-0.5095083090628758,-0.1289352100569464,-1.332809430255403,-0.6,-0.2716049382716046,-0.4,-1.1634579022286429,0.0,0.0,0.0,0.0,0.0,1.0,2.88
STU-14742,-1.5833476100736685,-1.2867733963683252,0.0,1.0722891566265058,-1.2222222222222219,-0.4,-0.8549746117402113,0.0,0.0,1.0,0.0,0.0,0.0,2.83
STU-14455,-0.7082405345211586,0.0034382722681851638,-0.4322200392927309,-0.03373493975903628,1.2839506172839505,-0.8,0.2658480103677576,1.0,0.0,0.0,0.0,0.0,1.0,4.21
STU-14487,-0.5588487236594151,-0.3850864940367469,0.4322200392927309,1.012048192771084,-0.6358024691358021,-1.0,0.29669633941660106,0.0,0.0,0.0,0.0,0.0,1.0,3.24
STU-10145,-0.712352235737537,-1.3611260341678308,0.0,-0.10361445783132543,-0.48148148148148107,-0.4,-0.6698846374471524,0.0,1.0,0.0,0.0,0.0,0.0,3.4
STU-14309,0.916566729484323,0.5174599763618779,0.2907662082514735,0.7204819277108434,0.5802469135802472,-1.0,-0.22772525441373284,0.0,0.0,0.0,0.0,1.0,0.0,4.84
STU-12580,-1.5353777625492553,-1.2107016224347267,0.2451866404715129,0.05783132530120486,0.0,0.2,-0.9166712698378972,0.0,0.0,0.0,1.0,0.0,0.0,2.45
STU-11085,0.4862086688367301,0.394971526807779,0.5218074656188606,0.10843373493975907,-1.0432098765432094,0.0,0.7799868278484773,0.0,0.0,0.0,0.0,0.0,1.0,5.57
STU-11922,0.7054994003769051,-0.13667132266036347,0.4888015717092338,-0.9325301204819276,0.0061728395061732555,-0.4,-0.30998746521064807,0.0,0.0,0.0,0.0,0.0,1.0,4.45
STU-12689,0.0,-0.5544214032448698,-0.9791748526522595,-0.944578313253012,0.4629629629629629,0.6,0.5126346427585032,0.0,0.0,0.0,0.0,0.0,1.0,3.19
STU-10209,-0.9076580435155048,-1.158267970344902,-1.2306483300589393,-0.4168674698795181,-1.0493827160493823,0.4,-1.4616584163674604,0.0,0.0,0.0,1.0,0.0,0.0,2.17
STU-13789,-0.2586945348638003,0.4070054797464274,0.6538310412573678,-0.8313253012048193,-0.8641975308641971,0.8,-0.3819668996579491,0.0,0.0,1.0,0.0,0.0,0.0,4.31
STU-13983,0.9988007538118888,0.22993445793488748,-0.5925343811394892,-1.0024096385542167,0.3209876543209879,1.0,0.5126346427585032,0.0,0.0,0.0,0.0,0.0,1.0,4.73
STU-12729,-1.0591057049854384,0.3803588696679916,-1.1332023575638508,0.0,1.5308641975308643,-0.2,-2.469370498629671,0.0,0.0,1.0,0.0,0.0,0.0,2.89
STU-10283,0.9049169093712512,-0.3403889545503386,-0.6066797642436149,0.9156626506024093,0.26543209876543244,-0.2,-0.21744247806411868,0.0,0.0,0.0,1.0,0.0,0.0,3.9
STU-10287,0.0,0.3425378747179542,-0.3834970530451866,0.02891566265060243,-0.37037037037037013,1.8,-0.22772525441373284,0.0,0.0,0.0,0.0,0.0,1.0,2.7
STU-12705,-0.6849408942950148,-0.26173847641560133,0.42121807465618866,1.4240963855421687,1.8827160493827164,0.2,0.07047525972508462,0.0,0.0,0.0,1.0,0.0,0.0,3.22
STU-14223,-0.6821997601507632,0.0,-0.12730844793713172,1.0168674698795181,-0.8024691358024689,0.2,1.3249739743780404,1.0,0.0,0.0,1.0,0.0,0.0,3.75
STU-12483,-0.42933013534349934,-0.11990974535296041,-1.21335952848723,0.8168674698795182,0.5987654320987658,0.4,0.358392997514287,1.0,0.0,0.0,0.0,0.0,1.0,3.89
STU-10530,0.9988007538118888,0.48393682174707175,1.4113948919449901,-0.1373493975903615,-1.0185185185185182,0.6,1.2529945399307394,1.0,0.0,0.0,1.0,0.0,0.0,6.52
STU-13254,-0.33750214151105096,-0.946384441817987,-1.068762278978389,-0.6963855421686747,0.351851851851852,1.4,-0.2997046888610339,0.0,0.0,1.0,0.0,0.0,0.0,2.16
STU-14250,0.39643652561247095,0.31417212850542614,-0.059724950884086296,-0.6987951807228916,0.2283950617283951,-0.6,0.4509379846608173,1.0,0.0,0.0,1.0,0.0,0.0,4.83
STU-14739,-0.8082919307863639,0.09970989577737159,8.578147954968502,-0.5084337349397591,-0.0432098765432095,-0.8,0.0,1.0,0.0,1.0,0.0,0.0,0.0,4.52
STU-10348,-1.1947918451259218,-0.0674760932631356,-0.38506876227897835,-1.0048192771084337,-0.493827160493827,2.0,-0.7315812955448384,0.0,0.0,0.0,1.0,0.0,0.0,3.03
STU-12519,0.01610416309748057,0.0777909100676911,0.11944990176817287,0.5903614457831323,0.0,0.6,1.3249739743780404,0.0,0.0,0.0,1.0,0.0,0.0,5.44
STU-14202,0.22785677574096203,-0.4173202965509835,-0.05186640471512772,-0.5734939759036145,-1.111111111111111,0.2,0.3275446684654445,1.0,0.0,0.0,0.0,0.0,1.0,4.7
STU-11928,-0.49785848894980395,-0.07951004620178398,-0.06758349705304516,-0.3590361445783133,0.2407407407407411,1.2,-0.052918056470288216,0.0,0.0,0.0,0.0,1.0,0.0,3.54
STU-10309,-0.5026554737022448,-0.324916729343505,-0.8015717092337918,-0.5590361445783133,-0.33333333333333276,0.6,-0.6081879793494656,0.0,0.0,0.0,1.0,0.0,0.0,3.47
STU-12328,-0.9659071440808643,-1.1101321585903088,-0.9414538310412576,2.0024096385542167,-0.6543209876543207,1.0,-0.8241262826913678,1.0,0.0,0.0,0.0,0.0,1.0,3.15
STU-12719,0.2991262634915192,0.5273450091329106,0.06129666011787829,0.0,-0.35185185185185147,0.8,-0.3614013469587199,0.0,1.0,0.0,0.0,0.0,0.0,4.68
STU-10136,0.01473359602535475,0.5273450091329106,0.3787819253438115,-0.036144578313253094,-1.1481481481481477,-0.2,1.0267734602392231,0.0,0.0,1.0,0.0,0.0,0.0,5.6
STU-14303,0.9480897721432238,0.5273450091329106,0.44793713163064836,-0.5253012048192771,1.0617283950617287,-1.0,-0.9680851515859699,0.0,0.0,0.0,0.0,1.0,0.0,3.94
STU-12511,-0.13808463251670478,0.09970989577737159,-0.4825147347740669,0.6674698795180721,1.0246913580246915,-0.8,-0.9372368225371265,0.0,0.0,0.0,0.0,0.0,1.0,3.51
STU-11915,0.9988007538118888,0.0,-0.025147347740668003,-0.2819277108433735,0.9753086419753086,1.0,-0.37168412330833495,0.0,1.0,0.0,0.0,0.0,0.0,4.93
STU-12958,0.052424190508822084,0.05372300419039433,1.1724950884086445,-0.9012048192771084,-1.4753086419753083,-0.6,0.0,1.0,0.0,0.0,0.0,0.0,1.0,4.44
STU-11764,-0.21552167209182868,0.29182335876222165,0.5218074656188606,-0.4602409638554217,-0.27777777777777735,2.0,1.232428987231511,1.0,0.0,0.0,0.0,1.0,0.0,5.11
STU-12279,-1.5045400034264185,0.06188890082733417,-0.6286836935166995,-0.2120481927710843,0.27160493827160515,0.2,0.5434829718073467,1.0,1.0,0.0,0.0,0.0,0.0,3.74
STU-11827,-1.1331163268802473,-0.5677447082840876,-0.5233791748526524,0.08915662650602411,0.0802469135802474,0.8,-1.1326095731797994,0.0,1.0,0.0,0.0,0.0,0.0,2.92
STU-13460,0.774713037519273,-0.2488449554099068,-0.11159135559921401,0.4216867469879518,-0.833333333333333,0.2,0.9239456967430795,0.0,0.0,0.0,0.0,0.0,1.0,4.62
STU-11145,0.7287990406030488,0.5140217040936926,0.2577603143418469,0.7951807228915659,-0.1296296296296296,-0.2,1.2118634345322818,1.0,0.0,1.0,0.0,0.0,0.0,5.48
STU-12585,0.16206955627891004,-0.42978403352315464,-0.02200392927308457,1.0409638554216867,0.0,-0.4,0.14245469417238477,0.0,0.0,0.0,0.0,1.0,0.0,4.06
STU-12670,0.78978927531266,0.3756312452992369,0.3929273084479372,1.775903614457831,1.6172839506172845,0.4,0.6668762880027196,1.0,0.0,1.0,0.0,0.0,0.0,5.39
STU-12085,-0.9960596196676381,-0.033093370581283345,-0.2939096267190569,-0.15903614457831328,0.6666666666666666,-0.6,-0.28942191251141974,0.0,0.0,1.0,0.0,0.0,0.0,3.53
STU-12640,0.636285763234537,0.1977006554206509,0.45893909626719065,1.2915662650602406,0.5802469135802472,1.0,0.2658480103677576,0.0,0.0,0.0,1.0,0.0,0.0,5.34
STU-10505,-0.5711838273085494,-0.3231975932094127,-0.06444007858546172,-0.1734939759036146,-0.45061728395061695,-0.4,0.23499968131891508,1.0,0.0,0.0,0.0,0.0,1.0,4.93
STU-12970,0.2724002055850604,0.11947996131943704,-0.23889980353634574,0.8240963855421686,0.2839506172839511,-0.2,0.42008965561197387,0.0,0.0,0.0,1.0,0.0,0.0,4.19
STU-12826,0.5389755011135854,0.5161706242613083,-0.9980353634577604,0.08192771084337346,0.43209876543209885,-1.0,-0.8961057171386688,0.0,0.0,1.0,0.0,0.0,0.0,3.62
STU-12627,0.869282165495973,0.5273450091329106,0.15402750491159145,0.9903614457831323,-0.03703703703703679,0.8,-0.8652573880898254,1.0,0.0,0.0,1.0,0.0,0.0,3.75
STU-10237,-0.5170464279595693,0.5101536477919841,0.27347740667976433,-0.5108433734939759,0.0,-1.0,0.9239456967430795,1.0,1.0,0.0,0.0,0.0,0.0,4.59
STU-10467,0.3608017817371928,-0.1143225529171596,-0.4557956777996072,-0.47951807228915666,0.11728395061728418,0.2,1.3249739743780404,1.0,1.0,0.0,0.0,0.0,0.0,5.47
STU-14155,-0.4238478670549951,0.0,-0.15717092337917488,2.390361445783132,0.43209876543209885,0.2,-0.8446918353905971,0.0,0.0,1.0,0.0,0.0,0.0,3.18
STU-13372,-0.2538975501113594,0.2600193402815084,1.4805500982318274,-0.40963855421686746,-0.48148148148148107,0.8,-0.1146147145679751,0.0,0.0,0.0,0.0,0.0,1.0,4.86
STU-14440,-0.7534692479013194,0.5273450091329106,-0.707269155206287,-0.744578313253012,-2.1851851851851847,0.4,-0.23800803076334703,0.0,0.0,0.0,0.0,1.0,0.0,3.72
STU-10484,0.8315915710125057,0.17621145374449315,0.8000000000000004,1.5373493975903612,-0.8148148148148144,0.2,0.7388557224500197,0.0,0.0,1.0,0.0,0.0,0.0,5.01
STU-13766,0.0880589343841002,0.5273450091329106,1.846758349705305,0.7686746987951806,0.16049382716049423,0.8,0.34811022116467283,0.0,0.0,0.0,0.0,0.0,1.0,4.68
STU-12688,-0.6712352235737546,0.5273450091329106,0.5815324165029472,0.1493975903614458,-0.9012345679012345,-0.2,-0.6904501901463808,0.0,0.0,1.0,0.0,0.0,0.0,3.94
STU-12513,-0.6561589857803678,0.21188352852691492,0.18703339882121803,0.13253012048192767,1.2716049382716053,0.2,-0.39224967600756333,0.0,0.0,0.0,0.0,1.0,0.0,3.89
STU-13277,0.5293815316087027,0.5273450091329106,0.02200392927308457,-0.8433734939759036,0.0802469135802474,2.4,-0.08376638551913165,1.0,0.0,0.0,0.0,0.0,1.0,4.12
STU-14832,0.12643481240363094,0.5273450091329106,1.8719056974459731,1.050602409638554,-0.296296296296296,0.2,-0.2585735834625763,1.0,0.0,0.0,0.0,0.0,1.0,5.13
STU-13477,0.5355490834332693,0.35070377135489406,0.4322200392927309,0.5759036144578314,0.11111111111111148,0.6,1.0267734602392231,0.0,0.0,1.0,0.0,0.0,0.0,5.02
STU-10248,0.2826794586260055,-0.5754808208875041,0.8062868369351672,-0.3590361445783133,-0.24074074074074053,-0.4,0.6051796299050327,1.0,0.0,0.0,0.0,1.0,0.0,4.73
STU-12290,0.9439780709268453,-0.3936821747072101,0.0,-0.21927710843373496,0.18518518518518562,-1.0,0.6771590643523338,1.0,0.0,0.0,1.0,0.0,0.0,4.41
STU-12565,-0.08052081548740869,-1.011281830879983,-0.8361493123772102,1.163855421686747,-0.11111111111111092,0.8,-0.17631137266566105,0.0,0.0,0.0,0.0,1.0,0.0,3.14
STU-10868,0.12780537947575774,0.5273450091329106,2.0636542239685665,-0.4120481927710843,0.5123456790123457,-0.8,-0.4436635577556351,1.0,0.0,1.0,0.0,0.0,0.0,5.01
STU-11547,-0.1737193763919829,0.5273450091329106,0.4557956777996072,0.5469879518072288,0.7530864197530868,0.6,0.48178631370965985,0.0,0.0,0.0,0.0,1.0,0.0,4.78
STU-10472,-0.8713380161041643,-0.7869345653808962,-1.1583497053045189,-0.9349397590361445,-0.2839506172839506,-0.4,0.23499968131891508,0.0,0.0,0.0,0.0,1.0,0.0,3.79
STU-13955,-0.8480383758780204,-1.0731707317073174,-0.9728880157170924,-0.37590361445783144,-0.7037037037037035,-1.0,-1.0194990333340417,1.0,1.0,0.0,0.0,0.0,0.0,2.52
STU-12516,0.9988007538118888,0.5273450091329106,0.8094302554027507,-0.2,-0.6666666666666661,0.0,0.7285729461004056,0.0,0.0,0.0,1.0,0.0,0.0,4.59
STU-12599,0.0,0.36101858815944954,0.1603143418467583,0.8746987951807226,1.0617283950617287,-0.4,-0.7212985191952243,0.0,0.0,0.0,1.0,0.0,0.0,4.05
STU-14055,-2.0061675518245683,-0.8466745460406148,-0.719842829076621,0.2771084337349396,0.5246913580246917,-0.6,0.0,0.0,0.0,0.0,0.0,1.0,0.0,2.12
STU-11296,-0.05173890697276064,0.20371763188997508,-0.27347740667976433,1.2987951807228917,1.7407407407407407,0.2,0.2144341286196858,1.0,0.0,0.0,1.0,0.0,0.0,3.94
STU-13792,-0.9796128148021254,-0.16159879660470636,-0.2593320235756386,1.5734939759036142,0.39506172839506204,0.6,-0.8858229407890547,0.0,0.0,0.0,0.0,0.0,1.0,3.98
STU-14117,0.318999486037347,0.5273450091329106,0.40235756385068777,-0.17590361445783143,0.5000000000000002,0.4,-0.17631137266566105,0.0,0.0,0.0,0.0,1.0,0.0,7.695334957521515
STU-10186,0.41288333047798464,0.12979477812399254,0.46051080550098233,0.0,0.0,-1.0,1.3249739743780404,1.0,1.0,0.0,0.0,0.0,0.0,5.32
STU-10823,-0.880931985609047,-0.7147308477490066,-0.8911591355599215,-0.7734939759036145,-0.7777777777777776,0.2,-0.6287535320486948,0.0,0.0,0.0,0.0,0.0,1.0,3.58
STU-13039,0.9405516532465303,0.5273450091329106,0.07229862475442057,-0.7180722891566266,0.0,1.6,0.5126346427585032,1.0,0.0,0.0,0.0,0.0,1.0,4.63
STU-12398,-0.5177317114956318,-0.8655850435156335,-0.3944990176817289,1.1469879518072288,2.1666666666666665,-1.0,-0.24829080711296211,0.0,0.0,1.0,0.0,0.0,0.0,3.35
STU-12354,-0.5396607846496497,0.04469753948640774,0.17445972495088402,0.7325301204819274,0.2283950617283951,-0.6,0.3275446684654445,0.0,0.0,0.0,0.0,1.0,0.0,4.08
STU-11103,-0.9083433270515682,0.0,0.1493123772102163,0.09156626506024093,0.0,0.0,-0.0632008328199024,0.0,0.0,0.0,1.0,0.0,0.0,4.12
STU-12465,-0.034606818571184486,-0.5492639948425917,-0.5783889980353635,0.0,0.0,-0.2,-1.6981622724085919,1.0,0.0,0.0,1.0,0.0,0.0,3.56
STU-12186,-0.9713894123693685,0.0,-0.6113948919449904,0.5156626506024096,1.2037037037037044,1.2,-0.3614013469587199,0.0,0.0,0.0,0.0,0.0,1.0,2.83
STU-14600,-0.6746616412540697,-0.0863865907381543,-0.6664047151277015,-0.0867469879518073,0.30246913580246926,-0.2,-0.8035607299921395,0.0,0.0,0.0,0.0,1.0,0.0,3.62
STU-11601,0.13876991605276623,0.1787901579456322,0.3080550098231829,-0.32771084337349404,-0.833333333333333,-0.8,0.954794025791922,0.0,0.0,0.0,1.0,0.0,0.0,4.03
STU-13816,-0.47524413225972356,-0.6347910175136998,0.02671905697445972,-0.7012048192771084,0.38888888888888934,-1.0,-0.4025324523571775,1.0,0.0,0.0,0.0,0.0,1.0,4.48
STU-11745,0.6568442693164291,0.4581497797356827,-0.5563850687622789,0.9301204819277106,0.2407407407407411,-1.0,0.358392997514287,0.0,0.0,0.0,0.0,1.0,0.0,4.92
STU-14045,0.6493061504197357,-0.05973998065971852,-0.6035363457760315,0.5084337349397589,0.20370370370370375,-0.2,0.060192483375469535,0.0,0.0,0.0,0.0,1.0,0.0,4.48
STU-13950,-0.6047627205756393,0.5273450091329106,0.04243614931237715,0.29397590361445775,-1.3518518518518514,0.0,0.29669633941660106,0.0,0.0,1.0,0.0,0.0,0.0,3.74
STU-10704,0.48072640054822585,0.5273450091329106,0.7512770137524558,0.17108433734939757,0.0,1.6,0.11160636512354223,0.0,0.0,0.0,0.0,1.0,0.0,4.99
STU-11932,-0.24019187939009828,-1.55581820135382,-1.5512770137524559,-0.15421686746987964,0.0,0.8,0.358392997514287,1.0,1.0,0.0,0.0,0.0,0.0,2.45
STU-13863,-0.7342813088915551,-0.8849253250241755,-0.46051080550098233,0.16867469879518074,-0.02469135802469083,-0.6,-0.22772525441373284,0.0,1.0,0.0,0.0,0.0,0.0,3.63
STU-14209,0.2148363885557643,-0.29354249489631457,-0.5972495088408644,0.9590361445783133,-0.24691358024691323,-0.2,-0.2585735834625763,0.0,0.0,0.0,0.0,1.0,0.0,3.31
STU-11229,-0.9035463422991273,-0.4117331041151821,-1.1237721021611002,-0.39518072289156636,-0.6358024691358021,-0.6,-1.3588306528713168,1.0,0.0,0.0,0.0,1.0,0.0,3.3
STU-12174,0.12712009593969434,0.5273450091329106,0.9115913555992141,0.5710843373493973,-0.06790123456790088,0.8,0.060192483375469535,0.0,0.0,0.0,1.0,0.0,0.0,4.27
STU-13749,0.0777796813431551,-0.1478457075319651,0.3174852652259332,-0.012048192771084293,0.833333333333333,-1.0,0.5743313008561892,1.0,0.0,0.0,0.0,0.0,1.0,4.43
STU-12563,0.1908514647935571,0.43107338562372416,0.13202357563850686,-0.3253012048192772,-0.37654320987654283,0.4,-0.4847946631540927,0.0,0.0,0.0,0.0,0.0,1.0,3.82
STU-12222,-0.18468391296899142,-0.6988288385086496,-0.4935166994106092,0.11084337349397588,0.3209876543209879,0.0,-0.10433193821836001,0.0,0.0,0.0,1.0,0.0,0.0,4.25
STU-14564,0.08463251670378517,-0.06532717309551994,-0.6852652259332024,-0.03373493975903628,0.3271604938271606,-0.2,-1.101761244130957,0.0,0.0,0.0,0.0,0.0,1.0,4.03
STU-10017,0.246359431214664,-1.2347695283120235,0.0,-0.5879518072289157,0.660493827160494,-0.6,1.1193184473857525,1.0,0.0,0.0,0.0,1.0,0.0,3.38
STU-10443,0.6102449888641416,-0.1551520361018588,0.16345776031434203,1.7662650602409637,0.8641975308641977,0.0,-0.2585735834625763,1.0,0.0,0.0,0.0,1.0,0.0,4.96
STU-14641,-0.880931985609047,-1.1836252283227682,-0.22946954813359519,-0.4650602409638554,0.7592592592592595,0.6,-0.12489749091758927,0.0,0.0,0.0,0.0,0.0,1.0,3.05
STU-10356,0.0,-0.0863865907381543,-1.1410609037328097,0.944578313253012,-0.493827160493827,-0.6,0.060192483375469535,1.0,0.0,0.0,1.0,0.0,0.0,3.53
STU-13212,-1.9253040945691287,-0.9803373804663158,-0.619253438113949,0.7590361445783133,0.41358024691358075,2.2,-1.369113429220931,0.0,0.0,0.0,0.0,0.0,1.0,1.62
STU-11380,-0.7808805893438416,0.4456860427635109,0.1587426326129666,0.0,0.0,-0.6,-0.15574581996643272,0.0,0.0,0.0,0.0,0.0,1.0,3.92
STU-12556,-0.10724687339386753,-0.5286343612334801,-0.25461689587426317,0.02891566265060243,-1.530864197530864,-0.2,0.6360279589538761,0.0,0.0,0.0,0.0,0.0,1.0,4.39
STU-11973,-0.2634915196162421,-0.6369399376813155,-0.8974459724950885,-0.6096385542168675,-0.24691358024691323,0.6,-0.834409059040982,0.0,0.0,0.0,0.0,0.0,1.0,2.62
STU-10828,0.9508309062874754,0.5273450091329106,0.4463654223968566,0.631325301204819,0.17901234567901236,1.8,0.07047525972508462,0.0,0.0,1.0,0.0,0.0,0.0,4.87
STU-13496,0.541716635257837,0.3558611797571721,0.4888015717092338,0.20240963855421681,-0.21604938271604915,0.6,0.8211179332469349,1.0,0.0,0.0,0.0,0.0,1.0,5.14
STU-12981,0.6287476443378436,0.5273450091329106,0.6271119842829078,0.007228915662650447,0.09259259259259281,0.8,1.3249739743780404,0.0,0.0,0.0,0.0,0.0,1.0,5.86
STU-13228,-0.29158814459482674,-0.8307725368002579,-0.5626719056974461,0.4963855421686746,0.5925925925925931,-0.6,-0.8446918353905971,0.0,0.0,1.0,0.0,0.0,0.0,3.21
STU-11563,-0.0942264862086698,-0.1813688621467712,-0.5170923379174852,0.06746987951807212,0.364197530864198,1.2,0.1733030232212282,0.0,0.0,0.0,0.0,1.0,0.0,4.63
STU-10736,0.6123008394723308,-0.04426775545288498,0.9367387033398822,0.272289156626506,1.2407407407407405,0.8,0.0,0.0,0.0,0.0,0.0,1.0,0.0,5.6
STU-11741,-0.8411855405173894,0.5273450091329106,-0.14302554027504916,0.4771084337349396,0.43209876543209885,-1.0,-0.6081879793494656,0.0,0.0,0.0,0.0,1.0,0.0,3.13
STU-11515,-0.4300154188795618,-0.9481035779520792,-1.6031434184675837,-0.9951807228915661,0.10493827160493877,0.0,0.12188914147315641,0.0,0.0,0.0,0.0,0.0,1.0,3.48
STU-10989,-0.3635429158814464,0.36832491672934325,0.5469548133595287,-0.050602409638554204,0.5740740740740744,-1.0,0.5332001954577326,1.0,0.0,0.0,0.0,0.0,1.0,4.78
STU-12806,-0.12437896179544368,0.5273450091329106,0.22632612966601176,-0.7132530120481928,-0.6604938271604934,-1.0,0.09104081242431297,0.0,0.0,1.0,0.0,0.0,0.0,3.63
STU-11037,0.0,-1.7401955517352532,-0.8534381139489196,-0.19277108433734935,-1.3950617283950615,-1.0,-0.18659414901527524,0.0,0.0,0.0,1.0,0.0,0.0,2.26
STU-12925,0.24910056535891661,0.20844525625872976,1.4695481335952851,-1.072289156626506,0.7654320987654322,-1.0,0.6874418407019479,0.0,0.0,0.0,0.0,0.0,1.0,5.68
STU-10027,-0.7370224430358067,-0.4280648973890624,-0.8361493123772102,-0.43373493975903615,-0.38271604938271553,-1.0,-0.7315812955448384,1.0,1.0,0.0,0.0,0.0,0.0,2.92
STU-14805,0.26006510193592514,-0.056731492425056734,0.2530451866404715,1.180722891566265,0.06790123456790143,0.0,-0.47451188680447853,1.0,0.0,0.0,0.0,0.0,1.0,4.4
STU-11139,0.9988007538118888,0.5273450091329106,0.0,0.19036144578313252,-0.679012345679012,0.8,1.0267734602392231,1.0,0.0,0.0,0.0,0.0,1.0,5.53
STU-14733,-1.1146136714065453,0.24927473944342957,0.4825147347740669,0.6843373493975903,0.6975308641975313,1.2,0.18358579957084237,0.0,1.0,0.0,0.0,0.0,0.0,3.87
STU-12538,-0.6356004796984756,-0.04469753948640835,-0.587819253438114,-0.06024096385542168,-0.18518518518518506,-0.4,0.6565935116531045,1.0,1.0,0.0,0.0,0.0,0.0,3.52
STU-11234,-0.3573753640568797,0.5273450091329106,1.4223968565815326,0.7084337349397588,-0.38271604938271553,0.6,-0.042635280120674045,0.0,0.0,0.0,0.0,1.0,0.0,4.47
STU-13325,0.0,0.33866981841624566,0.6082514734774069,0.6240963855421686,0.8827160493827159,-0.8,1.0062079075399946,1.0,1.0,0.0,0.0,0.0,0.0,6.22
STU-13430,-0.20661298612300938,0.2939722789298373,0.0,0.6819277108433734,-0.9629629629629627,1.4,0.564048524506575,0.0,0.0,0.0,0.0,1.0,0.0,4.48
STU-13736,-1.1673805036833997,-0.09111421510690898,0.0,-0.23855421686746991,0.9506172839506178,0.2,0.1733030232212282,1.0,0.0,0.0,1.0,0.0,0.0,4.28
STU-11241,-0.3217406201816006,0.25572149994627713,-0.08015717092337915,0.14457831325301196,0.5802469135802472,0.2,0.0,0.0,0.0,0.0,0.0,0.0,1.0,4.47
STU-12610,-0.4656501627548409,-0.5888041259267219,-0.32220039292730834,0.5180722891566263,0.09876543209876551,-0.8,1.3249739743780404,0.0,0.0,0.0,0.0,0.0,1.0,5.11
STU-12312,-0.19085146479355905,-0.3760610293327603,-0.34734774066797636,-1.0409638554216867,0.9691358024691359,0.8,-1.101761244130957,0.0,0.0,0.0,0.0,1.0,0.0,2.88
STU-13127,-0.31214665067671793,-0.105297088213173,-0.10058939096267201,-0.04337349397590376,0.024691358024691377,-0.4,-0.42309800505640677,1.0,0.0,0.0,1.0,0.0,0.0,4.86
STU-10211,0.3320198732225447,-0.7581390351348448,0.5108055009823184,0.28915662650602414,0.16049382716049423,0.8,-1.0914784677813418,0.0,0.0,0.0,0.0,0.0,1.0,2.8
STU-13319,0.9988007538118888,0.41388202428279774,-0.4935166994106092,1.7325301204819274,0.25925925925925974,0.6,-0.28942191251141974,0.0,0.0,0.0,0.0,1.0,0.0,4.71
STU-11950,0.9988007538118888,0.5273450091329106,0.03614931237721029,0.9975903614457832,-0.8086419753086417,-0.2,-0.6596018610975374,0.0,0.0,0.0,0.0,0.0,1.0,4.52
STU-11763,-2.4303580606475936,-0.8557000107446013,-0.4683693516699412,-0.08915662650602411,-0.32098765432098736,0.8,-0.4847946631540927,0.0,0.0,0.0,0.0,1.0,0.0,2.31
STU-10263,0.4910056535891719,0.4873750940152569,0.2577603143418469,-0.6578313253012049,0.6172839506172839,0.2,-0.22772525441373284,0.0,0.0,0.0,0.0,1.0,0.0,4.91
STU-14538,0.5848894980298086,0.5273450091329106,1.389390962671906,0.7397590361445783,-1.253086419753086,-1.0,0.8211179332469349,0.0,0.0,0.0,1.0,0.0,0.0,5.68
STU-11138,0.4834675346924785,0.5273450091329106,0.0,0.4674698795180721,0.07407407407407414,0.2,1.0062079075399946,1.0,0.0,0.0,0.0,0.0,1.0,5.82
STU-14365,0.5424019187939004,-0.37391210916514467,-0.8392927308447938,0.04819277108433739,0.4444444444444448,0.4,1.0164906838896088,0.0,0.0,0.0,0.0,0.0,1.0,4.26
STU-13391,0.9988007538118888,0.5273450091329106,1.2023575638506878,0.012048192771084293,-0.44444444444444425,-0.2,0.4715035373600457,0.0,0.0,0.0,0.0,0.0,1.0,5.15
STU-13101,-0.5191022785677586,0.5273450091329106,0.44950884086444004,0.8024096385542168,0.7530864197530868,0.8,0.8108351568973208,0.0,1.0,0.0,0.0,0.0,0.0,5.28
STU-13731,-0.6246359431214671,-0.6554206511228108,-0.982318271119843,-0.853012048192771,0.13580246913580285,-1.0,-0.39224967600756333,0.0,0.0,0.0,1.0,0.0,0.0,3.38
STU-14465,-0.1024498886414257,-1.1548296980767168,-0.004715127701375146,-1.0,0.7160493827160495,2.0,-1.29713399477363,0.0,1.0,0.0,0.0,0.0,0.0,3.52
STU-13473,0.9988007538118888,-0.1757816697109704,0.19017681728880173,-0.9228915662650602,-0.790123456790123,0.2,-0.6801674137967666,0.0,1.0,0.0,0.0,0.0,0.0,3.82
STU-13203,0.17646051053623357,-0.4323627377242937,0.13831041257367402,-0.5445783132530121,-0.9567901234567899,1.8,-0.6081879793494656,1.0,0.0,0.0,0.0,0.0,1.0,3.49
STU-11814,0.24567414767860157,0.5273450091329106,0.28447937131630663,0.22891566265060243,0.8703703703703703,1.2,0.7697040514988631,0.0,0.0,1.0,0.0,0.0,0.0,5.25
STU-11374,-0.16823710810347867,0.4186096486515524,0.1241650294695483,1.4771084337349394,-0.6975308641975307,1.6,1.3249739743780404,0.0,0.0,1.0,0.0,0.0,0.0,4.42
STU-14525,0.9988007538118888,0.5273450091329106,1.0844793713163068,0.8216867469879517,-2.3518518518518516,-0.6,0.8108351568973208,0.0,0.0,0.0,1.0,0.0,0.0,4.82
STU-13031,0.0,0.5273450091329106,0.42436149312377236,0.06746987951807212,1.0925925925925923,0.8,0.37895855021351627,1.0,1.0,0.0,0.0,0.0,0.0,4.24
STU-11061,0.2799383244817539,-0.6283442570108523,-0.1477406679764243,-0.06987951807228916,0.8827160493827159,0.4,-0.13518026726720345,0.0,0.0,0.0,0.0,1.0,0.0,3.29
STU-14224,-0.9905773513791339,0.0,-0.9288801571709235,0.17831325301204823,0.9567901234567905,-0.6,-0.6596018610975374,1.0,0.0,0.0,1.0,0.0,0.0,3.72
STU-10498,-0.2662326537604937,-0.024067905877296757,0.2719056974459726,0.4240963855421686,1.5061728395061735,0.4,-0.5567740976013937,0.0,0.0,0.0,1.0,0.0,0.0,4.65
STU-13356,-0.5088230255268125,0.5273450091329106,-0.9587426326129667,-0.7180722891566266,0.8641975308641977,0.8,-1.3485478765217016,0.0,0.0,1.0,0.0,0.0,0.0,2.29
STU-13306,-0.5766660955970536,0.5273450091329106,0.13045186640471515,0.6385542168674699,-0.25308641975308593,-0.6,-0.30998746521064807,0.0,1.0,0.0,0.0,0.0,0.0,4.69
STU-10658,-0.2778824738735656,0.5273450091329106,1.4742632612966604,-0.9855421686746987,0.8518518518518523,0.8,0.7697040514988631,0.0,0.0,0.0,0.0,0.0,1.0,4.79
STU-14526,-0.37108103477813986,0.5273450091329106,0.36149312377210235,-0.5855421686746988,-1.3950617283950615,-0.2,1.0576217892880664,0.0,1.0,0.0,0.0,0.0,0.0,4.45
STU-13320,0.8254240191879381,0.5273450091329106,0.844007858546169,-1.1975903614457832,-1.1913580246913578,0.2,0.7080073934011771,0.0,0.0,1.0,0.0,0.0,0.0,4.83
STU-14226,0.15864313859859402,0.5273450091329106,0.9414538310412576,0.6626506024096385,-0.08024691358024684,-0.4,0.48178631370965985,0.0,0.0,0.0,1.0,0.0,0.0,4.87
STU-10705,-0.7726571869110848,-0.37992908563446887,-0.6145383104125738,-0.4457831325301205,0.41975308641975345,0.4,-1.8318383649535783,0.0,0.0,0.0,1.0,0.0,0.0,2.65
STU-11312,-0.4567414767860206,0.14139894702911754,-0.15717092337917488,0.20481927710843364,0.0,1.2,-0.5876224266502372,0.0,0.0,0.0,0.0,0.0,1.0,3.0
STU-14758,-0.22443035806064796,-1.2764585795637695,-1.0184675834970531,-0.5445783132530121,-0.08641975308641955,-0.4,-1.101761244130957,0.0,1.0,0.0,0.0,0.0,0.0,3.49
STU-13384,-0.6794586260065105,-0.3227678091758894,0.19960707269155203,-0.3975903614457832,0.4938271604938276,0.0,0.060192483375469535,1.0,0.0,0.0,0.0,0.0,1.0,3.79
STU-11334,0.10382045571355054,-0.3029977436338239,0.9508840864440079,0.1638554216867469,-0.27777777777777735,0.8,0.09104081242431297,1.0,1.0,0.0,0.0,0.0,0.0,4.81
STU-12021,-0.5992804522871341,-0.7886537015149891,-1.1174852652259333,1.2626506024096384,0.0061728395061732555,-0.4,-0.1146147145679751,1.0,0.0,0.0,1.0,0.0,0.0,2.79
STU-13258,0.0777796813431551,0.43064360159020076,0.4353634577603143,0.20963855421686747,-1.9320987654320982,1.2,0.4098068792623597,0.0,0.0,1.0,0.0,0.0,0.0,5.01
STU-11997,-1.0419736165838624,-0.9506822821532183,-1.376817288801572,1.5036144578313253,-0.37037037037037013,0.8,-0.5259257685525504,0.0,0.0,0.0,0.0,1.0,0.0,2.28
STU-13190,0.0,-0.6223272805415281,-1.6235756385068765,-0.29397590361445797,-0.679012345679012,-0.4,-1.4616584163674604,1.0,0.0,0.0,1.0,0.0,0.0,3.02
STU-10438,-1.394209354120268,-0.1259267218222846,-1.0436149312377212,-0.580722891566265,-0.43827160493827155,8.4,0.0,0.0,0.0,0.0,0.0,1.0,0.0,2.99
STU-13021,-0.04625663868425638,0.5273450091329106,0.6899803536345775,1.0289156626506022,0.9320987654320986,-0.8,1.3249739743780404,0.0,0.0,1.0,0.0,0.0,0.0,6.13
STU-11893,0.6842556107589505,0.5273450091329106,0.0,1.375903614457831,0.8518518518518523,-0.2,-0.21744247806411868,1.0,0.0,0.0,1.0,0.0,0.0,4.61
STU-14315,-0.7993832448175436,-0.07736112603416771,0.7842829076620826,-0.1855421686746989,0.15432098765432098,0.0,0.759421275149249,1.0,1.0,0.0,0.0,0.0,0.0,4.3
STU-10437,0.08463251670378517,0.5273450091329106,0.5218074656188606,0.9493975903614456,-0.18518518518518506,-0.2,0.4612207610104315,0.0,0.0,0.0,0.0,0.0,1.0,4.97
STU-13783,-0.6890525955113933,-0.7310626410228863,-0.4793713163064832,0.7421686746987951,0.6049382716049385,-1.0,0.060192483375469535,0.0,0.0,1.0,0.0,0.0,0.0,4.13
STU-14636,-0.7473016960767528,-0.4624476200709146,-1.1552062868369353,0.4481927710843372,-0.6913580246913575,0.6,0.8622490386453926,1.0,1.0,0.0,0.0,0.0,0.0,4.59
STU-14927,-0.7034435497687178,0.0,0.4919449901768175,-0.6771084337349397,1.7222222222222228,-0.2,0.34811022116467283,1.0,0.0,0.0,1.0,0.0,0.0,5.85
STU-14748,0.5519958882987831,0.5273450091329106,1.0860510805500987,0.15662650602409625,-0.46913580246913567,0.2,0.8828145913446218,1.0,0.0,0.0,0.0,0.0,1.0,5.6
STU-10096,0.9988007538118888,0.1229182335876222,-0.3426326129666012,1.1421686746987951,0.6234567901234567,1.2,0.7388557224500197,1.0,0.0,0.0,1.0,0.0,0.0,4.19
STU-13590,0.032550967962994296,-0.11045449661545106,-0.3819253438113949,-0.4626506024096386,-1.3518518518518514,0.2,-0.8755401644394396,0.0,0.0,0.0,0.0,1.0,0.0,3.31
STU-14243,0.9988007538118888,0.5273450091329106,2.792927308447938,0.6843373493975903,0.0,0.8,1.2529945399307394,0.0,0.0,0.0,0.0,0.0,1.0,6.18
STU-12510,0.06750042830220902,0.0073063285698937025,-0.037721021611002006,0.024096385542168586,-0.7222222222222221,0.6,0.8108351568973208,0.0,0.0,0.0,0.0,1.0,0.0,3.68
STU-10948,-0.004454342984410617,-0.9992478779413345,-0.09901768172888002,0.021686746987951772,-0.22222222222222185,2.6,-0.9886507042851983,0.0,0.0,0.0,0.0,0.0,1.0,3.53
STU-10984,-0.12232311118725446,-0.4830772536800262,-1.1599214145383105,-0.26987951807228916,-0.679012345679012,-0.2,-0.9269540461875123,1.0,0.0,1.0,0.0,0.0,0.0,3.45
STU-12808,0.34366969333561664,-0.6996884065756959,-0.42593320235756377,-0.6795180722891566,-0.46913580246913567,1.0,-0.1454630436168176,0.0,0.0,0.0,0.0,1.0,0.0,3.9
STU-11088,-0.41288333047798564,0.0,-0.004715127701375146,1.2096385542168673,0.8395061728395069,-0.4,-0.18659414901527524,0.0,0.0,0.0,0.0,1.0,0.0,5.14
STU-11267,-1.9814973445262984,-0.2540023638121849,-0.26561886051080547,-0.43373493975903615,0.2283950617283951,0.4,-0.5773396503006221,0.0,0.0,0.0,0.0,0.0,1.0,3.1
STU-14950,-0.36011649820113134,0.5273450091329106,0.9728880157170924,0.30602409638554207,0.6913580246913585,-0.4,0.6051796299050327,1.0,0.0,0.0,0.0,1.0,0.0,4.84
STU-12052,0.9988007538118888,0.5273450091329106,0.5799607072691553,0.39036144578313253,-0.46913580246913567,-0.8,1.3249739743780404,0.0,0.0,0.0,0.0,1.0,0.0,6.29
STU-13835,0.9138255953400715,0.0,0.28447937131630663,0.0,-0.2654320987654319,-1.0,1.2427117635811253,0.0,1.0,0.0,0.0,0.0,0.0,4.51
STU-10471,-0.5835189309576847,-0.4216181368862148,-1.2400785854616898,-0.05542168674698805,-1.666666666666666,3.4,-1.3176995474728592,0.0,0.0,0.0,0.0,0.0,1.0,2.28
STU-10788,-0.7096111015932854,-0.3820780058020845,0.36149312377210235,0.6433734939759035,0.012345679012345963,-0.8,0.48178631370965985,1.0,0.0,0.0,0.0,0.0,1.0,3.86
STU-11414,-0.0592770258694541,0.22950467390136411,0.337917485265226,-1.0072289156626504,-0.37037037037037013,0.2,0.6771590643523338,0.0,0.0,1.0,0.0,0.0,0.0,4.15
STU-13761,-0.8117183484666789,-0.4804985494788872,0.1948919449901769,0.10602409638554204,-0.4259259259259256,-0.2,0.6565935116531045,1.0,1.0,0.0,0.0,0.0,0.0,4.66
STU-12303,0.05036833990063287,-1.8283012786075001,-0.8235756385068764,0.3277108433734938,0.14814814814814828,1.0,-0.4436635577556351,0.0,0.0,0.0,1.0,0.0,0.0,2.77
STU-14335,-0.1942778824738741,-0.9304824325776301,-0.5202357563850689,0.3204819277108434,-0.21604938271604915,0.0,-2.191735537190082,0.0,0.0,0.0,0.0,1.0,0.0,2.72
STU-11810,-0.06201816001370672,0.26259804448264745,0.7497053045186644,0.0,0.27777777777777785,1.8,-0.8035607299921395,1.0,0.0,0.0,0.0,1.0,0.0,4.68
STU-12057,-0.7671749186225806,-0.32577629741055114,-0.6302554027504912,0.8096385542168673,0.07407407407407414,-1.0,-0.42309800505640677,0.0,0.0,1.0,0.0,0.0,0.0,3.17
STU-11196,0.9988007538118888,-0.22219834533147104,0.30019646365422403,0.7084337349397588,0.030864197530864633,-0.2,-0.09404916186874583,0.0,0.0,0.0,0.0,0.0,1.0,3.61
STU-11386,-0.03118040089086945,0.5273450091329106,1.1504911591355598,0.12048192771084336,-0.296296296296296,0.6,-0.07348360916951749,1.0,0.0,0.0,0.0,0.0,1.0,5.58
STU-11339,-1.5353777625492553,0.0,-1.7304518664047155,0.06024096385542168,-0.1728395061728391,0.0,-0.5156429922029362,1.0,0.0,1.0,0.0,0.0,0.0,2.42
STU-12175,-0.5314373822168929,0.5273450091329106,10.673096443164166,-0.26987951807228916,-0.47530864197530837,1.2,-1.2868512184240157,0.0,0.0,0.0,0.0,0.0,1.0,3.8
STU-11083,-1.753297927017304,-1.0645750510368541,-0.08015717092337915,-0.6602409638554216,-0.9382716049382713,-0.6,0.0807580360746988,0.0,1.0,0.0,0.0,0.0,0.0,3.55
STU-11733,-0.5519958882987841,-0.5260556570323417,-0.688408644400786,-0.7879518072289156,-0.8209876543209871,1.8,-1.04006458603327,1.0,0.0,0.0,0.0,0.0,1.0,3.39
STU-10839,-0.31899948603734896,0.29182335876222165,1.1316306483300593,0.619277108433735,-0.7283950617283949,0.6,0.9033801440438501,1.0,0.0,0.0,1.0,0.0,0.0,5.26
STU-13480,0.0,-0.4117331041151821,-1.3925343811394892,0.14698795180722876,0.2222222222222224,1.2,-2.078624997344324,0.0,0.0,0.0,0.0,0.0,1.0,2.15
STU-10833,0.9988007538118888,0.5273450091329106,0.0,0.0,-0.35185185185185147,0.8,-1.5644861798636038,0.0,0.0,0.0,0.0,0.0,1.0,3.49
STU-14499,-0.621209525441152,-0.036961426882991276,-0.22475442043222002,0.30602409638554207,-0.44444444444444425,1.2,-0.8755401644394396,0.0,0.0,1.0,0.0,0.0,0.0,2.97
STU-12344,0.0,-0.8832061888900826,-0.5846758349705307,0.46987951807228917,-0.24074074074074053,0.8,-0.39224967600756333,0.0,1.0,0.0,0.0,0.0,0.0,3.53
STU-14164,-0.5389755011135863,-0.5110132158590309,-1.152062868369352,-0.13253012048192767,0.30246913580246926,-0.4,0.11160636512354223,0.0,0.0,0.0,1.0,0.0,0.0,3.29
STU-12472,0.3751927359945173,-0.07693134200064496,0.4557956777996072,-0.4626506024096386,0.6172839506172839,0.6,0.5332001954577326,1.0,0.0,0.0,0.0,1.0,0.0,4.9
STU-10552,0.41219804694192125,-0.4800687654453638,-0.29862475442043235,0.15662650602409625,-0.8086419753086417,0.2,0.34811022116467283,0.0,0.0,0.0,1.0,0.0,0.0,4.67
STU-10672,-0.10107932156929987,-0.1113140646824972,-0.048722986247544293,0.10602409638554204,0.38888888888888934,-0.6,1.3249739743780404,1.0,0.0,1.0,0.0,0.0,0.0,4.75
STU-10863,-0.21209525441151364,0.24239819490705924,0.8000000000000004,0.8216867469879517,-0.6543209876543207,-1.0,0.48178631370965985,1.0,0.0,1.0,0.0,0.0,0.0,3.87
STU-13586,-0.7185197875621047,-0.764156011604169,0.17760314341846772,-1.0963855421686748,0.4382716049382721,1.6,0.0,0.0,0.0,0.0,0.0,1.0,0.0,3.6
STU-13229,0.592427616926502,0.5273450091329106,0.545383104125737,0.09879518072289159,1.0679012345679015,0.2,-0.13518026726720345,0.0,1.0,0.0,0.0,0.0,0.0,5.48
STU-13139,-0.3361315744389251,0.0,-0.2939096267190569,0.1373493975903613,0.0,0.8,-1.101761244130957,0.0,0.0,0.0,1.0,0.0,0.0,3.19
STU-14336,0.3272228884701039,0.2080154722252064,0.4526522593320238,0.9518072289156624,0.7222222222222221,0.4,0.4098068792623597,0.0,0.0,1.0,0.0,0.0,0.0,4.78
STU-14640,0.2628062360801777,0.5273450091329106,0.6239685658153243,-0.38554216867469887,-0.5925925925925926,0.0,0.5846140772058044,1.0,0.0,0.0,1.0,0.0,0.0,5.01
STU-12647,0.20798355319513326,0.5273450091329106,0.48408644400785866,0.8530120481927708,0.8456790123456795,0.0,-0.07348360916951749,1.0,0.0,0.0,0.0,0.0,1.0,4.39
STU-13777,-0.21346582148363946,0.09412270334157077,0.2609037328094303,-0.708433734939759,-0.2592592592592592,-0.4,1.1296012237353665,1.0,0.0,0.0,0.0,0.0,1.0,4.48
STU-13116,-0.5519958882987841,-1.119157623294295,0.0,-0.6674698795180722,0.6296296296296293,-0.6,-1.7495761541566637,0.0,1.0,0.0,0.0,0.0,0.0,2.3
STU-11365,0.9864656501627536,0.5273450091329106,0.4762278978388998,0.7759036144578314,-0.6358024691358021,1.6,1.1090356710361382,1.0,1.0,0.0,0.0,0.0,0.0,5.41
STU-11288,0.9988007538118888,-0.31846996884065804,0.15402750491159145,-0.07710843373493982,0.6358024691358032,1.6,0.18358579957084237,1.0,0.0,1.0,0.0,0.0,0.0,5.54
STU-11128,-0.04008908685968874,-0.9902224132373486,-0.9084479371316307,-0.8457831325301205,-0.45061728395061695,1.0,0.15273747052199985,1.0,0.0,0.0,1.0,0.0,0.0,3.02
STU-13478,-0.6054480041117017,-0.593961534329,-1.0561886051080551,-0.45542168674698796,0.351851851851852,0.2,0.33782744481505866,0.0,0.0,0.0,0.0,0.0,1.0,3.0
STU-14812,-0.7390782936439959,-1.2536800257870422,-1.181925343811395,0.3590361445783133,-0.8209876543209871,0.6,-0.30998746521064807,0.0,0.0,0.0,1.0,0.0,0.0,2.04
STU-14402,-0.9597395922562967,-1.0770387880090257,-0.913163064833006,0.7373493975903616,-1.4012345679012341,0.0,-0.5156429922029362,0.0,1.0,0.0,0.0,0.0,0.0,2.48
STU-14990,-0.2518416995031702,-1.953798216396261,-0.9901768172888017,-0.6674698795180722,0.0864197530864201,-0.4,-0.49507743950370686,0.0,0.0,0.0,0.0,0.0,1.0,2.64
STU-14513,-0.20592770258694598,0.1946921671859891,0.5218074656188606,0.4963855421686746,0.03703703703703734,-0.2,-0.4025324523571775,0.0,0.0,0.0,0.0,1.0,0.0,4.48
STU-14682,0.11067329107418158,-0.17664123777801655,-0.20275049115913546,-0.4506024096385542,-0.7098765432098761,-0.8,-0.42309800505640677,0.0,0.0,0.0,0.0,1.0,0.0,4.4
STU-14711,0.20455713551481822,0.11690125711829802,-0.6286836935166995,0.17108433734939757,0.0,0.4,-0.5567740976013937,1.0,0.0,0.0,1.0,0.0,0.0,4.76
STU-11281,0.9988007538118888,0.3601590200924034,0.3819253438113949,-0.24096385542168672,0.10493827160493877,1.4,0.029344154326627007,1.0,1.0,0.0,0.0,0.0,0.0,5.0
STU-12091,0.04694192222031784,0.5273450091329106,0.46365422396856604,0.6120481927710841,0.20370370370370375,-1.0,-0.5567740976013937,1.0,0.0,0.0,0.0,1.0,0.0,4.89
STU-13417,0.07161212951858745,-0.4104437520146126,-0.5862475442043223,-0.24578313253012057,0.0,0.4,-0.09404916186874583,0.0,0.0,0.0,1.0,0.0,0.0,3.93
STU-14203,-0.013363028953229904,-0.8118620393252391,-1.3406679764243616,-0.4,-0.6543209876543207,-0.4,-1.04006458603327,0.0,0.0,0.0,0.0,0.0,1.0,2.78
STU-10556,0.007195477128661282,-0.927903728376491,-0.6223968565815323,-0.06024096385542168,-0.679012345679012,-0.4,-0.4847946631540927,1.0,0.0,0.0,0.0,1.0,0.0,3.38
STU-10131,-0.49785848894980395,0.5273450091329106,0.06915520628683687,0.4915662650602409,-1.2160493827160492,0.0,0.2658480103677576,1.0,0.0,0.0,0.0,0.0,1.0,3.66
STU-10778,-0.7418194277882485,-0.9429461695498011,-1.1253438113948921,-0.4072289156626507,0.11111111111111148,-1.0,-1.770141706855892,1.0,0.0,1.0,0.0,0.0,0.0,2.21
STU-11724,0.5341785163611436,0.5273450091329106,1.3029469548133599,-0.20481927710843384,-0.18518518518518506,1.0,0.23499968131891508,0.0,0.0,0.0,1.0,0.0,0.0,4.28
STU-14771,0.6287476443378436,-0.3171806167400885,-0.28447937131630663,-0.7325301204819277,0.38888888888888934,0.0,-0.032352503771059866,0.0,0.0,0.0,0.0,0.0,1.0,4.85
STU-14033,0.9542573239677904,-0.40141828731062656,-0.19332023575638516,0.012048192771084293,-0.19135802469135776,-0.2,-0.39224967600756333,0.0,0.0,1.0,0.0,0.0,0.0,4.79
STU-12263,0.4176803152304255,-0.20715590415816085,-0.8330058939096269,-0.5903614457831325,-0.5432098765432097,0.6,0.0807580360746988,0.0,0.0,0.0,1.0,0.0,0.0,3.89
STU-14065,0.07435326366284006,0.5273450091329106,0.24990176817288803,2.1807228915662646,0.12962962962963015,0.4,0.954794025791922,1.0,0.0,0.0,1.0,0.0,0.0,5.76
STU-10045,0.0,-1.6297410551198024,-1.7304518664047155,0.004819277108433632,-0.030864197530864085,0.0,0.4612207610104315,0.0,0.0,0.0,0.0,0.0,1.0,2.46
STU-11068,-1.0248415281822862,-0.19813043945417427,-1.007465618860511,-0.06746987951807235,0.0,-0.2,0.5023518664088891,0.0,0.0,0.0,1.0,0.0,0.0,3.22
STU-10241,0.859002912455027,0.240249274739443,0.550098231827112,-1.0746987951807228,-0.1728395061728391,-1.0,0.5948968535554185,0.0,0.0,1.0,0.0,0.0,0.0,4.55
STU-10740,0.724002055850607,-0.021918985709681107,0.13831041257367402,0.8554216867469876,0.16666666666666693,-1.0,0.5229174191081175,0.0,0.0,0.0,0.0,1.0,0.0,4.76
STU-13629,-0.8267945862600659,-0.8612872031804022,-1.7304518664047155,0.0,-0.6666666666666661,0.2,-1.7084450487582061,0.0,0.0,0.0,0.0,0.0,1.0,2.33
STU-12759,0.9988007538118888,0.0,0.7717092337917489,0.019277108433734955,-0.06172839506172817,0.6,1.3146911980284264,0.0,0.0,0.0,1.0,0.0,0.0,5.15
STU-10126,-0.6911084461195824,0.10701622434726529,0.6396856581532415,-0.4746987951807229,0.40123456790123474,-0.4,1.16044955278421,0.0,0.0,1.0,0.0,0.0,0.0,4.68
STU-12254,-1.3777625492547554,-0.9579886107231119,0.0,1.2939759036144576,-0.030864197530864085,1.0,-0.7624296245936818,0.0,0.0,0.0,0.0,0.0,1.0,2.46
STU-14342,0.1579578550625316,0.5273450091329106,1.6408644400785857,0.28433734939759026,0.9259259259259258,-0.2,0.9856423548407653,0.0,0.0,0.0,0.0,0.0,1.0,5.02
STU-10558,0.0,-0.5703234124852267,-0.8094302554027506,0.7060240963855421,0.13580246913580285,-1.0,0.3686757738639021,0.0,0.0,0.0,0.0,1.0,0.0,3.58
STU-10720,0.7815658728799031,0.5273450091329106,1.376817288801572,0.6481927710843371,0.10493827160493877,0.2,0.019061377977012833,0.0,0.0,0.0,1.0,0.0,0.0,4.63
STU-14239,0.27445605619324964,-0.33609111421510723,-0.7229862475442044,-0.39036144578313253,-0.23456790123456783,0.8,0.5846140772058044,0.0,0.0,0.0,0.0,0.0,1.0,3.69
STU-10675,-0.14356690080520904,0.03395293864832887,0.47779960707269176,-0.7421686746987951,0.03703703703703734,-0.8,0.7697040514988631,0.0,0.0,0.0,1.0,0.0,0.0,4.74
STU-11670,0.0,0.020629633609110982,0.09115913555992144,0.3012048192771084,0.6296296296296293,0.0,0.5332001954577326,0.0,0.0,0.0,0.0,0.0,1.0,4.59
STU-12321,-0.9289018331334593,-1.1152895669925864,-0.4950884086444009,0.6337349397590358,-0.0432098765432095,-1.0,-0.4847946631540927,0.0,0.0,0.0,0.0,1.0,0.0,2.63
STU-12761,-0.2168922391639545,-0.8079939830235306,-1.4616895874263265,-0.5951807228915663,-0.7160493827160489,1.2,-1.5336378508147614,0.0,1.0,0.0,0.0,0.0,0.0,2.82
STU-14311,-0.30255268117183526,0.2488449554099062,1.111198428290766,1.0626506024096385,0.9567901234567905,0.4,0.12188914147315641,0.0,0.0,0.0,1.0,0.0,0.0,4.51
STU-11562,0.880931985609045,0.5273450091329106,1.5905697445972498,1.0337349397590359,1.1728395061728396,-0.8,0.3686757738639021,1.0,0.0,1.0,0.0,0.0,0.0,5.06
STU-13743,-1.0351207812232324,0.4405286343612335,0.028290766208251432,0.5566265060240965,0.3271604938271606,0.0,0.09104081242431297,1.0,1.0,0.0,0.0,0.0,0.0,4.71
STU-12517,0.6068185711838265,0.5273450091329106,0.6585461689587426,-0.31807228915662655,0.27777777777777785,1.4,-1.1428923495294145,0.0,0.0,0.0,0.0,1.0,0.0,3.9
STU-12340,-0.29227342813089013,0.0068765445363703276,-0.029862475442043148,-0.39518072289156636,0.9506172839506178,0.6,-0.042635280120674045,0.0,0.0,1.0,0.0,0.0,0.0,3.57
STU-12402,0.4142538975501105,-0.6150209519716344,0.4463654223968566,-0.09397590361445796,-0.34567901234567877,-1.0,0.9959251311903796,1.0,0.0,0.0,0.0,1.0,0.0,4.81
STU-14020,-0.35806064759294215,-0.3029977436338239,-0.5768172888015718,0.5493975903614455,-0.05555555555555546,1.4,0.49206909005927496,1.0,1.0,0.0,0.0,0.0,0.0,5.01
STU-14222,-1.044714750728114,-1.3276028795530248,-0.3834970530451866,1.2939759036144576,-1.9197530864197525,-0.6,-0.3819668996579491,0.0,0.0,0.0,0.0,0.0,1.0,2.94
STU-14591,0.658214836388555,-0.07220371763189028,0.21375245579567775,1.6987951807228912,-0.5493827160493825,-1.0,0.37895855021351627,0.0,0.0,0.0,0.0,0.0,1.0,5.85
STU-14723,0.9241048483810166,0.5273450091329106,1.3453831041257371,-0.5759036144578313,0.0,-0.2,0.1733030232212282,0.0,0.0,0.0,1.0,0.0,0.0,5.09
STU-10496,-0.297070412883331,0.13967981089502526,-0.5579567779960707,-0.5301204819277109,0.5000000000000002,-0.4,-0.32027024156026224,0.0,0.0,0.0,0.0,1.0,0.0,3.53
STU-11101,-0.17851636114442473,-0.6489738906199639,-0.7669941060903734,-0.47228915662650606,-1.4444444444444442,0.0,1.3146911980284264,1.0,0.0,0.0,1.0,0.0,0.0,4.42
STU-14135,0.7671749186225796,0.5273450091329106,1.0404715127701376,-0.22168674698795177,-1.1172839506172836,0.0,-0.4025324523571775,0.0,0.0,0.0,1.0,0.0,0.0,4.53
STU-13060,-0.032550967962995274,-0.037820994950038024,-0.12416502946954802,-0.9180722891566265,-0.07407407407407358,0.2,-0.5156429922029362,1.0,0.0,0.0,1.0,0.0,0.0,4.23
STU-13686,0.056535891725200516,-0.5802084452562588,-0.0722986247544203,0.20240963855421681,0.04320987654321005,2.2,-1.4513756400178461,0.0,0.0,0.0,1.0,0.0,0.0,3.19
STU-10615,-0.712352235737537,0.5273450091329106,-0.19174852652259344,-0.5710843373493976,-0.33333333333333276,0.8,0.24528245766852924,0.0,0.0,0.0,0.0,0.0,1.0,4.55
STU-10252,0.9988007538118888,-0.6395186418824546,0.9100196463654227,-0.3108433734939759,-0.3641975308641974,-0.6,0.7697040514988631,0.0,0.0,0.0,1.0,0.0,0.0,4.59
STU-13592,-1.1228370738393012,-0.16202858063822975,-0.6585461689587426,-0.007228915662650662,0.12962962962963015,-0.6,0.33782744481505866,1.0,0.0,0.0,0.0,0.0,1.0,4.21
STU-13273,0.25184169950316826,0.5273450091329106,0.6223968565815327,-0.6216867469879518,1.3271604938271606,1.2,-0.24829080711296211,1.0,1.0,0.0,0.0,0.0,0.0,5.16
STU-14153,0.9988007538118888,0.1272160739228535,0.02200392927308457,-1.0891566265060242,0.7654320987654322,-0.4,-1.8626866940024218,0.0,0.0,0.0,0.0,0.0,1.0,3.6
STU-11256,0.17508994346410775,-0.243257762974106,-0.9210216110019647,-0.7518072289156627,-1.2283950617283945,-0.6,-0.8035607299921395,0.0,0.0,1.0,0.0,0.0,0.0,2.89
STU-13110,-0.3635429158814464,-0.5845062855914906,0.3174852652259332,-0.1253012048192772,1.0679012345679015,-1.0,0.039626930676241186,0.0,0.0,0.0,0.0,0.0,1.0,4.57
STU-13369,0.5985951687510697,0.5273450091329106,1.620432220039293,-0.5036144578313253,0.0,0.4,0.5434829718073467,1.0,0.0,0.0,0.0,0.0,1.0,5.77
STU-13318,-0.4526297755696432,-0.20113892768883668,-0.6475442043222005,0.6578313253012049,-0.47530864197530837,0.2,-0.3819668996579491,0.0,0.0,0.0,1.0,0.0,0.0,2.63
STU-10641,0.5328079492890178,0.5273450091329106,1.1001964636542245,-0.09638554216867477,-1.2098765432098764,0.2,0.24528245766852924,0.0,1.0,0.0,0.0,0.0,0.0,4.58
STU-13608,-1.0865170464279608,-1.3138497904802842,-0.9414538310412576,-0.9012048192771084,0.18518518518518562,-1.0,-0.5670568739510079,0.0,0.0,1.0,0.0,0.0,0.0,2.48
STU-12104,-0.6260065101935929,0.5273450091329106,0.03143418467583514,0.0,-1.0925925925925923,-0.8,-0.3819668996579491,1.0,0.0,0.0,0.0,0.0,1.0,4.04
STU-13392,-0.9213637142367659,0.10572687224669577,0.5846758349705307,0.8843373493975902,0.6666666666666666,0.8,0.18358579957084237,0.0,0.0,0.0,0.0,0.0,1.0,4.13
STU-14573,0.24156244646222313,0.28752551842699037,0.3300589390962672,0.650602409638554,1.012345679012346,1.6,-0.27913913616180464,0.0,1.0,0.0,0.0,0.0,0.0,4.3
STU-14808,-1.3359602535549087,-0.8832061888900826,-0.03614931237721029,0.6987951807228916,0.41358024691358075,0.2,0.44065520831120225,1.0,0.0,0.0,1.0,0.0,0.0,3.24
STU-11494,0.9988007538118888,0.5273450091329106,1.1504911591355598,0.6530120481927708,-0.34567901234567877,0.6,0.6360279589538761,1.0,0.0,0.0,1.0,0.0,0.0,5.04
STU-10882,0.9988007538118888,-0.5221876007306332,-0.8833005893909628,0.4216867469879518,-1.296296296296296,-0.2,0.9342284730926936,0.0,0.0,0.0,1.0,0.0,0.0,2.97
STU-13868,-1.3126606133287657,-1.3245943913183629,0.0,-1.1132530120481927,-1.7037037037037035,0.2,-0.7212985191952243,1.0,1.0,0.0,0.0,0.0,0.0,2.6
STU-13236,0.17714579407229697,0.5273450091329106,0.40078585461689603,-1.1228915662650603,-1.1666666666666663,-0.6,0.893097367694236,0.0,0.0,0.0,1.0,0.0,0.0,4.91
STU-10710,-0.5033407572383082,-0.3219082411088432,0.00628683693516714,0.09879518072289159,0.3703703703703707,-1.0,0.3275446684654445,1.0,1.0,0.0,0.0,0.0,0.0,4.19
STU-12241,-1.132431043344184,-0.6511228107875795,-0.5422396856581532,-0.6746987951807228,0.833333333333333,0.4,-1.6467483906605191,0.0,0.0,0.0,0.0,0.0,1.0,1.81
STU-10405,0.4615384615384605,0.23938970667239684,1.0121807465618862,-0.6409638554216868,0.16049382716049423,0.6,-0.7418640718944526,0.0,1.0,0.0,0.0,0.0,0.0,5.2
STU-14969,0.6897378790474546,-0.07650155796712158,0.23104125736738718,-1.1903614457831326,-0.5679012345679012,-0.2,0.7902696041980924,0.0,0.0,0.0,1.0,0.0,0.0,4.72
STU-11693,0.9988007538118888,0.5273450091329106,1.3343811394891947,0.10602409638554204,-0.6419753086419747,1.0,1.222146210881897,1.0,0.0,0.0,0.0,0.0,1.0,5.56
STU-11156,-2.173376734623951,-0.3253465133770284,-0.7277013752455797,-0.4843373493975904,1.364197530864198,-0.6,-1.4102445346193886,0.0,1.0,0.0,0.0,0.0,0.0,2.89
STU-11753,0.009251327736850497,-0.12979477812399315,0.3866404715127703,0.4024096385542168,1.166666666666667,1.4,-0.15574581996643272,0.0,1.0,0.0,0.0,0.0,0.0,5.15
STU-12837,0.0,0.23036424196841088,0.25461689587426345,0.9662650602409637,0.3148148148148152,0.6,0.4612207610104315,1.0,1.0,0.0,0.0,0.0,0.0,4.3
STU-13276,0.0435155045400028,-0.4680348125067154,-0.738703339882122,0.0,-0.03703703703703679,-0.8,-1.8112728122543496,0.0,0.0,0.0,1.0,0.0,0.0,3.07
STU-10320,0.5718691108446109,0.5273450091329106,1.1489194499017685,-0.24096385542168672,0.7407407407407414,0.0,0.0807580360746988,0.0,1.0,0.0,0.0,0.0,0.0,4.9
STU-11817,0.5540517389069722,0.5273450091329106,-0.545383104125737,-0.46746987951807234,-0.2716049382716046,1.4,-0.09404916186874583,0.0,0.0,0.0,1.0,0.0,0.0,4.81
STU-11971,0.9988007538118888,0.5273450091329106,0.8722986247544204,-0.25783132530120484,-0.339506172839506,0.0,1.1912978818330535,1.0,0.0,0.0,0.0,1.0,0.0,5.63
STU-11750,-0.6856261778310783,-1.9787256903406043,-1.257367387033399,-0.7253012048192771,0.6358024691358032,-1.0,-1.2457201130255582,0.0,1.0,0.0,0.0,0.0,0.0,2.99
STU-10140,0.0,0.5273450091329106,0.011001964636542285,1.556626506024096,0.3148148148148152,0.0,-0.042635280120674045,0.0,1.0,0.0,0.0,0.0,0.0,4.97
STU-13537,0.19290731540174633,0.5273450091329106,1.6895874263261301,2.448192771084337,-0.11728395061728364,-1.0,1.2015806581826676,0.0,0.0,0.0,0.0,1.0,0.0,5.8
STU-11754,-0.369710467706014,-0.20672612012463748,-0.8502946954813361,-0.6819277108433734,0.4567901234567902,0.6,0.48178631370965985,0.0,0.0,1.0,0.0,0.0,0.0,4.29
STU-10436,-0.1490491690937133,-0.8862146771247451,-1.169351669941061,-1.0265060240963855,-1.5555555555555551,0.4,-0.2997046888610339,0.0,0.0,0.0,0.0,0.0,1.0,2.79
STU-13080,-0.2737707726571872,0.33351241001396764,-0.63811394891945,1.0602409638554218,1.6111111111111118,-0.2,0.2761307867173727,1.0,0.0,0.0,0.0,0.0,1.0,5.0
STU-11492,0.9988007538118888,0.20457719995702123,0.0,0.36144578313253006,0.17283950617283964,-0.2,-1.0194990333340417,0.0,1.0,0.0,0.0,0.0,0.0,4.92
STU-11509,0.9988007538118888,0.4125926721822282,1.0797642436149313,-0.7180722891566266,1.1172839506172842,-0.8,1.3249739743780404,0.0,0.0,1.0,0.0,0.0,0.0,5.3
STU-14260,0.6061332876477632,0.06532717309551933,-0.15088408644400775,1.737349397590361,-1.666666666666666,-1.0,-0.12489749091758927,0.0,0.0,0.0,0.0,1.0,0.0,4.24
STU-12618,0.8603734795271538,0.5273450091329106,0.9571709233791753,-1.2433734939759036,-1.0185185185185182,-0.2,1.2632773162803546,1.0,0.0,0.0,0.0,0.0,1.0,5.46
STU-14725,0.40397464450916437,0.36660578059525095,-0.30019646365422403,1.7301204819277107,0.4444444444444448,-1.0,1.3249739743780404,1.0,0.0,0.0,0.0,0.0,1.0,5.09
STU-10220,0.28816172691450975,-0.14870527559901184,0.18074656188605118,-0.074698795180723,-0.5679012345679012,-0.2,-0.42309800505640677,0.0,0.0,0.0,0.0,0.0,1.0,4.53
STU-13855,-0.1970190166181267,0.35070377135489406,-0.3457760314341846,0.5662650602409637,-0.9567901234567899,0.2,-1.101761244130957,0.0,1.0,0.0,0.0,0.0,0.0,3.44
STU-10696,-0.2415624464622241,0.30342752766734726,0.583104125736739,0.6602409638554216,0.27777777777777785,0.6,1.16044955278421,1.0,0.0,0.0,0.0,0.0,1.0,5.38
STU-10779,-0.5341785163611454,-0.14569678736434946,0.1477406679764243,-0.7903614457831325,1.296296296296296,0.2,-0.28942191251141974,0.0,0.0,0.0,0.0,0.0,1.0,4.63
STU-13631,-0.6335446290902864,0.5273450091329106,0.768565815324165,-0.4506024096385542,0.364197530864198,1.0,-0.23800803076334703,0.0,0.0,1.0,0.0,0.0,0.0,4.35
STU-12416,-1.1098166866541035,-0.8449554099065225,-1.7304518664047155,-0.4650602409638554,0.3580246913580247,-0.2,-1.0092162569844265,0.0,0.0,0.0,1.0,0.0,0.0,2.29
STU-11071,0.8178859002912446,0.36703556462877374,0.4825147347740669,-0.5012048192771084,1.1913580246913578,1.2,-0.2997046888610339,0.0,1.0,0.0,0.0,0.0,0.0,4.86
STU-13842,-0.5444577694020906,-0.5845062855914906,-0.6255402750491161,0.27951807228915665,0.0864197530864201,1.0,0.10132358877392715,1.0,1.0,0.0,0.0,0.0,0.0,3.31
STU-12461,-0.5280109645365778,-1.4763081551520363,0.0,-0.25783132530120484,0.17283950617283964,0.2,-1.0914784677813418,0.0,1.0,0.0,0.0,0.0,0.0,2.63
STU-14726,-0.0818913825595345,-0.18523691844847975,-0.6145383104125738,0.6722891566265058,-0.44444444444444425,1.0,0.48178631370965985,0.0,0.0,0.0,0.0,0.0,1.0,4.32
STU-12201,-0.1942778824738741,0.5273450091329106,0.619253438113949,1.944578313253012,0.4814814814814816,0.4,0.3686757738639021,0.0,0.0,0.0,1.0,0.0,0.0,4.87
STU-14078,0.08394723316772275,0.02320833781025001,0.7481335952848724,0.2915662650602409,0.5555555555555557,-0.8,1.222146210881897,0.0,0.0,1.0,0.0,0.0,0.0,5.25
STU-10782,-0.6657529552852505,-0.29784033523154646,0.007858546168958855,-0.3542168674698796,0.11728395061728418,0.2,-0.8549746117402113,0.0,0.0,0.0,0.0,0.0,1.0,2.93
STU-13610,-0.3765633030666441,-0.243257762974106,-0.15088408644400775,0.6530120481927708,0.9753086419753086,2.0,-0.21744247806411868,0.0,0.0,0.0,1.0,0.0,0.0,5.01
STU-10198,-0.4313859859516886,-0.6433866981841625,-0.3174852652259332,0.0,-1.0061728395061726,0.2,0.19386857592045748,0.0,1.0,0.0,0.0,0.0,0.0,4.29
STU-13453,0.28816172691450975,-0.5299237133340496,-0.9430255402750493,0.5734939759036142,0.8950617283950624,-0.8,-0.16602859631604688,0.0,0.0,0.0,1.0,0.0,0.0,3.51
STU-13956,-0.014733596025356697,-1.091651445148813,11.573703355380617,-0.8433734939759036,0.049382716049382755,-0.8,-1.1223267968301853,0.0,0.0,0.0,0.0,1.0,0.0,3.55
STU-12392,0.5629604248757916,0.5273450091329106,0.18703339882121803,2.265060240963855,0.7530864197530868,0.6,-0.7418640718944526,0.0,0.0,1.0,0.0,0.0,0.0,4.2
STU-14643,0.9988007538118888,0.5273450091329106,-0.004715127701375146,-0.6506024096385542,0.012345679012345963,-0.4,-0.42309800505640677,0.0,0.0,0.0,0.0,0.0,1.0,4.37
STU-13923,-0.46222374507452485,-0.7749006124422478,-0.14302554027504916,-0.12048192771084336,1.2037037037037044,-0.2,0.4098068792623597,0.0,0.0,0.0,0.0,1.0,0.0,3.71
STU-10282,-0.5321226657529563,0.02621682604491241,-0.550098231827112,1.8602409638554216,0.9506172839506178,1.0,-0.6904501901463808,0.0,0.0,0.0,0.0,0.0,1.0,3.19
STU-13841,-0.6774027753983214,0.0,-1.1866404715127703,-0.6265060240963856,0.5802469135802472,1.6,-0.41281522870679255,0.0,1.0,0.0,0.0,0.0,0.0,3.58
STU-13495,0.5218434127120092,0.11947996131943704,0.06601178781925343,0.3831325301204819,2.1172839506172836,1.4,1.0267734602392231,0.0,0.0,0.0,0.0,1.0,0.0,5.84
STU-10583,-0.7445605619325001,-0.43408187385838654,-0.8644400785854618,-0.636144578313253,-0.2839506172839506,0.6,0.5743313008561892,1.0,0.0,0.0,0.0,1.0,0.0,3.6
STU-10125,0.5355490834332693,0.5273450091329106,1.2400785854616896,0.6481927710843371,1.320987654320988,0.8,1.3249739743780404,0.0,1.0,0.0,0.0,0.0,0.0,5.99
STU-11850,0.01336302895322893,0.5273450091329106,0.11787819253438116,1.419277108433735,0.351851851851852,-1.0,0.37895855021351627,1.0,0.0,1.0,0.0,0.0,0.0,4.45
STU-12744,-0.14151105019701982,0.41946921671859855,1.2227897838899804,2.824096385542169,0.0,0.4,1.0679045656376807,1.0,0.0,0.0,0.0,1.0,0.0,5.05
STU-14558,0.6301182114099704,0.19125389491780395,-0.32534381139489205,-0.15421686746987964,-0.8024691358024689,-1.0,-0.15574581996643272,0.0,0.0,0.0,0.0,1.0,0.0,4.5
STU-14086,0.8357032722288842,0.5273450091329106,-0.5579567779960707,-0.8072289156626505,-1.2098765432098764,1.4,0.008778601627397745,0.0,0.0,0.0,0.0,1.0,0.0,3.73
STU-10853,0.9988007538118888,0.43537122595895544,0.050294695481336006,0.15421686746987942,-0.1296296296296296,-1.0,0.7902696041980924,0.0,0.0,0.0,0.0,1.0,0.0,4.52
STU-10993,0.4615384615384605,-0.34941441925432515,-0.6066797642436149,0.24337349397590355,0.29012345679012386,-0.4,-0.8652573880898254,1.0,0.0,0.0,0.0,0.0,1.0,4.45
STU-11354,0.4300154188795608,-0.6326420973460836,-0.4526522593320235,1.8265060240963853,0.0,0.0,-0.7315812955448384,0.0,1.0,0.0,0.0,0.0,0.0,4.25
STU-14539,-0.26965907144080975,-0.5802084452562588,-0.16188605108055001,0.4867469879518071,-0.6913580246913575,-0.2,0.6565935116531045,1.0,0.0,0.0,0.0,0.0,1.0,3.74
STU-12589,0.340928559191365,0.2179005049962391,0.5390962671905698,-0.9638554216867469,-0.19753086419753046,-0.6,0.9753595784911512,0.0,0.0,0.0,0.0,0.0,1.0,5.01
STU-13658,0.0,0.29912968733211537,0.5815324165029472,2.4144578313253007,0.4629629629629629,0.0,0.5434829718073467,0.0,0.0,0.0,0.0,0.0,1.0,4.53
STU-10303,0.15864313859859402,0.3631675083270658,0.4620825147347741,-0.15421686746987964,-1.3209876543209873,-0.2,-0.18659414901527524,0.0,0.0,0.0,1.0,0.0,0.0,4.0
STU-12210,-0.5910570498543781,-2.681422585150962,-1.7304518664047155,0.0,0.2160493827160497,-0.4,-0.23800803076334703,0.0,0.0,0.0,0.0,0.0,1.0,2.44
STU-13518,0.9988007538118888,0.5273450091329106,-0.14931237721021604,-0.619277108433735,0.7098765432098767,-0.4,0.5229174191081175,1.0,0.0,0.0,0.0,1.0,0.0,4.7
STU-10614,-0.8870995374336136,0.1959815192865586,-0.6569744597249509,-0.03132530120481925,-0.8765432098765431,-0.4,-0.032352503771059866,0.0,0.0,0.0,0.0,0.0,1.0,3.35
STU-13538,0.07024156244646164,-0.025787042011389646,-0.20275049115913546,-0.9566265060240964,0.7962962962962968,-0.8,0.0,1.0,0.0,0.0,0.0,1.0,0.0,4.27
STU-13652,0.9988007538118888,0.008595680670463216,0.011001964636542285,0.15903614457831328,-1.3024691358024687,0.6,0.42008965561197387,1.0,0.0,1.0,0.0,0.0,0.0,4.55
STU-12810,-0.08531780023984954,-0.4921027183840122,-0.023575638506876287,1.2072289156626503,0.5987654320987658,0.8,1.294125645329197,1.0,1.0,0.0,0.0,0.0,0.0,4.84
STU-11372,-1.0796642110673298,-0.25872998818093956,-0.9430255402750493,-0.26024096385542167,-0.08024691358024684,0.2,-0.6493190847479232,0.0,0.0,0.0,0.0,0.0,1.0,3.17
STU-11757,0.9988007538118888,0.5273450091329106,1.1143418467583501,-0.39277108433734936,0.858024691358025,0.6,0.1733030232212282,0.0,0.0,0.0,0.0,0.0,1.0,5.93
STU-10630,-0.006510193592599833,0.23595143440421168,0.5516699410609038,0.1759036144578312,-0.48765432098765377,1.2,-0.26885635981219047,0.0,0.0,0.0,0.0,0.0,1.0,5.01
STU-11761,0.4211067329107405,-0.06575695712904271,-0.0738703339882123,2.2361445783132528,0.16049382716049423,0.0,-0.39224967600756333,0.0,0.0,1.0,0.0,0.0,0.0,4.67
STU-11360,0.33544629090285977,0.5273450091329106,1.2777996070726918,-0.02891566265060243,-0.8580246913580244,0.2,1.3249739743780404,0.0,1.0,0.0,0.0,0.0,0.0,5.43
STU-10384,0.20935412026726005,0.5273450091329106,0.5846758349705307,0.2240963855421686,-0.4259259259259256,0.4,-0.0632008328199024,0.0,0.0,0.0,0.0,1.0,0.0,4.91
STU-10861,-0.545143052938154,-0.541957666272698,-0.7214145383104127,-0.026506024096385618,0.4876543209876543,1.2,-1.7804244832055067,0.0,1.0,0.0,0.0,0.0,0.0,2.87
STU-10550,-1.2311118725372634,-1.0289029762544324,-1.188212180746562,-0.43132530120481927,-0.9135802469135799,2.0,0.0807580360746988,0.0,0.0,0.0,0.0,0.0,1.0,3.21
STU-11546,-0.8795614185369202,-0.9880734930697329,-0.42593320235756377,1.4,-0.02469135802469083,-0.2,-0.27913913616180464,0.0,0.0,0.0,0.0,1.0,0.0,3.69
STU-11949,0.9988007538118888,-0.6708928763296443,-0.1713163064833006,0.6819277108433734,-1.7716049382716044,0.6,-1.6159000616116765,0.0,0.0,0.0,0.0,0.0,1.0,3.24
STU-11675,-1.1050197019016628,-1.4122703341570864,-1.0090373280943028,1.0963855421686743,-0.8271604938271604,0.4,-1.0914784677813418,0.0,0.0,0.0,1.0,0.0,0.0,2.33
STU-14144,0.9597395922562957,0.26431718061673976,-0.15559921414538316,-0.6120481927710842,0.901234567901235,-0.6,-0.02206972742144478,0.0,0.0,1.0,0.0,0.0,0.0,3.23
STU-10059,0.09628233681685708,0.46502632427205304,0.5595284872298626,-0.5084337349397591,-1.7407407407407403,1.6,0.9342284730926936,1.0,1.0,0.0,0.0,0.0,0.0,4.94
STU-12440,0.2785677574096271,0.4792091973783171,1.1410609037328097,-0.6240963855421687,0.6419753086419758,0.6,0.8622490386453926,0.0,0.0,0.0,1.0,0.0,0.0,5.66
STU-14013,-0.26965907144080975,0.29053400666165213,0.3850687622789786,0.6385542168674699,0.19753086419753102,0.6,0.7697040514988631,0.0,0.0,0.0,0.0,0.0,1.0,5.01
STU-13329,-0.22511564159671135,-0.9025464703986248,-0.02671905697445972,0.04096385542168673,-0.6975308641975307,0.2,-0.042635280120674045,0.0,0.0,0.0,0.0,1.0,0.0,2.56
STU-11860,-0.654788418708241,-0.32749543354464405,0.1210216110019646,0.10602409638554204,-0.7283950617283949,0.2,0.7182901697507914,0.0,0.0,1.0,0.0,0.0,0.0,3.68
STU-13826,-0.34641082747987023,0.43279252175781646,0.48565815324165035,0.4674698795180721,0.29012345679012386,0.6,0.0,0.0,0.0,0.0,0.0,0.0,1.0,4.38
STU-10302,0.4080863457255428,-0.15300311593424315,0.012573673870334002,1.4819277108433735,-1.5555555555555551,0.4,0.2555652340181434,1.0,0.0,0.0,0.0,1.0,0.0,5.07
STU-14492,-1.2941579578550628,-0.76157730740303,0.2467583497053046,-0.9662650602409637,0.351851851851852,1.8,0.7285729461004056,0.0,0.0,0.0,0.0,1.0,0.0,3.81
STU-12567,0.9988007538118888,0.5273450091329106,-0.2090373280943026,-0.7204819277108434,-1.253086419753086,2.0,0.965076802141537,1.0,0.0,0.0,1.0,0.0,0.0,5.14
STU-13997,0.08463251670378517,0.17191361340926187,0.37721021611001976,2.048192771084337,-0.23456790123456783,-0.8,-0.21744247806411868,0.0,0.0,0.0,1.0,0.0,0.0,4.76
STU-13603,-0.3128319342127813,0.1040077361126035,-0.21218074656188604,-0.5759036144578313,0.030864197530864633,0.6,-0.9680851515859699,0.0,0.0,0.0,0.0,0.0,1.0,3.37
STU-10153,-0.23402432756553065,0.5273450091329106,0.11316306483300602,0.9421686746987952,-0.6913580246913575,0.8,-0.6596018610975374,0.0,0.0,0.0,0.0,0.0,1.0,4.07
STU-12839,-0.18742504711324404,-0.33909960244976906,0.20589390962671916,1.9349397590361443,-1.1851851851851851,0.0,-0.011786951071830606,1.0,0.0,0.0,0.0,0.0,1.0,3.45
STU-14484,-0.6164125406887102,-0.9867841409691634,0.0,0.6963855421686748,0.07407407407407414,2.2,-0.2997046888610339,1.0,0.0,1.0,0.0,0.0,0.0,3.48
STU-10770,0.9988007538118888,0.5273450091329106,1.4648330058939096,-0.9253012048192771,-0.27777777777777735,-1.0,1.3249739743780404,0.0,0.0,0.0,0.0,0.0,1.0,6.41
STU-13571,0.9988007538118888,0.29655098313097633,-0.07544204322200401,-0.19759036144578318,-0.37037037037037013,1.4,0.38924132656313043,0.0,0.0,0.0,0.0,1.0,0.0,3.93
STU-13908,-0.8836731197532985,0.18179864618029398,0.34106090373280945,-0.9879518072289157,-0.27777777777777735,1.2,-0.8241262826913678,0.0,0.0,0.0,0.0,0.0,1.0,4.16
STU-13317,0.6102449888641416,-0.06102933276028803,-0.03300589390962658,0.04096385542168673,-0.833333333333333,1.2,0.18358579957084237,0.0,0.0,0.0,0.0,0.0,1.0,4.45
STU-13382,-0.7651190680143913,0.18781562264961815,-0.0031434184675834306,-0.9180722891566265,0.19135802469135832,0.0,0.33782744481505866,0.0,0.0,1.0,0.0,0.0,0.0,3.82
STU-14292,0.2991262634915192,0.12635650585580738,-0.5202357563850689,-0.22650602409638562,1.2283950617283952,0.0,-0.13518026726720345,1.0,1.0,0.0,0.0,0.0,0.0,4.91
STU-13653,0.2984409799554558,0.0004297840335227638,-0.07544204322200401,-0.10843373493975907,-0.9814814814814813,0.0,-0.7624296245936818,0.0,0.0,0.0,0.0,0.0,1.0,4.23
STU-10402,-0.15864313859859597,0.3253465133770278,-0.15559921414538316,-0.15421686746987964,-0.5925925925925926,0.6,-0.011786951071830606,0.0,0.0,0.0,1.0,0.0,0.0,4.11
STU-10572,-0.7685454856947074,-0.23165359406898037,-0.8502946954813361,-0.49397590361445787,1.0370370370370368,0.6,-0.9372368225371265,0.0,0.0,0.0,1.0,0.0,0.0,3.54
STU-11333,0.0,0.2544321478457076,0.3190569744597249,1.1710843373493973,-1.1358024691358024,-1.0,0.4509379846608173,1.0,0.0,0.0,0.0,0.0,1.0,4.84
STU-13891,0.12849066301182016,0.22735575373374847,0.3017681728880158,-0.40963855421686746,-1.1358024691358024,-1.0,-0.032352503771059866,1.0,0.0,0.0,0.0,0.0,1.0,4.63
STU-13315,0.24087716292615974,0.5273450091329106,0.33948919449901777,0.04096385542168673,-0.45061728395061695,1.2,0.07047525972508462,1.0,0.0,0.0,1.0,0.0,0.0,5.42
STU-13327,0.9391810861744035,0.04555710755345449,0.0,0.0,-0.9567901234567899,0.8,-0.0015041747222164304,1.0,0.0,0.0,0.0,1.0,0.0,4.9
STU-13030,0.29432927873907744,0.5273450091329106,1.2337917485265228,-0.6433734939759036,-0.43827160493827155,0.8,-0.21744247806411868,0.0,0.0,0.0,1.0,0.0,0.0,4.45
STU-12032,-1.4935754668494094,0.0,-0.16502946954813347,1.9156626506024093,0.0,-0.4,0.4715035373600457,1.0,0.0,0.0,1.0,0.0,0.0,4.41
STU-11607,0.2771971903375013,0.4667454604061459,1.6660117878192537,-1.16144578313253,-0.030864197530864085,-1.0,1.3249739743780404,0.0,0.0,0.0,1.0,0.0,0.0,5.62
STU-10798,0.0,-0.37992908563446887,12.742977872639635,0.20722891566265045,-1.2592592592592586,-1.0,-0.6493190847479232,0.0,0.0,0.0,0.0,0.0,1.0,3.14
STU-10532,-1.2907315401747477,-1.2244547115074678,-0.13045186640471515,0.4,0.0,-0.2,0.04990970702585536,0.0,0.0,1.0,0.0,0.0,0.0,3.85
STU-13805,-0.1963337330820633,-1.2764585795637695,-1.7304518664047155,-0.45542168674698796,-1.438271604938271,0.0,-1.235437336675944,0.0,0.0,0.0,0.0,0.0,1.0,1.12
STU-11918,0.17577522700017018,0.4512732351993124,-0.15559921414538316,0.43132530120481927,0.0,0.0,-0.7624296245936818,0.0,0.0,0.0,0.0,0.0,1.0,4.07
STU-12240,0.9988007538118888,-0.13495218652627058,0.793713163064833,1.0481927710843373,0.03703703703703734,-0.4,-0.3819668996579491,0.0,0.0,0.0,0.0,0.0,1.0,4.61
STU-12492,0.24087716292615974,0.07091436553132015,0.4982318271119844,0.0,-1.0061728395061726,-1.0,0.8519662622957784,0.0,0.0,1.0,0.0,0.0,0.0,4.44
STU-13811,0.47387356518759577,-0.486085741914688,0.044007858546168864,0.4915662650602409,0.4074074074074075,0.2,0.8828145913446218,1.0,0.0,0.0,1.0,0.0,0.0,5.25
STU-11583,0.35737536405687775,-0.9433759535833246,-0.29233791748526516,0.6216867469879518,0.46913580246913617,0.4,-0.7110157428456101,0.0,0.0,0.0,0.0,1.0,0.0,7.394150224970773
STU-12145,-0.27651190680143983,0.5273450091329106,0.18546168958742631,1.5325301204819275,-0.06790123456790088,0.2,0.4715035373600457,0.0,0.0,0.0,1.0,0.0,0.0,5.38
STU-11524,-0.9508309062874774,-1.1453744493392073,-1.2856581532416504,-0.5253012048192771,0.4074074074074075,0.6,-0.6081879793494656,0.0,0.0,0.0,0.0,0.0,1.0,2.72
STU-11398,-1.5703272228884708,-1.7462125282045775,-1.3485265225933205,0.34698795180722874,0.8703703703703703,0.4,-1.2765684420744015,0.0,1.0,0.0,0.0,0.0,0.0,1.97
STU-13887,-0.0256981326023652,-0.8651552594821107,-0.2467583497053046,-0.2819277108433735,1.0864197530864195,-0.8,1.0062079075399946,1.0,0.0,0.0,0.0,1.0,0.0,4.48
STU-10527,0.0,-0.6373697217148383,-1.2337917485265228,-0.03132530120481925,-0.5308641975308638,0.4,0.4715035373600457,0.0,0.0,0.0,1.0,0.0,0.0,4.1
STU-13715,-0.16344012335103683,-1.2137101106693888,-0.3614931237721021,-0.15421686746987964,-0.21604938271604915,-0.4,-0.43338078140602093,0.0,0.0,0.0,1.0,0.0,0.0,4.16
STU-13927,-0.37450745245845585,0.0,0.4573673870333989,1.3349397590361443,0.7962962962962968,0.0,0.38924132656313043,1.0,0.0,0.0,0.0,1.0,0.0,4.73
STU-11539,0.0,-0.4095841839475664,0.6899803536345775,1.1518072289156625,-0.34567901234567877,-0.4,0.4303724319615881,0.0,0.0,0.0,0.0,0.0,1.0,4.33
STU-13756,0.9988007538118888,-0.5325024175351887,-0.14459724950884087,-0.6843373493975904,-0.6296296296296293,1.4,-0.39224967600756333,0.0,0.0,0.0,0.0,0.0,1.0,3.84
STU-14035,0.16892239163954012,-0.04426775545288498,0.869155206286837,0.0,0.4506172839506175,1.0,0.4715035373600457,0.0,0.0,0.0,1.0,0.0,0.0,4.76
STU-11484,0.39643652561247095,-1.0491028258300206,-1.3233791748526524,0.2361445783132529,0.33950617283950657,-0.8,-0.4025324523571775,0.0,0.0,0.0,0.0,0.0,1.0,3.32
STU-10773,0.21826280623607935,0.5273450091329106,-0.19960707269155203,-0.7903614457831325,0.05555555555555601,-0.6,0.9033801440438501,0.0,1.0,0.0,0.0,0.0,0.0,4.46
STU-10088,0.9988007538118888,0.5273450091329106,0.12259332023575631,0.9349397590361442,-0.8827160493827159,-1.0,-1.04006458603327,0.0,0.0,0.0,0.0,0.0,1.0,5.11
STU-12536,-1.6772314545143057,-0.8397980015042444,0.3913555992141455,-0.5253012048192771,0.14197530864197555,-1.0,0.2247169049693,1.0,0.0,0.0,1.0,0.0,0.0,2.77
STU-12882,-0.9309576837416486,-0.7637262275706462,-0.9540275049115914,0.5397590361445783,-0.5123456790123452,2.0,-1.101761244130957,0.0,0.0,0.0,0.0,0.0,1.0,2.38
STU-10661,-0.03529210210724788,0.3820780058020845,0.21846758349705317,-0.6457831325301204,-1.0864197530864195,0.2,0.09104081242431297,1.0,0.0,0.0,1.0,0.0,0.0,5.04
STU-11519,0.39026897378790426,0.5273450091329106,0.5611001964636544,0.8144578313253009,-0.759259259259259,-0.2,0.33782744481505866,0.0,1.0,0.0,0.0,0.0,0.0,5.61
STU-13896,-0.37450745245845585,0.14397765123025658,0.15402750491159145,1.506024096385542,-0.012345679012345415,0.6,1.3249739743780404,0.0,0.0,0.0,0.0,0.0,1.0,3.75
STU-14271,-0.3327051567586101,-0.9468142258515098,-0.6255402750491161,-0.7566265060240963,0.8703703703703703,-1.0,-0.26885635981219047,0.0,0.0,0.0,0.0,1.0,0.0,3.71
STU-14775,0.5101935925989373,0.34984420328784793,-0.004715127701375146,-0.45542168674698796,-0.22222222222222185,0.4,0.8828145913446218,0.0,0.0,0.0,0.0,0.0,1.0,5.07
STU-13412,0.6383416138427263,0.16030944450413626,-0.2436149312377209,-0.17108433734939757,-0.11111111111111092,-0.2,0.5229174191081175,0.0,0.0,0.0,0.0,1.0,0.0,4.42
STU-13807,-0.9124550282679466,-0.4688943805737622,-0.3944990176817289,-0.32771084337349404,-1.2716049382716046,-1.0,-0.41281522870679255,0.0,0.0,0.0,1.0,0.0,0.0,2.83
STU-13112,-0.545143052938154,0.0,-0.938310412573674,-0.07951807228915664,0.4567901234567902,-1.0,-1.112044020480571,0.0,0.0,0.0,1.0,0.0,0.0,3.0
STU-10545,0.1463080349494597,0.5273450091329106,0.9257367387033398,-0.8554216867469879,0.17283950617283964,0.2,-0.07348360916951749,1.0,0.0,0.0,0.0,0.0,1.0,4.84
STU-11835,0.9988007538118888,0.5273450091329106,1.1536345776031438,0.7975903614457832,-0.7962962962962957,1.2,-0.07348360916951749,1.0,0.0,0.0,0.0,1.0,0.0,5.24
STU-13685,-0.011307178345040688,0.0,-1.1740667976424364,1.1975903614457832,-0.12345679012345634,-1.0,-0.17631137266566105,0.0,0.0,0.0,0.0,0.0,1.0,2.7
STU-13241,-0.7335960253554916,-0.17964972601267892,-0.44479371316306493,-0.5566265060240964,-1.0185185185185182,0.8,-0.32027024156026224,0.0,1.0,0.0,0.0,0.0,0.0,3.82
STU-13919,0.6232653760493393,0.5273450091329106,1.4286836935167,-0.3156626506024097,-0.7222222222222221,-0.6,1.0267734602392231,1.0,0.0,0.0,0.0,0.0,1.0,5.51
STU-14421,-1.3825595340071961,-1.175029547652305,-1.519842829076621,0.10120481927710841,1.2222222222222223,-0.4,-0.6390363083983089,0.0,0.0,1.0,0.0,0.0,0.0,2.19
STU-13099,0.9809833818742493,0.40743526377995015,0.11001964636542258,0.0,0.0,0.0,0.19386857592045748,0.0,1.0,0.0,0.0,0.0,0.0,5.47
STU-10184,0.9988007538118888,0.3601590200924034,0.7921414538310415,0.7469879518072288,0.024691358024691377,-0.4,0.0,1.0,0.0,0.0,0.0,0.0,1.0,5.45
STU-10680,-0.9590543087202332,0.3575803158912644,1.0750491159135565,-0.9373493975903614,0.17283950617283964,0.4,0.0,0.0,0.0,0.0,0.0,0.0,1.0,4.12
STU-11076,0.18879561418536886,0.5273450091329106,0.5359528487229863,0.004819277108433632,0.30246913580246926,0.0,0.2761307867173727,0.0,0.0,0.0,0.0,1.0,0.0,4.51
STU-12932,-1.1742333390440298,-0.3343719780810144,-0.43693516699410606,-0.25542168674698806,1.1481481481481488,0.2,-0.22772525441373284,1.0,0.0,1.0,0.0,0.0,0.0,3.52
STU-10147,-0.4512592084975164,-0.8535510905769851,-0.32220039292730834,0.5228915662650602,-0.4259259259259256,0.4,0.8725318149950068,0.0,0.0,0.0,0.0,0.0,1.0,3.57
STU-11066,0.9988007538118888,0.2342322982701194,0.7025540275049118,-0.9084337349397591,-0.09876543209876497,-1.0,0.7799868278484773,1.0,0.0,0.0,0.0,1.0,0.0,5.65
STU-11172,-0.22100394038033294,-0.35500161169012595,-0.5642436149312378,1.1421686746987951,0.6728395061728394,-0.6,0.38924132656313043,0.0,0.0,0.0,0.0,1.0,0.0,3.77
STU-11540,0.060647592941578954,0.5243365208982488,0.3834970530451866,-1.1421686746987951,-0.5740740740740738,0.0,0.3172618921158294,0.0,0.0,1.0,0.0,0.0,0.0,4.77
STU-13591,0.7130375192735985,0.5273450091329106,1.2762278978389,0.6915662650602408,1.4382716049382716,0.8,0.7182901697507914,0.0,0.0,0.0,1.0,0.0,0.0,4.98
STU-12422,-0.2518416995031702,0.242827978940582,-0.03300589390962658,0.8457831325301204,0.4444444444444448,0.8,0.0,1.0,0.0,0.0,0.0,1.0,0.0,4.17
STU-11276,0.6602706869967442,0.5273450091329106,0.1948919449901769,0.27469879518072277,0.30246913580246926,0.6,-0.02206972742144478,1.0,0.0,0.0,0.0,1.0,0.0,4.51
STU-11193,0.02638341613842665,0.46072848393682175,-0.26247544204322204,-0.274698795180723,0.7901234567901241,1.2,-0.8035607299921395,0.0,0.0,0.0,0.0,1.0,0.0,3.97
STU-14503,0.9988007538118888,0.5273450091329106,0.7858546168958747,-0.007228915662650662,1.6172839506172845,-0.2,-0.28942191251141974,0.0,0.0,0.0,0.0,0.0,1.0,4.79
STU-12127,-0.6821997601507632,-0.852691522509939,-0.33634577603143434,2.1228915662650603,0.9691358024691359,-1.0,-1.2662856657247865,0.0,0.0,0.0,0.0,1.0,0.0,2.99
STU-11368,-0.09628233681685902,-0.710862791447298,0.11787819253438116,1.1879518072289155,1.2716049382716053,-0.6,0.3275446684654445,1.0,0.0,1.0,0.0,0.0,0.0,4.7
STU-11903,0.24910056535891661,-0.21790050499623972,-0.5343811394891946,-0.20963855421686747,0.012345679012345963,0.2,-0.5670568739510079,1.0,0.0,0.0,0.0,0.0,1.0,3.88
STU-13032,-0.3327051567586101,-0.08853551090576996,-0.49666011787819264,0.6289156626506022,-0.018518518518518122,0.4,0.0,1.0,1.0,0.0,0.0,0.0,0.0,4.22
STU-13797,0.6938495802638331,0.0,0.10058939096267201,2.0867469879518072,-0.5987654320987652,-0.8,0.19386857592045748,0.0,1.0,0.0,0.0,0.0,0.0,4.07
STU-12445,-0.27582662326537644,0.0,-0.14931237721021604,0.5084337349397589,-0.07407407407407358,0.2,-0.10433193821836001,1.0,1.0,0.0,0.0,0.0,0.0,3.88
STU-14984,-1.4757580949117703,-0.7357902653916409,-0.3819253438113949,-1.0409638554216867,0.8209876543209876,1.0,-0.5464913212517796,1.0,0.0,0.0,0.0,0.0,1.0,3.12
STU-14549,-0.698646565016276,-0.021918985709681107,0.2216110019646366,0.0,0.0,0.2,0.42008965561197387,1.0,0.0,0.0,0.0,1.0,0.0,4.9
STU-14546,-0.9857803666266921,-1.172450843451166,-0.4133595284872298,0.5903614457831323,0.7222222222222221,-0.8,0.7388557224500197,1.0,0.0,0.0,0.0,1.0,0.0,2.88
STU-10764,0.22443035806064698,-0.4284946814225851,-0.3724950884086443,0.669879518072289,-1.0246913580246908,-0.6,-0.6698846374471524,0.0,0.0,0.0,0.0,1.0,0.0,3.57
STU-10501,0.862429330135343,0.5273450091329106,1.389390962671906,-0.8506024096385542,0.0,-0.6,1.0267734602392231,1.0,0.0,0.0,0.0,1.0,0.0,7.0
STU-12367,-1.6881959910913147,-1.6391963038573119,-1.0294695481335954,0.472289156626506,0.6419753086419758,0.8,0.3686757738639021,0.0,0.0,0.0,0.0,0.0,1.0,2.57
STU-12735,0.0,0.04856559578811628,-0.12730844793713172,-0.744578313253012,0.4444444444444448,0.2,0.0,1.0,0.0,0.0,1.0,0.0,0.0,4.76
STU-11026,-0.880931985609047,0.0,0.0,-0.30361445783132524,0.8641975308641977,1.2,-1.0503473623828843,0.0,0.0,0.0,0.0,1.0,0.0,3.84
STU-13313,-1.3914682199760153,-1.775008058450629,-1.2180746561886053,1.8096385542168674,-0.43827160493827155,0.0,-0.08376638551913165,1.0,0.0,0.0,1.0,0.0,0.0,2.66
STU-12266,-0.2545828336474228,0.5273450091329106,0.3913555992141455,0.0,0.4753086419753089,-1.0,1.1398840000849817,0.0,0.0,0.0,0.0,0.0,1.0,4.67
STU-12815,0.1373993489806404,-0.8862146771247451,0.24361493123772118,-0.6578313253012049,0.0802469135802474,0.4,-0.4436635577556351,0.0,0.0,1.0,0.0,0.0,0.0,3.4
STU-10219,0.5005996230940546,0.5273450091329106,0.8487229862475444,-0.24578313253012057,-1.0617283950617282,-1.0,-0.16602859631604688,0.0,0.0,1.0,0.0,0.0,0.0,4.73
STU-11406,0.9988007538118888,0.5273450091329106,0.06444007858546172,-0.3108433734939759,0.351851851851852,-0.4,0.3172618921158294,0.0,0.0,0.0,0.0,0.0,1.0,4.84
STU-12953,0.3745074524584539,0.5273450091329106,0.7512770137524558,0.24819277108433718,-0.4135802469135802,-0.6,1.16044955278421,1.0,0.0,1.0,0.0,0.0,0.0,5.73
STU-11927,0.6027068699674482,0.5273450091329106,0.6302554027504912,-0.6048192771084338,0.0,0.2,-0.0015041747222164304,0.0,0.0,0.0,1.0,0.0,0.0,5.0
STU-14301,-0.9227342813088927,-1.1814763081551523,-1.4271119842829079,0.5325301204819276,0.1234567901234569,-0.4,-0.4025324523571775,0.0,1.0,0.0,0.0,0.0,0.0,3.45
STU-13334,-1.285934555422307,-0.37133340496400563,7.065252818074593,1.1831325301204818,0.06790123456790143,0.0,-0.772712400943296,0.0,0.0,1.0,0.0,0.0,0.0,3.31
STU-14074,0.03597738564330933,0.19856022348769703,-0.9650294695481337,-0.8,-0.24074074074074053,1.4,0.29669633941660106,0.0,0.0,1.0,0.0,0.0,0.0,3.74
STU-14595,-0.5218434127120102,-0.8939507897281616,-0.9870333988212181,0.0746987951807228,0.0,0.6,-0.5156429922029362,1.0,0.0,0.0,0.0,1.0,0.0,3.48
STU-13654,-0.24567414767860254,0.5273450091329106,0.6396856581532415,-0.96144578313253,-0.2716049382716046,0.6,-0.22772525441373284,0.0,0.0,0.0,0.0,0.0,1.0,4.07
STU-11263,-0.48346753469247944,-1.3538197055979375,-1.0891944990176818,0.6144578313253009,0.0,1.2,-1.4616584163674604,0.0,0.0,0.0,0.0,0.0,1.0,2.48
STU-11844,-0.4916909371252363,-0.8548404426775547,-1.0499017681728882,-0.7373493975903614,0.18518518518518562,1.6,-0.28942191251141974,0.0,0.0,0.0,0.0,0.0,1.0,2.86
STU-11423,0.3847867054994,-0.4774900612442248,-1.3752455795677803,-0.21927710843373496,0.6234567901234567,-0.4,-0.42309800505640677,0.0,1.0,0.0,0.0,0.0,0.0,3.88
STU-10598,0.1463080349494597,0.5273450091329106,0.0,2.0578313253012044,-0.6851851851851848,0.8,1.1193184473857525,0.0,0.0,1.0,0.0,0.0,0.0,4.91
STU-12598,0.7116669522014727,-0.785215429246804,-0.06758349705304516,-0.050602409638554204,0.0,0.4,0.6463107353034903,0.0,0.0,0.0,0.0,1.0,0.0,3.85
STU-10685,-0.712352235737537,0.25228322767809136,0.0,0.0,1.1604938271604943,0.6,-0.4025324523571775,0.0,0.0,0.0,0.0,0.0,1.0,3.54
STU-12838,0.8055507966421103,0.5273450091329106,0.4542239685658155,0.0,0.6172839506172839,0.8,1.1912978818330535,0.0,1.0,0.0,0.0,0.0,0.0,4.81
STU-10513,0.0,-0.539378962071559,-0.10530451866404716,1.2457831325301203,-0.2654320987654319,-0.6,-0.12489749091758927,1.0,0.0,0.0,0.0,0.0,1.0,4.83
STU-10132,0.1236936782593793,0.5273450091329106,0.0,0.04819277108433739,-0.35185185185185147,-1.0,1.0062079075399946,0.0,0.0,1.0,0.0,0.0,0.0,4.44
STU-11988,-0.391639540860032,0.17363274954335414,0.2609037328094303,-0.35180722891566263,0.9074074074074078,0.0,-0.6287535320486948,0.0,0.0,1.0,0.0,0.0,0.0,3.89
STU-13122,0.0,-0.21575158482862408,0.16345776031434203,0.0,0.7160493827160495,-0.2,0.37895855021351627,0.0,0.0,0.0,1.0,0.0,0.0,3.98
STU-11270,-1.407915024841529,-0.644676050284732,-0.2671905697445972,-0.09397590361445796,0.2222222222222224,0.6,0.6771590643523338,1.0,1.0,0.0,0.0,0.0,0.0,4.28
STU-11261,0.5567928730512239,0.37949930160094547,0.5438113948919452,-0.30361445783132524,-0.03703703703703679,0.8,0.893097367694236,1.0,1.0,0.0,0.0,0.0,0.0,5.88
STU-11701,-0.3142025012849072,0.5273450091329106,1.0483300589390965,-1.1855421686746987,-0.35802469135802417,1.2,1.1912978818330535,1.0,0.0,0.0,0.0,1.0,0.0,4.95
STU-11364,-0.6561589857803678,-0.6923820780058021,-0.881728880157171,0.7132530120481925,-0.0432098765432095,-0.2,-1.1223267968301853,1.0,0.0,0.0,0.0,0.0,1.0,3.04
STU-10664,-1.3229398663697107,-1.3039647577092512,0.19803536345776032,0.0,0.0,0.0,-0.3408357942594915,0.0,0.0,0.0,0.0,1.0,0.0,2.72
STU-14329,-0.17508994346410872,0.18050929407972507,0.7229862475442044,-0.47710843373493983,0.4814814814814816,0.4,0.49206909005927496,1.0,0.0,0.0,0.0,1.0,0.0,4.59
STU-13904,0.0,-0.27592134952186537,-0.20275049115913546,-0.014457831325301323,-0.43827160493827155,0.0,0.029344154326627007,0.0,0.0,0.0,0.0,1.0,0.0,3.77
STU-12795,-0.7610073667980138,-1.6740088105726876,-1.0860510805500985,-0.13012048192771083,0.3271604938271606,-0.8,-0.10433193821836001,0.0,1.0,0.0,0.0,0.0,0.0,2.95
STU-13640,0.7377077265718681,0.5273450091329106,0.23575638506876231,1.1084337349397588,0.8518518518518523,0.0,0.48178631370965985,1.0,0.0,0.0,0.0,0.0,1.0,5.46
STU-11907,-0.06818571183827339,0.5273450091329106,0.9131630648330061,0.2915662650602409,0.5617283950617284,1.0,0.19386857592045748,1.0,0.0,0.0,0.0,0.0,1.0,5.32
STU-11642,0.21140997087544927,-0.1143225529171596,0.1587426326129666,0.39036144578313253,-0.759259259259259,0.8,0.6771590643523338,1.0,1.0,0.0,0.0,0.0,0.0,4.28
STU-12698,-0.5382902175775239,-0.1624583646717525,0.6946954813359529,1.3542168674698791,0.7962962962962968,-1.0,0.0,0.0,0.0,0.0,0.0,0.0,1.0,4.9
STU-14914,0.74935754668494,0.5273450091329106,1.4302554027504912,-0.06024096385542168,0.30864197530864196,-0.4,-0.5773396503006221,0.0,0.0,0.0,0.0,0.0,1.0,5.83
STU-10051,0.2258009251327728,0.5273450091329106,1.1504911591355598,0.26506024096385533,0.7283950617283949,1.0,0.48178631370965985,0.0,0.0,0.0,0.0,0.0,1.0,5.31
STU-10099,0.19564844954599894,0.4435371225958953,-0.2829076620825146,0.8698795180722889,-2.135802469135802,-1.0,-0.42309800505640677,1.0,0.0,0.0,0.0,0.0,1.0,4.7
STU-11990,0.023642281994174036,-0.5337917696357581,-0.9084479371316307,0.1373493975903613,0.14814814814814828,0.6,0.44065520831120225,1.0,1.0,0.0,0.0,0.0,0.0,4.2
STU-10014,0.4204214493746781,0.4336520898248626,1.445972495088409,1.1710843373493973,-0.4012345679012342,0.2,-0.042635280120674045,0.0,0.0,0.0,1.0,0.0,0.0,4.87
STU-13508,-0.18125749528867638,-0.43408187385838654,0.034577603143418574,-0.37108433734939755,1.2160493827160497,0.6,0.6154624062546469,1.0,0.0,0.0,0.0,1.0,0.0,4.6
STU-10724,-1.5189309576837424,-1.6985065004835074,-1.3422396856581533,0.44578313253012036,-0.8271604938271604,0.2,-1.8009900359047355,0.0,0.0,0.0,0.0,0.0,1.0,2.32
STU-11771,-0.6959054308720243,0.3468357150531855,0.0,-0.38072289156626504,0.0864197530864201,-0.4,0.0,0.0,0.0,0.0,1.0,0.0,0.0,4.88
STU-11212,0.6061332876477632,0.5273450091329106,0.6994106090373283,0.9879518072289155,-0.06790123456790088,-1.0,0.29669633941660106,0.0,0.0,0.0,1.0,0.0,0.0,4.95
STU-11379,-0.800068528353607,0.04770602772107014,0.06915520628683687,0.26506024096385533,0.6851851851851859,0.6,0.6154624062546469,0.0,0.0,0.0,0.0,0.0,1.0,4.13
STU-11587,0.9988007538118888,-0.4259159772214467,0.1728880157170923,0.2819277108433735,1.3703703703703707,0.0,0.9445112494423078,0.0,0.0,0.0,1.0,0.0,0.0,3.67
STU-14016,0.8350179886928207,0.5273450091329106,0.6758349705304518,-0.16626506024096394,0.09259259259259281,0.6,1.3249739743780404,0.0,0.0,0.0,0.0,1.0,0.0,5.54
STU-13808,-0.12917594654788453,0.0,-0.7465618860510806,0.0,0.0,0.4,-0.4539463341052502,0.0,0.0,0.0,0.0,0.0,1.0,2.99
STU-13147,0.36971046770601207,-0.37820994950037595,-0.8628683693516701,0.07710843373493961,-0.296296296296296,-0.2,0.3069791157662152,0.0,0.0,0.0,0.0,0.0,1.0,3.87
STU-12740,-0.6657529552852505,-0.2342322982701194,-1.0168958742632614,0.0,0.0,0.2,0.008778601627397745,1.0,0.0,0.0,0.0,1.0,0.0,3.55
STU-13407,-0.2045571355148202,0.44224777049532576,0.2860510805500983,0.2578313253012047,0.41975308641975345,0.0,-0.3819668996579491,0.0,0.0,0.0,0.0,0.0,1.0,3.6
STU-10195,0.35531951344868856,-0.011604168905125615,0.7544204322200393,1.592771084337349,0.4074074074074075,0.2,0.49206909005927496,0.0,0.0,0.0,0.0,1.0,0.0,4.8
STU-12821,0.12437896179544172,0.0,0.718271119842829,0.9493975903614456,-0.45061728395061695,0.0,1.3249739743780404,1.0,0.0,0.0,0.0,0.0,1.0,5.21
STU-11688,0.09902347096110968,-0.6855055334694318,-1.0923379174852654,-0.43373493975903615,-1.0617283950617282,1.2,-0.5362085449021645,1.0,1.0,0.0,0.0,0.0,0.0,3.65
STU-14051,-0.06612986123008514,0.0395401310841303,-0.09273084479371316,0.272289156626506,0.18518518518518562,11.4,0.019061377977012833,1.0,0.0,1.0,0.0,0.0,0.0,4.0
STU-14032,0.3395579921192382,-1.0284731922209094,-1.5811394891944994,-0.07951807228915664,0.703703703703704,-0.4,-0.8755401644394396,0.0,0.0,0.0,0.0,0.0,1.0,2.79
STU-11356,-0.3320198732225467,0.09369291930804739,1.018467583497053,-0.33253012048192765,-0.44444444444444425,0.4,0.7491384987996348,0.0,0.0,1.0,0.0,0.0,0.0,5.0
STU-14587,-1.7827651190680152,0.0,-0.7402750491159137,-0.4746987951807229,-0.35802469135802417,0.8,-0.23800803076334703,0.0,0.0,1.0,0.0,0.0,0.0,2.53
STU-10254,0.3957512420764085,-0.0924035672074785,-0.6051080550098232,0.2915662650602409,-0.48148148148148107,0.0,-0.5259257685525504,0.0,0.0,0.0,0.0,1.0,0.0,4.3
STU-11916,0.4916909371252344,0.34296765875147694,0.20117878192534375,-0.27951807228915665,-0.14814814814814772,0.4,-0.011786951071830606,0.0,1.0,0.0,0.0,0.0,0.0,4.55
STU-11900,0.22922734281308785,-0.5969700225636618,-1.0184675834970531,0.9734939759036142,-0.6913580246913575,0.4,-0.3614013469587199,0.0,0.0,0.0,0.0,0.0,1.0,3.73
STU-11486,0.17646051053623357,0.1156119050177285,0.5218074656188606,0.906024096385542,0.20370370370370375,-0.4,-0.43338078140602093,0.0,0.0,0.0,0.0,0.0,1.0,3.56
STU-10995,-0.005824910056536437,0.19813043945417427,-0.07701375245579573,0.48192771084337344,0.11728395061728418,0.8,0.9033801440438501,1.0,0.0,0.0,0.0,1.0,0.0,4.52
STU-14171,0.9988007538118888,0.5273450091329106,1.2919449901768176,-0.7951807228915663,0.8086419753086422,0.6,0.8519662622957784,0.0,0.0,0.0,0.0,1.0,0.0,6.53
STU-11205,0.9988007538118888,0.010314816804555491,0.29862475442043235,-0.3108433734939759,-1.833333333333333,0.4,-0.24829080711296211,0.0,0.0,0.0,1.0,0.0,0.0,3.74
STU-13347,0.5533664553709089,0.0,1.2133595284872303,1.0626506024096385,0.04320987654321005,0.6,-0.13518026726720345,1.0,0.0,0.0,0.0,0.0,1.0,5.6
STU-11968,-1.8910399177659765,-1.5536692811862043,-1.1426326129666013,-0.13012048192771083,-1.296296296296296,-1.0,-0.6596018610975374,1.0,0.0,1.0,0.0,0.0,0.0,2.05
STU-11163,0.08052081548740674,0.25271301171161475,0.2907662082514735,-0.5542168674698795,-0.32716049382716006,0.2,0.6051796299050327,1.0,0.0,0.0,1.0,0.0,0.0,5.33
STU-11222,-2.2460167894466343,-0.45943913183625223,0.15717092337917488,0.0,-0.5617283950617279,-0.8,-0.5156429922029362,0.0,0.0,0.0,1.0,0.0,0.0,3.14
STU-13219,0.33613157443892316,-0.1934028150854196,-0.4903732809430255,-0.8192771084337349,-1.9320987654320982,0.8,0.38924132656313043,0.0,0.0,0.0,0.0,1.0,0.0,3.91
STU-10884,0.4492033578893262,-0.0030084882346624003,0.719842829076621,-1.069879518072289,0.4382716049382721,-0.6,-0.1146147145679751,0.0,1.0,0.0,0.0,0.0,0.0,4.04
STU-12296,0.8713380161041623,0.5273450091329106,1.4616895874263263,-0.7975903614457831,1.0246913580246915,0.2,0.8519662622957784,1.0,1.0,0.0,0.0,0.0,0.0,5.44
STU-13716,-0.8261093027240025,-1.6907703878800906,-0.5893909626719058,0.35662650602409623,0.6975308641975313,0.4,-0.7315812955448384,1.0,0.0,1.0,0.0,0.0,0.0,3.59
STU-14675,0.43070070241562325,0.39626087890834855,0.587819253438114,-0.16385542168674713,0.8086419753086422,0.8,-1.101761244130957,1.0,0.0,0.0,1.0,0.0,0.0,5.23
STU-10048,-0.6993318485523393,-0.02320833781025062,0.037721021611002006,-1.086746987951807,1.0370370370370368,2.0,0.5023518664088891,1.0,0.0,0.0,0.0,1.0,0.0,4.19
STU-10439,-0.632859345554224,0.5273450091329106,1.0923379174852657,-0.7879518072289156,-0.8456790123456784,1.6,0.38924132656313043,1.0,0.0,1.0,0.0,0.0,0.0,4.94
STU-14021,-0.2086688367311986,0.15214354786719642,-0.44479371316306493,0.9662650602409637,-0.5123456790123452,0.4,1.3249739743780404,1.0,0.0,0.0,0.0,1.0,0.0,4.84
STU-13090,0.02638341613842665,0.5273450091329106,0.2907662082514735,-1.1445783132530118,0.3580246913580247,-0.6,-0.2997046888610339,0.0,0.0,0.0,0.0,0.0,1.0,4.97
STU-10135,-0.5328079492890186,-0.5793488771892127,0.6098231827111986,0.6120481927710841,-0.3641975308641974,-0.6,0.5229174191081175,0.0,0.0,0.0,0.0,0.0,1.0,4.57
STU-13507,0.45400034264176703,0.4095841839475664,-0.1210216110019646,0.6385542168674699,-0.493827160493827,2.2,-0.834409059040982,0.0,0.0,0.0,0.0,0.0,1.0,4.89
STU-13661,0.13465821483638782,0.5273450091329106,0.6805500982318272,-0.9469879518072288,-0.648148148148148,0.0,-0.0632008328199024,1.0,0.0,0.0,1.0,0.0,0.0,4.72
STU-12119,0.058591742333389735,-0.3227678091758894,-0.3111984282907663,0.8939759036144576,0.27777777777777785,0.8,0.10132358877392715,0.0,0.0,0.0,0.0,1.0,0.0,4.22
STU-13485,0.7198903546342296,0.21704093692919296,1.2777996070726918,-0.3831325301204819,0.351851851851852,-1.0,0.7697040514988631,1.0,0.0,0.0,0.0,0.0,1.0,6.04
STU-14851,-0.19085146479355905,-0.8711722359514349,-0.5249508840864441,0.0,2.0617283950617282,1.4,0.12188914147315641,1.0,0.0,0.0,0.0,1.0,0.0,4.04
STU-12413,0.9988007538118888,0.5273450091329106,0.7119842829076621,-0.39518072289156636,-0.3950617283950615,1.2,1.0164906838896088,0.0,0.0,0.0,0.0,1.0,0.0,5.6
STU-10191,0.9988007538118888,0.3941119587407329,-0.5092337917485267,-0.6265060240963856,0.29012345679012386,2.0,0.15273747052199985,0.0,0.0,1.0,0.0,0.0,0.0,4.58
STU-10854,0.9988007538118888,0.13065434619103866,0.24047151277013745,0.5975903614457831,0.4567901234567902,1.8,-0.16602859631604688,0.0,0.0,0.0,0.0,1.0,0.0,4.7
STU-14620,-0.23745074524584667,-0.39067368647254774,-0.906876227897839,0.09638554216867457,0.5308641975308643,-0.6,-0.3408357942594915,0.0,0.0,1.0,0.0,0.0,0.0,3.5
STU-10116,-0.17988692821655056,0.5273450091329106,0.30019646365422403,1.9204819277108434,-1.0925925925925923,-0.8,0.3275446684654445,0.0,0.0,1.0,0.0,0.0,0.0,4.18
STU-11629,-1.4332705156758612,-0.9025464703986248,-0.6616895874263262,0.669879518072289,0.4506172839506175,0.8,-0.4025324523571775,0.0,0.0,0.0,1.0,0.0,0.0,2.83
STU-14273,0.21963337330820515,0.5006983990544748,0.18703339882121803,-0.3373493975903615,0.3148148148148152,1.2,-0.37168412330833495,0.0,0.0,0.0,0.0,1.0,0.0,4.75
STU-10774,0.859002912455027,-0.48264746964650285,-0.46051080550098233,0.20240963855421681,0.30246913580246926,0.6,-0.5979052029998514,0.0,0.0,0.0,1.0,0.0,0.0,3.76
STU-10018,-0.0037690594483472204,0.5273450091329106,1.3092337917485268,-0.9518072289156626,1.0000000000000004,-0.4,-0.15574581996643272,0.0,0.0,0.0,1.0,0.0,0.0,5.02
STU-14707,0.3532636628404993,-0.6309229612119913,-0.7827111984282908,0.7277108433734938,0.29012345679012386,1.0,0.16302024687161404,0.0,0.0,0.0,0.0,1.0,0.0,3.66
STU-12372,-0.11341442521843517,0.5273450091329106,0.0,-0.836144578313253,0.9814814814814813,-0.6,0.13217191782277057,0.0,0.0,0.0,0.0,0.0,1.0,5.08
STU-10662,0.4430358060647585,-0.5651660040829486,-1.2039292730844795,-0.4650602409638554,-0.3950617283950615,0.2,-1.1326095731797994,0.0,0.0,0.0,0.0,0.0,1.0,3.3
STU-14379,0.2833647421620689,-0.19211346298485008,1.0294695481335954,-1.0650602409638552,-0.6172839506172839,0.4,0.9959251311903796,1.0,0.0,0.0,1.0,0.0,0.0,5.74
STU-11880,-0.032550967962995274,0.5273450091329106,-0.3080550098231826,-0.7156626506024096,-2.1234567901234565,1.6,-0.2997046888610339,0.0,0.0,0.0,0.0,0.0,1.0,4.26
STU-11015,-0.9090286105876316,-0.2299344579348881,-0.45893909626719065,0.6024096385542168,1.1790123456790123,-0.6,0.3069791157662152,1.0,1.0,0.0,0.0,0.0,0.0,4.61
STU-12421,0.0880589343841002,0.09283335124100126,0.5956777996070729,0.5036144578313252,0.0864197530864201,-0.6,-0.2585735834625763,0.0,0.0,0.0,0.0,0.0,1.0,4.97
STU-10050,-0.6952201473359609,0.5273450091329106,-0.6098231827111984,-0.8337349397590361,0.9259259259259258,-0.6,0.8005523805477066,1.0,0.0,0.0,1.0,0.0,0.0,4.37
STU-10010,-0.300496830563646,-0.6601482754915655,-1.3249508840864441,1.0530120481927707,-0.2716049382716046,0.6,-0.23800803076334703,1.0,1.0,0.0,0.0,0.0,0.0,3.37
STU-11890,-0.3484666780880595,0.0,0.0,0.2987951807228916,-0.32716049382716006,-0.8,-0.19687692536489032,0.0,0.0,0.0,0.0,0.0,1.0,3.86
STU-13410,0.862429330135343,-0.32706564951112066,-0.04086444007858543,0.28433734939759026,0.833333333333333,0.6,0.8211179332469349,1.0,0.0,0.0,0.0,0.0,1.0,4.84
STU-12425,-0.435497687168067,-1.092081229182336,-1.7304518664047155,-0.563855421686747,-0.37654320987654283,-0.8,-0.7110157428456101,0.0,0.0,0.0,0.0,1.0,0.0,2.61
STU-11895,0.18536919650505287,0.10185881594498723,0.6601178781925346,0.06746987951807212,-0.4629629629629629,-0.6,-0.8035607299921395,1.0,0.0,0.0,0.0,0.0,1.0,4.78
STU-13088,-0.7973273942093544,-0.04942516385516303,0.0,-0.6674698795180722,0.030864197530864633,-1.0,0.44065520831120225,0.0,0.0,0.0,0.0,1.0,0.0,3.75
STU-13879,0.17029295871166591,-0.18652627054904927,0.06915520628683687,-0.40963855421686746,-0.30864197530864196,0.0,-0.28942191251141974,0.0,0.0,1.0,0.0,0.0,0.0,4.05
STU-14552,0.9988007538118888,0.5273450091329106,1.3076620825147347,0.15180722891566262,-1.0370370370370368,0.2,1.3249739743780404,1.0,0.0,0.0,0.0,0.0,1.0,6.45
STU-14624,0.5245845468562609,-0.1070162243472659,0.2954813359528489,0.0,-0.32716049382716006,1.4,0.48178631370965985,0.0,1.0,0.0,0.0,0.0,0.0,5.38
STU-10019,-1.1118725372622928,-0.27592134952186537,0.21218074656188604,0.7325301204819274,-1.481481481481481,0.8,0.07047525972508462,1.0,0.0,0.0,1.0,0.0,0.0,3.53
STU-13260,-0.8336474216206959,-0.10013967981089496,-0.12416502946954802,0.2361445783132529,-0.18518518518518506,1.4,0.11160636512354223,1.0,0.0,0.0,0.0,0.0,1.0,4.1
STU-13561,0.0,0.0,1.2998035363457765,0.39036144578313253,0.746913580246914,-0.6,0.4098068792623597,0.0,0.0,0.0,0.0,1.0,0.0,5.75
STU-13035,0.4060304951173536,-0.1684753411410767,-0.03929273084479372,-0.45542168674698796,-0.1790123456790118,0.0,0.4509379846608173,1.0,0.0,0.0,0.0,1.0,0.0,4.89
STU-13204,-0.5725543943806762,0.14612657139787222,0.15717092337917488,-0.05783132530120486,-0.5493827160493825,-0.4,0.14245469417238477,1.0,0.0,0.0,1.0,0.0,0.0,4.06
STU-10448,0.48894980298098273,0.5273450091329106,1.0404715127701376,-0.3879518072289157,0.12962962962963015,-0.2,0.04990970702585536,0.0,1.0,0.0,0.0,0.0,0.0,5.08
STU-10836,0.7445605619324992,0.5273450091329106,1.2589390962671907,-0.3638554216867469,0.2283950617283951,0.4,-0.2997046888610339,0.0,0.0,1.0,0.0,0.0,0.0,5.36
STU-13290,-0.38615727257152677,-0.5707531965187495,-0.5218074656188606,0.0,0.27160493827160515,0.6,-0.9578023752363548,0.0,0.0,1.0,0.0,0.0,0.0,2.94
STU-14389,0.2765119068014379,0.0,1.5449901768172891,0.26987951807228916,0.549382716049383,-1.0,0.44065520831120225,1.0,0.0,1.0,0.0,0.0,0.0,5.94
STU-13985,0.14151105019701787,-0.07607177393359882,-0.3944990176817289,1.419277108433735,-1.0308641975308641,1.0,-0.6801674137967666,1.0,0.0,1.0,0.0,0.0,0.0,3.35
STU-10381,-0.9021757752270005,-0.10658644031374252,0.3049115913555992,2.0650602409638554,0.29629629629629656,0.6,0.38924132656313043,0.0,0.0,0.0,0.0,1.0,0.0,3.92
STU-13234,0.22443035806064698,-0.5157408402277855,0.5736738703339883,0.46987951807228917,-0.35185185185185147,-0.2,-0.6081879793494656,0.0,0.0,0.0,1.0,0.0,0.0,3.86
STU-12124,0.029809833818741683,-1.1556892661437628,-0.18074656188605118,-0.22650602409638562,-0.4999999999999997,-0.2,-0.23800803076334703,0.0,0.0,0.0,0.0,1.0,0.0,3.88
STU-12801,-1.1152989549426078,-0.5488342108090689,0.0,0.0,0.4938271604938276,0.2,-1.3485478765217016,0.0,0.0,0.0,0.0,0.0,1.0,2.33
STU-12376,-1.2297413054651367,-0.29827011926506924,-0.6035363457760315,0.5084337349397589,1.0432098765432105,0.8,-0.07348360916951749,0.0,0.0,0.0,0.0,0.0,1.0,4.27
STU-11495,-0.6136714065444586,-0.33738046631567675,-0.34106090373280945,-0.8771084337349397,0.27160493827160515,0.8,-0.0015041747222164304,1.0,1.0,0.0,0.0,0.0,0.0,3.88
STU-12378,-0.0942264862086698,0.5273450091329106,0.9115913555992141,0.2867469879518071,-0.4629629629629629,1.4,1.2015806581826676,1.0,0.0,1.0,0.0,0.0,0.0,5.79
STU-12620,-1.081720061675519,-0.3231975932094127,-0.16188605108055001,-0.31807228915662655,-1.0185185185185182,0.8,-0.7624296245936818,0.0,0.0,0.0,1.0,0.0,0.0,2.69
STU-14988,-0.032550967962995274,0.07908026216825999,0.4903732809430258,0.0,0.5555555555555557,0.0,0.4303724319615881,0.0,0.0,0.0,0.0,0.0,1.0,4.47
STU-14452,-0.07229741305465183,0.23337273020307264,0.2970530451866406,1.4265060240963854,-0.38271604938271553,1.6,0.6051796299050327,0.0,0.0,0.0,0.0,0.0,1.0,4.94
STU-11273,-0.975501113585747,-1.3680025787042014,-1.7304518664047155,0.30361445783132524,0.14814814814814828,-0.2,-1.029781809683656,0.0,1.0,0.0,0.0,0.0,0.0,1.31
STU-13135,0.03597738564330933,-0.013323305039217892,0.5202357563850689,-0.23614457831325308,0.7345679012345686,0.0,0.10132358877392715,0.0,0.0,0.0,0.0,1.0,0.0,4.71
STU-12641,-1.00085660442008,0.005587192435800815,0.1838899803536346,-0.18795180722891572,0.0,-0.4,0.23499968131891508,1.0,0.0,0.0,0.0,0.0,1.0,3.97
STU-12551,0.9988007538118888,0.5273450091329106,1.3469548133595284,-0.9036144578313252,-0.22222222222222185,0.4,-0.042635280120674045,0.0,0.0,1.0,0.0,0.0,0.0,5.85
STU-10645,-0.05105362343669724,0.34984420328784793,0.19332023575638516,0.6240963855421686,0.16049382716049423,1.0,0.18358579957084237,1.0,0.0,0.0,0.0,0.0,1.0,4.92
STU-10382,0.2004454342984398,0.4095841839475664,0.6459724950884089,0.0,0.0,-1.0,0.8416834859461642,1.0,0.0,0.0,0.0,0.0,1.0,5.8
STU-14286,0.49237622066129777,0.5273450091329106,0.5721021611001966,-0.32289156626506016,0.7839506172839503,0.8,0.11160636512354223,0.0,0.0,0.0,0.0,1.0,0.0,5.32
STU-12342,-0.5650162754839818,-0.05458257225744108,-1.068762278978389,0.28915662650602414,-0.24691358024691323,0.6,0.16302024687161404,0.0,0.0,0.0,0.0,0.0,1.0,2.89
STU-13924,0.9988007538118888,0.5273450091329106,0.1838899803536346,-0.0048192771084338455,0.7777777777777776,-0.6,0.0,0.0,1.0,0.0,0.0,0.0,0.0,5.8
STU-12218,-0.5965393181428824,0.17535188567744703,0.24047151277013745,-0.5831325301204819,0.03703703703703734,0.8,-0.6493190847479232,0.0,0.0,0.0,0.0,1.0,0.0,4.2
STU-14810,-1.6189823539489472,-0.7422370258944885,0.25461689587426345,-0.4,0.049382716049382755,0.8,-0.5156429922029362,1.0,0.0,0.0,1.0,0.0,0.0,3.85
STU-13711,-0.5382902175775239,-0.21790050499623972,1.018467583497053,-0.8409638554216867,-0.06172839506172817,0.6,1.3249739743780404,1.0,0.0,0.0,0.0,0.0,1.0,4.67
STU-12121,0.10793215692992897,0.5273450091329106,0.3316306483300589,-0.26746987951807233,1.4567901234567908,1.6,-0.30998746521064807,0.0,0.0,1.0,0.0,0.0,0.0,4.05
STU-14531,-1.5079664211067334,0.04684645965402339,-1.2149312377210217,0.3108433734939759,-0.339506172839506,0.2,-0.13518026726720345,0.0,0.0,0.0,1.0,0.0,0.0,2.4
STU-13683,-0.5191022785677586,-0.14999462769958136,-0.38821218074656205,0.2,0.40123456790123474,-1.0,-0.47451188680447853,1.0,0.0,0.0,0.0,0.0,1.0,4.09
STU-13270,-0.2600651019359271,0.31116364027076376,0.24361493123772118,0.3493975903614458,0.9814814814814813,-0.4,0.11160636512354223,0.0,0.0,0.0,1.0,0.0,0.0,3.82
STU-12999,0.8076066472502985,0.09283335124100126,-0.3677799607072692,0.8867469879518071,-0.9320987654320986,1.0,-0.08376638551913165,0.0,1.0,0.0,0.0,0.0,0.0,4.42
STU-11481,0.8576323453829012,0.5273450091329106,0.25461689587426345,2.84578313253012,-0.493827160493827,-0.6,-0.5773396503006221,0.0,0.0,0.0,0.0,0.0,1.0,4.05
STU-12484,0.7322254582833638,0.5273450091329106,1.3500982318271124,-0.5734939759036145,-0.19135802469135776,0.2,0.24528245766852924,1.0,0.0,0.0,0.0,0.0,1.0,5.38
STU-11799,-1.161212951858832,-0.2763511335553887,-0.38664047151277003,-0.8771084337349397,0.7839506172839503,0.0,-0.22772525441373284,0.0,0.0,1.0,0.0,0.0,0.0,3.68
STU-12247,0.39232482439609345,0.5273450091329106,1.7886051080550103,1.1975903614457832,0.14814814814814828,0.6,1.3249739743780404,1.0,0.0,0.0,0.0,0.0,1.0,6.4
STU-14009,-0.37930443721089674,-0.2832276780917591,0.22475442043222002,1.4891566265060239,-0.03703703703703679,0.0,0.5743313008561892,0.0,0.0,0.0,0.0,1.0,0.0,4.54
STU-12233,-0.20592770258694598,0.5200386805630168,-0.532809430255403,0.5783132530120483,0.833333333333333,-0.2,-0.9166712698378972,0.0,0.0,0.0,1.0,0.0,0.0,3.61
STU-12518,0.9988007538118888,0.1448372192973027,0.1241650294695483,-1.069879518072289,-0.33333333333333276,0.6,0.5743313008561892,0.0,0.0,0.0,0.0,0.0,1.0,4.39
STU-14769,-0.04008908685968874,-2.090899323090148,-1.456974459724951,-0.9951807228915661,0.7160493827160495,-0.2,-0.09404916186874583,1.0,0.0,0.0,0.0,0.0,1.0,3.78
STU-11979,0.6561589857803658,-0.9459546577844636,-0.8990176817288803,0.7421686746987951,-0.33333333333333276,0.8,-0.9989334806348125,0.0,0.0,0.0,0.0,1.0,0.0,3.86
STU-11274,0.0,0.5273450091329106,0.5783889980353635,0.6554216867469881,-0.5370370370370365,-0.2,0.6668762880027196,0.0,0.0,0.0,0.0,0.0,1.0,5.69
STU-13643,0.5883159157101245,-1.0095626947458907,0.07229862475442057,0.08674698795180709,0.7222222222222221,1.0,1.0576217892880664,0.0,0.0,0.0,1.0,0.0,0.0,4.89
STU-10618,-0.46085317800239906,-0.030944450413667085,0.3756385068762281,0.6361445783132531,0.4382716049382721,-0.6,0.20415135227007164,0.0,0.0,0.0,0.0,0.0,1.0,4.08
STU-12709,0.246359431214664,0.5071451595573223,1.244793713163065,-1.1566265060240966,0.17283950617283964,0.0,1.3249739743780404,0.0,0.0,0.0,0.0,0.0,1.0,5.68
STU-11516,-0.114784992290561,0.002578704201139026,-0.14931237721021604,-0.050602409638554204,-0.5617283950617279,-0.4,-0.5773396503006221,1.0,0.0,0.0,0.0,1.0,0.0,4.16
STU-10850,0.18605448004111627,-0.5879445578596758,-0.42278978388998034,0.3156626506024095,-1.129629629629629,0.2,0.8828145913446218,1.0,0.0,1.0,0.0,0.0,0.0,4.25
STU-13623,-0.09559705328079562,0.2540023638121843,0.34106090373280945,0.48192771084337344,-1.6543209876543208,-0.4,-0.15574581996643272,1.0,0.0,0.0,0.0,1.0,0.0,4.03
STU-14034,-0.4026040774370405,-0.0893950789728161,0.11473477406679773,0.9879518072289155,0.5185185185185189,1.2,-1.0606301387324992,0.0,1.0,0.0,0.0,0.0,0.0,3.37
STU-11549,0.07435326366284006,0.5273450091329106,0.9383104125736741,0.36144578313253006,0.43209876543209885,0.8,1.2632773162803546,1.0,0.0,0.0,1.0,0.0,0.0,5.24
STU-10744,-0.16481069042316362,-0.0038680563017085383,0.6223968565815327,1.0265060240963855,-1.3086419753086413,-0.2,0.5126346427585032,0.0,0.0,1.0,0.0,0.0,0.0,4.01
STU-11325,0.02158643138598482,0.5273450091329106,1.477406679764244,-0.04096385542168673,0.42592592592592615,0.0,0.9033801440438501,0.0,0.0,0.0,0.0,0.0,1.0,6.01
STU-14186,0.0,0.24497689910819828,-0.2216110019646366,-0.05783132530120486,0.26543209876543244,0.2,0.9959251311903796,0.0,0.0,1.0,0.0,0.0,0.0,4.92
STU-12272,-0.6760322083261955,-0.17750080584506328,-0.875442043222004,0.5373493975903613,-0.7098765432098761,0.2,-1.04006458603327,0.0,0.0,0.0,0.0,0.0,1.0,3.4
STU-10698,0.21072468733938587,0.5273450091329106,-0.017288801571709148,0.5469879518072288,0.2407407407407411,0.0,-1.184023454927872,0.0,0.0,1.0,0.0,0.0,0.0,4.21
STU-10810,0.0,0.2518534436445686,-0.2719056974459726,-0.6891566265060242,-0.7098765432098761,0.6,-0.16602859631604688,0.0,0.0,0.0,0.0,0.0,1.0,3.13
STU-11214,0.6013363028953224,0.0,-0.6176817288801573,-0.6698795180722892,0.25925925925925974,-0.6,0.7285729461004056,0.0,0.0,0.0,0.0,1.0,0.0,4.04
STU-14367,0.6876820284392655,0.49983883098742865,0.0,0.21686746987951794,0.2469135802469138,-0.6,0.2144341286196858,1.0,0.0,0.0,0.0,0.0,1.0,5.32
STU-10728,-0.1278053794757587,0.5273450091329106,1.219646365422397,-0.18795180722891572,-0.5740740740740738,-0.8,0.8005523805477066,0.0,0.0,0.0,1.0,0.0,0.0,4.68
STU-13578,-1.9294157957855067,0.0068765445363703276,-1.001178781925344,0.4626506024096385,-0.1358024691358023,-1.0,0.16302024687161404,1.0,1.0,0.0,0.0,0.0,0.0,3.78
STU-14845,-0.5088230255268125,-0.6867948855700013,0.012573673870334002,-0.619277108433735,0.0,0.8,-1.3896789819201594,1.0,0.0,0.0,0.0,1.0,0.0,3.04
STU-14405,0.3587459311290036,-0.9691629955947136,0.0,-0.10361445783132543,-0.648148148148148,0.6,0.8005523805477066,0.0,0.0,0.0,0.0,1.0,0.0,3.96
STU-10802,0.03049511735480508,0.5273450091329106,1.9253438113948926,-0.672289156626506,0.19135802469135832,0.4,0.0,0.0,0.0,1.0,0.0,0.0,0.0,5.56
STU-14473,-0.23745074524584667,0.5273450091329106,-0.875442043222004,0.2120481927710843,-0.32098765432098736,-0.4,-0.834409059040982,0.0,0.0,0.0,0.0,0.0,1.0,3.52
STU-12741,0.30255268117183426,-0.6691737401955521,-0.707269155206287,0.5614457831325301,-0.4259259259259256,0.0,-0.12489749091758927,0.0,0.0,0.0,1.0,0.0,0.0,3.66
STU-10476,-0.5471989035463432,-0.8234662082303648,0.0,-0.4626506024096386,0.30864197530864196,0.6,0.12188914147315641,1.0,0.0,0.0,0.0,1.0,0.0,2.93
STU-12140,-0.043515504540003774,0.2707639411195873,0.41335952848723007,-0.8819277108433734,-0.03703703703703679,1.2,0.6360279589538761,1.0,0.0,0.0,1.0,0.0,0.0,4.9
STU-11307,-0.07298269659071523,0.25228322767809136,-0.15717092337917488,1.212048192771084,0.5740740740740744,0.0,0.8622490386453926,1.0,1.0,0.0,0.0,0.0,0.0,5.13
STU-13930,0.5499400376905939,0.5273450091329106,-0.13988212180746573,0.7975903614457832,-0.09876543209876497,-0.6,0.18358579957084237,0.0,1.0,0.0,0.0,0.0,0.0,5.12
STU-10806,0.03392153503512012,-0.6790587729665842,-0.38664047151277003,2.269879518072289,0.12962962962963015,-1.0,-1.04006458603327,0.0,0.0,0.0,0.0,0.0,1.0,3.57
STU-10144,0.7000171320884008,0.5273450091329106,0.7842829076620826,1.1951807228915658,0.030864197530864633,-0.6,-0.042635280120674045,1.0,1.0,0.0,0.0,0.0,0.0,5.57
STU-11389,0.47387356518759577,0.5273450091329106,0.24204322200392947,-0.7783132530120482,0.04320987654321005,0.4,-0.032352503771059866,0.0,0.0,0.0,0.0,1.0,0.0,4.93
STU-10596,-0.5691279767003602,-0.9846352208015478,-0.2561886051080549,-0.0626506024096385,0.26543209876543244,-0.6,-0.7932779536425244,0.0,1.0,0.0,0.0,0.0,0.0,2.82
STU-13721,0.83707383930101,-0.22606640163317956,-0.47465618860510805,0.02891566265060243,0.4444444444444448,0.2,-0.3511185706091057,0.0,0.0,0.0,1.0,0.0,0.0,3.73
STU-10167,0.4094569127976696,0.5273450091329106,0.4432220039292732,-0.25542168674698806,-0.10493827160493822,2.0,-0.3408357942594915,0.0,0.0,0.0,0.0,1.0,0.0,5.31
STU-12512,-0.10107932156929987,0.19555173525303524,-0.4542239685658155,0.0,1.2345679012345678,-0.6,-0.834409059040982,0.0,0.0,0.0,0.0,1.0,0.0,3.87
STU-14104,0.02569813260236325,0.5273450091329106,0.5249508840864441,-0.6674698795180722,0.5246913580246917,-0.4,0.039626930676241186,0.0,0.0,0.0,0.0,0.0,1.0,5.11
STU-10943,-0.4019187939009771,-0.2123133125604383,0.22946954813359546,0.01445783132530111,1.1790123456790123,0.4,0.0807580360746988,0.0,0.0,0.0,0.0,0.0,1.0,4.4
STU-13117,-0.6493061504197367,-0.15601160416890555,-0.004715127701375146,-0.2120481927710843,-0.19135802469135776,0.8,-0.772712400943296,0.0,0.0,1.0,0.0,0.0,0.0,3.81
STU-12180,0.18742504711324207,0.31116364027076376,-0.12888015717092344,0.0,0.19753086419753102,0.4,-0.3819668996579491,0.0,0.0,0.0,0.0,0.0,1.0,4.23
STU-10269,0.0,0.5273450091329106,0.5406679764243615,0.125301204819277,-0.45679012345678965,0.8,-0.24829080711296211,0.0,0.0,0.0,0.0,1.0,0.0,4.71
STU-11608,0.1209525441151267,-0.4443966906629421,-1.188212180746562,2.4409638554216864,-0.24074074074074053,-0.4,-0.41281522870679255,0.0,0.0,0.0,1.0,0.0,0.0,3.28
STU-14067,0.35806064759294115,0.006016976469324189,-0.20589390962671916,-0.22168674698795177,0.6975308641975313,-0.2,-0.41281522870679255,1.0,0.0,1.0,0.0,0.0,0.0,5.3
STU-10350,0.44509165667294776,0.3262060814440739,0.6051080550098232,-0.20963855421686747,-0.37654320987654283,-0.6,0.42008965561197387,0.0,0.0,0.0,0.0,1.0,0.0,4.64
STU-13521,0.5965393181428805,-0.3408187385838619,0.048722986247544293,0.125301204819277,-0.21604938271604915,1.4,-0.011786951071830606,0.0,0.0,0.0,0.0,0.0,1.0,4.37
STU-12051,0.9988007538118888,0.5273450091329106,0.0,0.6771084337349398,-1.0246913580246908,-0.4,0.29669633941660106,0.0,0.0,0.0,0.0,0.0,1.0,5.8
STU-13915,0.16344012335103586,0.15171376383367363,0.4055009823182712,-0.8602409638554217,-0.3641975308641974,1.4,-1.6159000616116765,0.0,0.0,0.0,0.0,1.0,0.0,3.05
STU-14949,0.04488607161212862,0.5273450091329106,0.9320235756385072,0.5855421686746987,-0.8518518518518517,-1.0,0.2555652340181434,0.0,0.0,0.0,0.0,1.0,0.0,5.02
STU-13146,-0.41356861401404904,0.5256258729988177,0.009430255402750571,0.2120481927710843,0.6481481481481486,-0.2,0.24528245766852924,0.0,0.0,0.0,0.0,0.0,1.0,4.56
STU-11181,0.9988007538118888,0.383367357902654,0.8534381139489198,0.8433734939759036,-0.7716049382716049,0.2,1.232428987231511,0.0,0.0,0.0,1.0,0.0,0.0,5.63
STU-14896,0.3875278396436516,-0.40786504781347416,0.11159135559921429,0.4963855421686746,-0.45679012345678965,-1.0,1.3249739743780404,1.0,0.0,0.0,1.0,0.0,0.0,4.49
STU-10084,-0.30597909885215124,-0.36144837219297354,0.11316306483300602,-0.09879518072289159,0.0864197530864201,-0.2,-0.17631137266566105,1.0,0.0,0.0,0.0,1.0,0.0,3.87
STU-13691,-0.2634915196162421,0.25830020414741556,0.13202357563850686,-0.9228915662650602,0.13580246913580285,-0.6,-0.6698846374471524,0.0,0.0,0.0,0.0,1.0,0.0,4.64
STU-12781,-0.1024498886414257,0.5273450091329106,1.2557956777996073,-0.8819277108433734,1.0246913580246915,0.4,0.0,0.0,0.0,0.0,0.0,1.0,0.0,4.62
STU-11548,-0.5300668151447671,-0.7456752981626736,-0.7166994106090374,-0.25783132530120484,1.1358024691358024,0.2,-0.43338078140602093,0.0,1.0,0.0,0.0,0.0,0.0,3.71
STU-11329,0.916566729484323,0.5273450091329106,0.6129666011787821,-0.35662650602409646,-1.9197530864197525,-0.6,0.04990970702585536,1.0,0.0,0.0,0.0,1.0,0.0,4.73
STU-14232,0.0,0.5273450091329106,-1.1662082514734775,1.1662650602409637,0.5925925925925931,0.6,0.6463107353034903,1.0,0.0,0.0,0.0,0.0,1.0,5.48
STU-11203,-0.011307178345040688,0.5273450091329106,1.0121807465618862,-0.9734939759036144,-0.5246913580246911,-0.2,0.6874418407019479,0.0,0.0,0.0,1.0,0.0,0.0,4.82
STU-11012,-0.3436696933356186,0.5273450091329106,-0.011001964636542285,-0.3831325301204819,0.833333333333333,1.6,-0.26885635981219047,0.0,0.0,0.0,1.0,0.0,0.0,3.73
STU-12593,-0.5773513791331171,0.5273450091329106,1.1677799607072696,-0.40481927710843385,0.364197530864198,0.6,0.18358579957084237,0.0,0.0,0.0,0.0,1.0,0.0,5.22
STU-10540,0.9398663697104669,0.5273450091329106,0.4935166994106092,-0.10602409638554225,0.4444444444444448,1.2,1.088470118336909,1.0,0.0,0.0,0.0,0.0,1.0,5.89
STU-10053,-0.573924961452802,-0.5114429998925543,0.1823182711198429,-0.20481927710843384,0.19753086419753102,1.0,0.4612207610104315,1.0,0.0,0.0,0.0,0.0,1.0,3.83
STU-14713,-0.5458283364742174,-0.32706564951112066,-0.8927308447937132,1.306024096385542,0.9629629629629632,-0.4,-0.9680851515859699,0.0,1.0,0.0,0.0,0.0,0.0,3.09
STU-14770,0.45879732739420886,0.4676050284731921,0.24204322200392947,-0.5686746987951807,-0.8271604938271604,0.8,1.0164906838896088,0.0,0.0,0.0,0.0,1.0,0.0,4.94
STU-14795,0.24841528182285322,0.03051466638014371,0.21060903732809433,-0.6602409638554216,0.40123456790123474,0.4,1.3249739743780404,1.0,0.0,1.0,0.0,0.0,0.0,4.93
STU-11812,0.0,-0.5359406898033738,-0.20589390962671916,-0.2771084337349398,1.2716049382716053,0.0,-1.2868512184240157,1.0,0.0,0.0,0.0,0.0,1.0,3.86
STU-14720,-0.183998629432929,-0.825185344364457,-0.5139489194499018,-0.5325301204819277,0.7654320987654322,0.0,-0.24829080711296211,1.0,0.0,0.0,0.0,1.0,0.0,3.5
STU-12547,-0.2669179372965571,-0.8393682174707211,-0.7308447937131631,0.026506024096385403,0.049382716049382755,0.6,-0.5773396503006221,0.0,0.0,0.0,0.0,0.0,1.0,3.23
STU-12309,-1.4277882473873569,-0.8367895132695821,-0.10530451866404716,-0.11084337349397588,0.5740740740740744,-0.6,-0.7418640718944526,1.0,0.0,0.0,1.0,0.0,0.0,3.67
STU-11391,0.79664211067329,0.2488449554099062,0.15717092337917488,-0.6289156626506024,1.1543209876543215,0.2,1.3249739743780404,0.0,1.0,0.0,0.0,0.0,0.0,5.35
STU-12840,0.9988007538118888,0.5273450091329106,1.1127701375245582,0.10120481927710841,0.03703703703703734,-1.0,0.1733030232212282,1.0,0.0,0.0,0.0,1.0,0.0,5.32
STU-14628,0.36491348295357123,0.5273450091329106,0.0,0.0,0.0,1.8,-0.3408357942594915,0.0,1.0,0.0,0.0,0.0,0.0,4.54
STU-12954,0.9988007538118888,0.5273450091329106,1.2227897838899804,0.0,-0.604938271604938,0.0,0.0,1.0,0.0,0.0,1.0,0.0,0.0,5.43
STU-11751,0.31009080006852774,0.2952616310304068,0.6318271119842832,-0.672289156626506,1.9197530864197536,0.6,-0.37168412330833495,0.0,0.0,0.0,1.0,0.0,0.0,4.51
STU-10961,0.19016618125749468,0.049854947888685795,0.8612966601178781,1.1084337349397588,-0.19135802469135776,-0.6,1.3249739743780404,0.0,0.0,0.0,0.0,0.0,1.0,6.02
STU-12181,0.3176289189652212,0.5273450091329106,0.5108055009823184,-0.07710843373493982,-1.3024691358024687,-0.4,-0.26885635981219047,0.0,0.0,0.0,1.0,0.0,0.0,3.51
STU-13149,0.4087716292616062,0.30342752766734726,-0.21689587426326118,0.39759036144578297,0.6296296296296293,-1.0,1.1912978818330535,0.0,0.0,0.0,1.0,0.0,0.0,4.64
STU-12557,-0.1970190166181267,-1.244654561083056,-0.5925343811394892,-0.35180722891566263,1.166666666666667,0.4,0.24528245766852924,0.0,0.0,0.0,0.0,1.0,0.0,3.26
STU-13569,0.4985437724858654,-0.9025464703986248,-0.7591355599214147,-0.13975903614457832,-0.012345679012345415,-1.0,0.29669633941660106,1.0,0.0,0.0,1.0,0.0,0.0,4.02
STU-14169,-0.13123179715607375,0.07048458149779739,-1.0860510805500985,1.869879518072289,-1.438271604938271,0.6,-0.978367927935584,0.0,1.0,0.0,0.0,0.0,0.0,3.62
STU-10141,0.9988007538118888,0.23294294616954989,0.28447937131630663,1.8096385542168674,0.703703703703704,0.6,0.2247169049693,0.0,0.0,0.0,1.0,0.0,0.0,4.49
STU-10889,-0.435497687168067,-0.036961426882991276,-0.4888015717092338,-0.6698795180722892,0.4506172839506175,1.8,-0.3511185706091057,0.0,0.0,0.0,1.0,0.0,0.0,3.42
